dEQP-VK.tessellation.common_edge.quads_equal_spacing	Pass	OK
dEQP-VK.tessellation.common_edge.quads_equal_spacing_precise	Pass	OK
dEQP-VK.tessellation.common_edge.quads_fractional_even_spacing	Pass	OK
dEQP-VK.tessellation.common_edge.quads_fractional_even_spacing_precise	Pass	OK
dEQP-VK.tessellation.common_edge.quads_fractional_odd_spacing	Pass	OK
dEQP-VK.tessellation.common_edge.quads_fractional_odd_spacing_precise	Pass	OK
dEQP-VK.tessellation.common_edge.triangles_equal_spacing	Pass	OK
dEQP-VK.tessellation.common_edge.triangles_equal_spacing_precise	Pass	OK
dEQP-VK.tessellation.common_edge.triangles_fractional_even_spacing	Pass	OK
dEQP-VK.tessellation.common_edge.triangles_fractional_even_spacing_precise	Pass	OK
dEQP-VK.tessellation.common_edge.triangles_fractional_odd_spacing	Pass	OK
dEQP-VK.tessellation.common_edge.triangles_fractional_odd_spacing_precise	Pass	OK
dEQP-VK.tessellation.fractional_spacing.glsl_even	Pass	OK
dEQP-VK.tessellation.fractional_spacing.glsl_odd	Pass	OK
dEQP-VK.tessellation.fractional_spacing.hlsl_even	Pass	OK
dEQP-VK.tessellation.fractional_spacing.hlsl_odd	Pass	OK
dEQP-VK.tessellation.misc_draw.fill_cover_quads_equal_spacing_draw	Pass	OK
dEQP-VK.tessellation.misc_draw.fill_cover_quads_equal_spacing_draw_indirect	Pass	OK
dEQP-VK.tessellation.misc_draw.fill_cover_quads_fractional_even_spacing_draw	Pass	OK
dEQP-VK.tessellation.misc_draw.fill_cover_quads_fractional_even_spacing_draw_indirect	Pass	OK
dEQP-VK.tessellation.misc_draw.fill_cover_quads_fractional_odd_spacing_draw	Pass	OK
dEQP-VK.tessellation.misc_draw.fill_cover_quads_fractional_odd_spacing_draw_indirect	Pass	OK
dEQP-VK.tessellation.misc_draw.fill_cover_triangles_equal_spacing_draw	Pass	OK
dEQP-VK.tessellation.misc_draw.fill_cover_triangles_equal_spacing_draw_indirect	Pass	OK
dEQP-VK.tessellation.misc_draw.fill_cover_triangles_fractional_even_spacing_draw	Pass	OK
dEQP-VK.tessellation.misc_draw.fill_cover_triangles_fractional_even_spacing_draw_indirect	Pass	OK
dEQP-VK.tessellation.misc_draw.fill_cover_triangles_fractional_odd_spacing_draw	Pass	OK
dEQP-VK.tessellation.misc_draw.fill_cover_triangles_fractional_odd_spacing_draw_indirect	Pass	OK
dEQP-VK.tessellation.misc_draw.fill_overlap_quads_equal_spacing_draw	Pass	OK
dEQP-VK.tessellation.misc_draw.fill_overlap_quads_equal_spacing_draw_indirect	Pass	OK
dEQP-VK.tessellation.misc_draw.fill_overlap_quads_fractional_even_spacing_draw	Pass	OK
dEQP-VK.tessellation.misc_draw.fill_overlap_quads_fractional_even_spacing_draw_indirect	Pass	OK
dEQP-VK.tessellation.misc_draw.fill_overlap_quads_fractional_odd_spacing_draw	Pass	OK
dEQP-VK.tessellation.misc_draw.fill_overlap_quads_fractional_odd_spacing_draw_indirect	Pass	OK
dEQP-VK.tessellation.misc_draw.fill_overlap_triangles_equal_spacing_draw	Pass	OK
dEQP-VK.tessellation.misc_draw.fill_overlap_triangles_equal_spacing_draw_indirect	Pass	OK
dEQP-VK.tessellation.misc_draw.fill_overlap_triangles_fractional_even_spacing_draw	Pass	OK
dEQP-VK.tessellation.misc_draw.fill_overlap_triangles_fractional_even_spacing_draw_indirect	Pass	OK
dEQP-VK.tessellation.misc_draw.fill_overlap_triangles_fractional_odd_spacing_draw	Pass	OK
dEQP-VK.tessellation.misc_draw.fill_overlap_triangles_fractional_odd_spacing_draw_indirect	Pass	OK
dEQP-VK.tessellation.misc_draw.isolines_equal_spacing_draw	Pass	OK
dEQP-VK.tessellation.misc_draw.isolines_equal_spacing_draw_indirect	Pass	OK
dEQP-VK.tessellation.misc_draw.isolines_fractional_even_spacing_draw	Pass	OK
dEQP-VK.tessellation.misc_draw.isolines_fractional_even_spacing_draw_indirect	Pass	OK
dEQP-VK.tessellation.misc_draw.isolines_fractional_odd_spacing_draw	Pass	OK
dEQP-VK.tessellation.misc_draw.isolines_fractional_odd_spacing_draw_indirect	Pass	OK
dEQP-VK.tessellation.misc_draw.non_zero_vertex_instance	Pass	Pass
dEQP-VK.tessellation.misc_draw.non_zero_vertex_instance_indirect_draw	Pass	Pass
dEQP-VK.tessellation.misc_draw.quads_instances	Pass	Pass
dEQP-VK.tessellation.misc_draw.quads_no_patches	Pass	Pass
dEQP-VK.tessellation.misc_draw.switch_domain_origin_lower_left_to_upper_left	Pass	Pass
dEQP-VK.tessellation.misc_draw.switch_domain_origin_lower_left_to_upper_left_fast_lib	Pass	Pass
dEQP-VK.tessellation.misc_draw.switch_domain_origin_lower_left_to_upper_left_shader_objects	NotSupported	VK_EXT_shader_object not supported at vkPipelineConstructionUtil.cpp:207
dEQP-VK.tessellation.misc_draw.switch_domain_origin_lower_left_to_upper_left_with_geom_shader	Pass	Pass
dEQP-VK.tessellation.misc_draw.switch_domain_origin_lower_left_to_upper_left_with_geom_shader_fast_lib	Pass	Pass
dEQP-VK.tessellation.misc_draw.switch_domain_origin_lower_left_to_upper_left_with_geom_shader_shader_objects	NotSupported	VK_EXT_shader_object not supported at vkPipelineConstructionUtil.cpp:207
dEQP-VK.tessellation.misc_draw.switch_domain_origin_upper_left_to_lower_left	Pass	Pass
dEQP-VK.tessellation.misc_draw.switch_domain_origin_upper_left_to_lower_left_fast_lib	Pass	Pass
dEQP-VK.tessellation.misc_draw.switch_domain_origin_upper_left_to_lower_left_shader_objects	NotSupported	VK_EXT_shader_object not supported at vkPipelineConstructionUtil.cpp:207
dEQP-VK.tessellation.misc_draw.switch_domain_origin_upper_left_to_lower_left_with_geom_shader	Pass	Pass
dEQP-VK.tessellation.misc_draw.switch_domain_origin_upper_left_to_lower_left_with_geom_shader_fast_lib	Pass	Pass
dEQP-VK.tessellation.misc_draw.switch_domain_origin_upper_left_to_lower_left_with_geom_shader_shader_objects	NotSupported	VK_EXT_shader_object not supported at vkPipelineConstructionUtil.cpp:207
dEQP-VK.tessellation.misc_draw.switch_out_vertices_3_to_4	Pass	Pass
dEQP-VK.tessellation.misc_draw.switch_out_vertices_3_to_4_fast_lib	Pass	Pass
dEQP-VK.tessellation.misc_draw.switch_out_vertices_3_to_4_shader_objects	NotSupported	VK_EXT_shader_object not supported at vkPipelineConstructionUtil.cpp:207
dEQP-VK.tessellation.misc_draw.switch_out_vertices_3_to_4_with_geom_shader	Pass	Pass
dEQP-VK.tessellation.misc_draw.switch_out_vertices_3_to_4_with_geom_shader_fast_lib	Pass	Pass
dEQP-VK.tessellation.misc_draw.switch_out_vertices_3_to_4_with_geom_shader_shader_objects	NotSupported	VK_EXT_shader_object not supported at vkPipelineConstructionUtil.cpp:207
dEQP-VK.tessellation.misc_draw.switch_out_vertices_4_to_3	Pass	Pass
dEQP-VK.tessellation.misc_draw.switch_out_vertices_4_to_3_fast_lib	Pass	Pass
dEQP-VK.tessellation.misc_draw.switch_out_vertices_4_to_3_shader_objects	NotSupported	VK_EXT_shader_object not supported at vkPipelineConstructionUtil.cpp:207
dEQP-VK.tessellation.misc_draw.switch_out_vertices_4_to_3_with_geom_shader	Pass	Pass
dEQP-VK.tessellation.misc_draw.switch_out_vertices_4_to_3_with_geom_shader_fast_lib	Pass	Pass
dEQP-VK.tessellation.misc_draw.switch_out_vertices_4_to_3_with_geom_shader_shader_objects	NotSupported	VK_EXT_shader_object not supported at vkPipelineConstructionUtil.cpp:207
dEQP-VK.tessellation.misc_draw.switch_primitive_quads_to_triangles	Pass	Pass
dEQP-VK.tessellation.misc_draw.switch_primitive_quads_to_triangles_fast_lib	Pass	Pass
dEQP-VK.tessellation.misc_draw.switch_primitive_quads_to_triangles_shader_objects	NotSupported	VK_EXT_shader_object not supported at vkPipelineConstructionUtil.cpp:207
dEQP-VK.tessellation.misc_draw.switch_primitive_quads_to_triangles_with_geom_shader	Pass	Pass
dEQP-VK.tessellation.misc_draw.switch_primitive_quads_to_triangles_with_geom_shader_fast_lib	Pass	Pass
dEQP-VK.tessellation.misc_draw.switch_primitive_quads_to_triangles_with_geom_shader_shader_objects	NotSupported	VK_EXT_shader_object not supported at vkPipelineConstructionUtil.cpp:207
dEQP-VK.tessellation.misc_draw.switch_primitive_triangles_to_quads	Pass	Pass
dEQP-VK.tessellation.misc_draw.switch_primitive_triangles_to_quads_fast_lib	Pass	Pass
dEQP-VK.tessellation.misc_draw.switch_primitive_triangles_to_quads_shader_objects	NotSupported	VK_EXT_shader_object not supported at vkPipelineConstructionUtil.cpp:207
dEQP-VK.tessellation.misc_draw.switch_primitive_triangles_to_quads_with_geom_shader	Pass	Pass
dEQP-VK.tessellation.misc_draw.switch_primitive_triangles_to_quads_with_geom_shader_fast_lib	Pass	Pass
dEQP-VK.tessellation.misc_draw.switch_primitive_triangles_to_quads_with_geom_shader_shader_objects	NotSupported	VK_EXT_shader_object not supported at vkPipelineConstructionUtil.cpp:207
dEQP-VK.tessellation.misc_draw.switch_spacing_mode_equal_spacing_to_fractional_even_spacing	Pass	Pass
dEQP-VK.tessellation.misc_draw.switch_spacing_mode_equal_spacing_to_fractional_even_spacing_fast_lib	Pass	Pass
dEQP-VK.tessellation.misc_draw.switch_spacing_mode_equal_spacing_to_fractional_even_spacing_shader_objects	NotSupported	VK_EXT_shader_object not supported at vkPipelineConstructionUtil.cpp:207
dEQP-VK.tessellation.misc_draw.switch_spacing_mode_equal_spacing_to_fractional_even_spacing_with_geom_shader	Pass	Pass
dEQP-VK.tessellation.misc_draw.switch_spacing_mode_equal_spacing_to_fractional_even_spacing_with_geom_shader_fast_lib	Pass	Pass
dEQP-VK.tessellation.misc_draw.switch_spacing_mode_equal_spacing_to_fractional_even_spacing_with_geom_shader_shader_objects	NotSupported	VK_EXT_shader_object not supported at vkPipelineConstructionUtil.cpp:207
dEQP-VK.tessellation.misc_draw.switch_spacing_mode_equal_spacing_to_fractional_odd_spacing	Pass	Pass
dEQP-VK.tessellation.misc_draw.switch_spacing_mode_equal_spacing_to_fractional_odd_spacing_fast_lib	Pass	Pass
dEQP-VK.tessellation.misc_draw.switch_spacing_mode_equal_spacing_to_fractional_odd_spacing_shader_objects	NotSupported	VK_EXT_shader_object not supported at vkPipelineConstructionUtil.cpp:207
dEQP-VK.tessellation.misc_draw.switch_spacing_mode_equal_spacing_to_fractional_odd_spacing_with_geom_shader	Pass	Pass
dEQP-VK.tessellation.misc_draw.switch_spacing_mode_equal_spacing_to_fractional_odd_spacing_with_geom_shader_fast_lib	Pass	Pass
dEQP-VK.tessellation.misc_draw.switch_spacing_mode_equal_spacing_to_fractional_odd_spacing_with_geom_shader_shader_objects	NotSupported	VK_EXT_shader_object not supported at vkPipelineConstructionUtil.cpp:207
dEQP-VK.tessellation.misc_draw.switch_spacing_mode_fractional_even_spacing_to_equal_spacing	Pass	Pass
dEQP-VK.tessellation.misc_draw.switch_spacing_mode_fractional_even_spacing_to_equal_spacing_fast_lib	Pass	Pass
dEQP-VK.tessellation.misc_draw.switch_spacing_mode_fractional_even_spacing_to_equal_spacing_shader_objects	NotSupported	VK_EXT_shader_object not supported at vkPipelineConstructionUtil.cpp:207
dEQP-VK.tessellation.misc_draw.switch_spacing_mode_fractional_even_spacing_to_equal_spacing_with_geom_shader	Pass	Pass
dEQP-VK.tessellation.misc_draw.switch_spacing_mode_fractional_even_spacing_to_equal_spacing_with_geom_shader_fast_lib	Pass	Pass
dEQP-VK.tessellation.misc_draw.switch_spacing_mode_fractional_even_spacing_to_equal_spacing_with_geom_shader_shader_objects	NotSupported	VK_EXT_shader_object not supported at vkPipelineConstructionUtil.cpp:207
dEQP-VK.tessellation.misc_draw.switch_spacing_mode_fractional_even_spacing_to_fractional_odd_spacing	Pass	Pass
dEQP-VK.tessellation.misc_draw.switch_spacing_mode_fractional_even_spacing_to_fractional_odd_spacing_fast_lib	Pass	Pass
dEQP-VK.tessellation.misc_draw.switch_spacing_mode_fractional_even_spacing_to_fractional_odd_spacing_shader_objects	NotSupported	VK_EXT_shader_object not supported at vkPipelineConstructionUtil.cpp:207
dEQP-VK.tessellation.misc_draw.switch_spacing_mode_fractional_even_spacing_to_fractional_odd_spacing_with_geom_shader	Pass	Pass
dEQP-VK.tessellation.misc_draw.switch_spacing_mode_fractional_even_spacing_to_fractional_odd_spacing_with_geom_shader_fast_lib	Pass	Pass
dEQP-VK.tessellation.misc_draw.switch_spacing_mode_fractional_even_spacing_to_fractional_odd_spacing_with_geom_shader_shader_objects	NotSupported	VK_EXT_shader_object not supported at vkPipelineConstructionUtil.cpp:207
dEQP-VK.tessellation.misc_draw.switch_spacing_mode_fractional_odd_spacing_to_equal_spacing	Pass	Pass
dEQP-VK.tessellation.misc_draw.switch_spacing_mode_fractional_odd_spacing_to_equal_spacing_fast_lib	Pass	Pass
dEQP-VK.tessellation.misc_draw.switch_spacing_mode_fractional_odd_spacing_to_equal_spacing_shader_objects	NotSupported	VK_EXT_shader_object not supported at vkPipelineConstructionUtil.cpp:207
dEQP-VK.tessellation.misc_draw.switch_spacing_mode_fractional_odd_spacing_to_equal_spacing_with_geom_shader	Pass	Pass
dEQP-VK.tessellation.misc_draw.switch_spacing_mode_fractional_odd_spacing_to_equal_spacing_with_geom_shader_fast_lib	Pass	Pass
dEQP-VK.tessellation.misc_draw.switch_spacing_mode_fractional_odd_spacing_to_equal_spacing_with_geom_shader_shader_objects	NotSupported	VK_EXT_shader_object not supported at vkPipelineConstructionUtil.cpp:207
dEQP-VK.tessellation.misc_draw.switch_spacing_mode_fractional_odd_spacing_to_fractional_even_spacing	Pass	Pass
dEQP-VK.tessellation.misc_draw.switch_spacing_mode_fractional_odd_spacing_to_fractional_even_spacing_fast_lib	Pass	Pass
dEQP-VK.tessellation.misc_draw.switch_spacing_mode_fractional_odd_spacing_to_fractional_even_spacing_shader_objects	NotSupported	VK_EXT_shader_object not supported at vkPipelineConstructionUtil.cpp:207
dEQP-VK.tessellation.misc_draw.switch_spacing_mode_fractional_odd_spacing_to_fractional_even_spacing_with_geom_shader	Pass	Pass
dEQP-VK.tessellation.misc_draw.switch_spacing_mode_fractional_odd_spacing_to_fractional_even_spacing_with_geom_shader_fast_lib	Pass	Pass
dEQP-VK.tessellation.misc_draw.switch_spacing_mode_fractional_odd_spacing_to_fractional_even_spacing_with_geom_shader_shader_objects	NotSupported	VK_EXT_shader_object not supported at vkPipelineConstructionUtil.cpp:207
dEQP-VK.tessellation.misc_draw.tess_factor_barrier_bug	Timeout	no output for 60s, process killed
dEQP-VK.tessellation.misc_draw.triangles_instances	Pass	Pass
dEQP-VK.tessellation.misc_draw.triangles_no_patches	Pass	Pass
dEQP-VK.tessellation.primitive_discard.isolines_equal_spacing_ccw	Pass	OK
dEQP-VK.tessellation.primitive_discard.isolines_equal_spacing_ccw_point_mode	Pass	OK
dEQP-VK.tessellation.primitive_discard.isolines_equal_spacing_cw	Pass	OK
dEQP-VK.tessellation.primitive_discard.isolines_equal_spacing_cw_point_mode	Pass	OK
dEQP-VK.tessellation.primitive_discard.isolines_fractional_even_spacing_ccw	Pass	OK
dEQP-VK.tessellation.primitive_discard.isolines_fractional_even_spacing_ccw_point_mode	Pass	OK
dEQP-VK.tessellation.primitive_discard.isolines_fractional_even_spacing_cw	Pass	OK
dEQP-VK.tessellation.primitive_discard.isolines_fractional_even_spacing_cw_point_mode	Pass	OK
dEQP-VK.tessellation.primitive_discard.isolines_fractional_odd_spacing_ccw	Pass	OK
dEQP-VK.tessellation.primitive_discard.isolines_fractional_odd_spacing_ccw_point_mode	Pass	OK
dEQP-VK.tessellation.primitive_discard.isolines_fractional_odd_spacing_cw	Pass	OK
dEQP-VK.tessellation.primitive_discard.isolines_fractional_odd_spacing_cw_point_mode	Pass	OK
dEQP-VK.tessellation.primitive_discard.quads_equal_spacing_ccw	Pass	OK
dEQP-VK.tessellation.primitive_discard.quads_equal_spacing_ccw_point_mode	Pass	OK
dEQP-VK.tessellation.primitive_discard.quads_equal_spacing_cw	Pass	OK
dEQP-VK.tessellation.primitive_discard.quads_equal_spacing_cw_point_mode	Pass	OK
dEQP-VK.tessellation.primitive_discard.quads_fractional_even_spacing_ccw	Pass	OK
dEQP-VK.tessellation.primitive_discard.quads_fractional_even_spacing_ccw_point_mode	Pass	OK
dEQP-VK.tessellation.primitive_discard.quads_fractional_even_spacing_cw	Pass	OK
dEQP-VK.tessellation.primitive_discard.quads_fractional_even_spacing_cw_point_mode	Pass	OK
dEQP-VK.tessellation.primitive_discard.quads_fractional_odd_spacing_ccw	Pass	OK
dEQP-VK.tessellation.primitive_discard.quads_fractional_odd_spacing_ccw_point_mode	Pass	OK
dEQP-VK.tessellation.primitive_discard.quads_fractional_odd_spacing_ccw_point_mode_valid_levels	Pass	OK
dEQP-VK.tessellation.primitive_discard.quads_fractional_odd_spacing_ccw_valid_levels	Pass	OK
dEQP-VK.tessellation.primitive_discard.quads_fractional_odd_spacing_cw	Pass	OK
dEQP-VK.tessellation.primitive_discard.quads_fractional_odd_spacing_cw_point_mode	Pass	OK
dEQP-VK.tessellation.primitive_discard.quads_fractional_odd_spacing_cw_point_mode_valid_levels	Pass	OK
dEQP-VK.tessellation.primitive_discard.quads_fractional_odd_spacing_cw_valid_levels	Pass	OK
dEQP-VK.tessellation.primitive_discard.triangles_equal_spacing_ccw	Pass	OK
dEQP-VK.tessellation.primitive_discard.triangles_equal_spacing_ccw_point_mode	Pass	OK
dEQP-VK.tessellation.primitive_discard.triangles_equal_spacing_cw	Pass	OK
dEQP-VK.tessellation.primitive_discard.triangles_equal_spacing_cw_point_mode	Pass	OK
dEQP-VK.tessellation.primitive_discard.triangles_fractional_even_spacing_ccw	Pass	OK
dEQP-VK.tessellation.primitive_discard.triangles_fractional_even_spacing_ccw_point_mode	Pass	OK
dEQP-VK.tessellation.primitive_discard.triangles_fractional_even_spacing_cw	Pass	OK
dEQP-VK.tessellation.primitive_discard.triangles_fractional_even_spacing_cw_point_mode	Pass	OK
dEQP-VK.tessellation.primitive_discard.triangles_fractional_odd_spacing_ccw	Pass	OK
dEQP-VK.tessellation.primitive_discard.triangles_fractional_odd_spacing_ccw_point_mode	Pass	OK
dEQP-VK.tessellation.primitive_discard.triangles_fractional_odd_spacing_ccw_point_mode_valid_levels	Pass	OK
dEQP-VK.tessellation.primitive_discard.triangles_fractional_odd_spacing_ccw_valid_levels	Pass	OK
dEQP-VK.tessellation.primitive_discard.triangles_fractional_odd_spacing_cw	Pass	OK
dEQP-VK.tessellation.primitive_discard.triangles_fractional_odd_spacing_cw_point_mode	Pass	OK
dEQP-VK.tessellation.primitive_discard.triangles_fractional_odd_spacing_cw_point_mode_valid_levels	Pass	OK
dEQP-VK.tessellation.primitive_discard.triangles_fractional_odd_spacing_cw_valid_levels	Pass	OK
dEQP-VK.tessellation.winding.default_domain.glsl_quads_ccw	Pass	OK
dEQP-VK.tessellation.winding.default_domain.glsl_quads_ccw_yflip	Pass	OK
dEQP-VK.tessellation.winding.default_domain.glsl_quads_cw	Pass	OK
dEQP-VK.tessellation.winding.default_domain.glsl_quads_cw_yflip	Pass	OK
dEQP-VK.tessellation.winding.default_domain.glsl_triangles_ccw	Pass	OK
dEQP-VK.tessellation.winding.default_domain.glsl_triangles_ccw_yflip	Pass	OK
dEQP-VK.tessellation.winding.default_domain.glsl_triangles_cw	Pass	OK
dEQP-VK.tessellation.winding.default_domain.glsl_triangles_cw_yflip	Pass	OK
dEQP-VK.tessellation.winding.default_domain.hlsl_quads_ccw	Pass	OK
dEQP-VK.tessellation.winding.default_domain.hlsl_quads_ccw_yflip	Pass	OK
dEQP-VK.tessellation.winding.default_domain.hlsl_quads_cw	Pass	OK
dEQP-VK.tessellation.winding.default_domain.hlsl_quads_cw_yflip	Pass	OK
dEQP-VK.tessellation.winding.default_domain.hlsl_triangles_ccw	Pass	OK
dEQP-VK.tessellation.winding.default_domain.hlsl_triangles_ccw_yflip	Pass	OK
dEQP-VK.tessellation.winding.default_domain.hlsl_triangles_cw	Pass	OK
dEQP-VK.tessellation.winding.default_domain.hlsl_triangles_cw_yflip	Pass	OK
dEQP-VK.tessellation.winding.lower_left_domain.glsl_quads_ccw	Pass	OK
dEQP-VK.tessellation.winding.lower_left_domain.glsl_quads_ccw_yflip	Pass	OK
dEQP-VK.tessellation.winding.lower_left_domain.glsl_quads_cw	Pass	OK
dEQP-VK.tessellation.winding.lower_left_domain.glsl_quads_cw_yflip	Pass	OK
dEQP-VK.tessellation.winding.lower_left_domain.glsl_triangles_ccw	Pass	OK
dEQP-VK.tessellation.winding.lower_left_domain.glsl_triangles_ccw_yflip	Pass	OK
dEQP-VK.tessellation.winding.lower_left_domain.glsl_triangles_cw	Pass	OK
dEQP-VK.tessellation.winding.lower_left_domain.glsl_triangles_cw_yflip	Pass	OK
dEQP-VK.tessellation.winding.lower_left_domain.hlsl_quads_ccw	Pass	OK
dEQP-VK.tessellation.winding.lower_left_domain.hlsl_quads_ccw_yflip	Pass	OK
dEQP-VK.tessellation.winding.lower_left_domain.hlsl_quads_cw	Pass	OK
dEQP-VK.tessellation.winding.lower_left_domain.hlsl_quads_cw_yflip	Pass	OK
dEQP-VK.tessellation.winding.lower_left_domain.hlsl_triangles_ccw	Pass	OK
dEQP-VK.tessellation.winding.lower_left_domain.hlsl_triangles_ccw_yflip	Pass	OK
dEQP-VK.tessellation.winding.lower_left_domain.hlsl_triangles_cw	Pass	OK
dEQP-VK.tessellation.winding.lower_left_domain.hlsl_triangles_cw_yflip	Pass	OK
dEQP-VK.tessellation.winding.upper_left_domain.glsl_quads_ccw	Pass	OK
dEQP-VK.tessellation.winding.upper_left_domain.glsl_quads_ccw_yflip	Pass	OK
dEQP-VK.tessellation.winding.upper_left_domain.glsl_quads_cw	Pass	OK
dEQP-VK.tessellation.winding.upper_left_domain.glsl_quads_cw_yflip	Pass	OK
dEQP-VK.tessellation.winding.upper_left_domain.glsl_triangles_ccw	Pass	OK
dEQP-VK.tessellation.winding.upper_left_domain.glsl_triangles_ccw_yflip	Pass	OK
dEQP-VK.tessellation.winding.upper_left_domain.glsl_triangles_cw	Pass	OK
dEQP-VK.tessellation.winding.upper_left_domain.glsl_triangles_cw_yflip	Pass	OK
dEQP-VK.tessellation.winding.upper_left_domain.hlsl_quads_ccw	Pass	OK
dEQP-VK.tessellation.winding.upper_left_domain.hlsl_quads_ccw_yflip	Pass	OK
dEQP-VK.tessellation.winding.upper_left_domain.hlsl_quads_cw	Pass	OK
dEQP-VK.tessellation.winding.upper_left_domain.hlsl_quads_cw_yflip	Pass	OK
dEQP-VK.tessellation.winding.upper_left_domain.hlsl_triangles_ccw	Pass	OK
dEQP-VK.tessellation.winding.upper_left_domain.hlsl_triangles_ccw_yflip	Pass	OK
dEQP-VK.tessellation.winding.upper_left_domain.hlsl_triangles_cw	Pass	OK
dEQP-VK.tessellation.winding.upper_left_domain.hlsl_triangles_cw_yflip	Pass	OK
