dEQP-VK.tessellation.tess_io.level_io.tcs_writes0_inner_1	Pass	Passed
dEQP-VK.tessellation.tess_io.level_io.tcs_writes0_inner_all	Pass	Passed
dEQP-VK.tessellation.tess_io.level_io.tcs_writes0_outer_1	Pass	Passed
dEQP-VK.tessellation.tess_io.level_io.tcs_writes0_outer_all	Pass	Passed
dEQP-VK.tessellation.tess_io.level_io.tcs_writes0_outer_inner	Pass	Passed
dEQP-VK.tessellation.tess_io.level_io.tes_reads_both	Pass	Passed
dEQP-VK.tessellation.tess_io.level_io.tes_reads_inner	Pass	Passed
dEQP-VK.tessellation.tess_io.level_io.tes_reads_outer	Pass	Passed
dEQP-VK.tessellation.tess_io.max_in_out.32_bits_only.permutation_0.tcs_patch_writes_reads_tes_na	Pass	Pass
dEQP-VK.tessellation.tess_io.max_in_out.32_bits_only.permutation_0.tcs_patch_writes_reads_tes_reads	Pass	Pass
dEQP-VK.tessellation.tess_io.max_in_out.32_bits_only.permutation_0.tcs_patch_writes_tes_na	Pass	Pass
dEQP-VK.tessellation.tess_io.max_in_out.32_bits_only.permutation_0.tcs_patch_writes_tes_reads	Pass	Pass
dEQP-VK.tessellation.tess_io.max_in_out.32_bits_only.permutation_0.tcs_vert_writes_reads_tes_na	Pass	Pass
dEQP-VK.tessellation.tess_io.max_in_out.32_bits_only.permutation_0.tcs_vert_writes_reads_tes_reads	Pass	Pass
dEQP-VK.tessellation.tess_io.max_in_out.32_bits_only.permutation_0.tcs_vert_writes_tes_na	Pass	Pass
dEQP-VK.tessellation.tess_io.max_in_out.32_bits_only.permutation_0.tcs_vert_writes_tes_reads	Pass	Pass
dEQP-VK.tessellation.tess_io.max_in_out.32_bits_only.permutation_1.tcs_patch_writes_reads_tes_na	Pass	Pass
dEQP-VK.tessellation.tess_io.max_in_out.32_bits_only.permutation_1.tcs_patch_writes_reads_tes_reads	Pass	Pass
dEQP-VK.tessellation.tess_io.max_in_out.32_bits_only.permutation_1.tcs_patch_writes_tes_na	Pass	Pass
dEQP-VK.tessellation.tess_io.max_in_out.32_bits_only.permutation_1.tcs_patch_writes_tes_reads	Pass	Pass
dEQP-VK.tessellation.tess_io.max_in_out.32_bits_only.permutation_1.tcs_vert_writes_reads_tes_na	Pass	Pass
dEQP-VK.tessellation.tess_io.max_in_out.32_bits_only.permutation_1.tcs_vert_writes_reads_tes_reads	Pass	Pass
dEQP-VK.tessellation.tess_io.max_in_out.32_bits_only.permutation_1.tcs_vert_writes_tes_na	Pass	Pass
dEQP-VK.tessellation.tess_io.max_in_out.32_bits_only.permutation_1.tcs_vert_writes_tes_reads	Pass	Pass
dEQP-VK.tessellation.tess_io.max_in_out.32_bits_only.permutation_2.tcs_patch_writes_reads_tes_na	Pass	Pass
dEQP-VK.tessellation.tess_io.max_in_out.32_bits_only.permutation_2.tcs_patch_writes_reads_tes_reads	Pass	Pass
dEQP-VK.tessellation.tess_io.max_in_out.32_bits_only.permutation_2.tcs_patch_writes_tes_na	Pass	Pass
dEQP-VK.tessellation.tess_io.max_in_out.32_bits_only.permutation_2.tcs_patch_writes_tes_reads	Pass	Pass
dEQP-VK.tessellation.tess_io.max_in_out.32_bits_only.permutation_2.tcs_vert_writes_reads_tes_na	Pass	Pass
dEQP-VK.tessellation.tess_io.max_in_out.32_bits_only.permutation_2.tcs_vert_writes_reads_tes_reads	Pass	Pass
dEQP-VK.tessellation.tess_io.max_in_out.32_bits_only.permutation_2.tcs_vert_writes_tes_na	Pass	Pass
dEQP-VK.tessellation.tess_io.max_in_out.32_bits_only.permutation_2.tcs_vert_writes_tes_reads	Pass	Pass
dEQP-VK.tessellation.tess_io.max_in_out.32_bits_only.permutation_3.tcs_patch_writes_reads_tes_na	Pass	Pass
dEQP-VK.tessellation.tess_io.max_in_out.32_bits_only.permutation_3.tcs_patch_writes_reads_tes_reads	Pass	Pass
dEQP-VK.tessellation.tess_io.max_in_out.32_bits_only.permutation_3.tcs_patch_writes_tes_na	Pass	Pass
dEQP-VK.tessellation.tess_io.max_in_out.32_bits_only.permutation_3.tcs_patch_writes_tes_reads	Pass	Pass
dEQP-VK.tessellation.tess_io.max_in_out.32_bits_only.permutation_3.tcs_vert_writes_reads_tes_na	Pass	Pass
dEQP-VK.tessellation.tess_io.max_in_out.32_bits_only.permutation_3.tcs_vert_writes_reads_tes_reads	Pass	Pass
dEQP-VK.tessellation.tess_io.max_in_out.32_bits_only.permutation_3.tcs_vert_writes_tes_na	Pass	Pass
dEQP-VK.tessellation.tess_io.max_in_out.32_bits_only.permutation_3.tcs_vert_writes_tes_reads	Pass	Pass
dEQP-VK.tessellation.tess_io.max_in_out.32_bits_only.permutation_4.tcs_patch_writes_reads_tes_na	Pass	Pass
dEQP-VK.tessellation.tess_io.max_in_out.32_bits_only.permutation_4.tcs_patch_writes_reads_tes_reads	Pass	Pass
dEQP-VK.tessellation.tess_io.max_in_out.32_bits_only.permutation_4.tcs_patch_writes_tes_na	Pass	Pass
dEQP-VK.tessellation.tess_io.max_in_out.32_bits_only.permutation_4.tcs_patch_writes_tes_reads	Pass	Pass
dEQP-VK.tessellation.tess_io.max_in_out.32_bits_only.permutation_4.tcs_vert_writes_reads_tes_na	Pass	Pass
dEQP-VK.tessellation.tess_io.max_in_out.32_bits_only.permutation_4.tcs_vert_writes_reads_tes_reads	Pass	Pass
dEQP-VK.tessellation.tess_io.max_in_out.32_bits_only.permutation_4.tcs_vert_writes_tes_na	Pass	Pass
dEQP-VK.tessellation.tess_io.max_in_out.32_bits_only.permutation_4.tcs_vert_writes_tes_reads	Pass	Pass
dEQP-VK.tessellation.tess_io.max_in_out.32_bits_only.permutation_5.tcs_patch_writes_reads_tes_na	Pass	Pass
dEQP-VK.tessellation.tess_io.max_in_out.32_bits_only.permutation_5.tcs_patch_writes_reads_tes_reads	Pass	Pass
dEQP-VK.tessellation.tess_io.max_in_out.32_bits_only.permutation_5.tcs_patch_writes_tes_na	Pass	Pass
dEQP-VK.tessellation.tess_io.max_in_out.32_bits_only.permutation_5.tcs_patch_writes_tes_reads	Pass	Pass
dEQP-VK.tessellation.tess_io.max_in_out.32_bits_only.permutation_5.tcs_vert_writes_reads_tes_na	Pass	Pass
dEQP-VK.tessellation.tess_io.max_in_out.32_bits_only.permutation_5.tcs_vert_writes_reads_tes_reads	Pass	Pass
dEQP-VK.tessellation.tess_io.max_in_out.32_bits_only.permutation_5.tcs_vert_writes_tes_na	Pass	Pass
dEQP-VK.tessellation.tess_io.max_in_out.32_bits_only.permutation_5.tcs_vert_writes_tes_reads	Pass	Pass
dEQP-VK.tessellation.tess_io.max_in_out.32_bits_only.permutation_6.tcs_patch_writes_reads_tes_na	Pass	Pass
dEQP-VK.tessellation.tess_io.max_in_out.32_bits_only.permutation_6.tcs_patch_writes_reads_tes_reads	Pass	Pass
dEQP-VK.tessellation.tess_io.max_in_out.32_bits_only.permutation_6.tcs_patch_writes_tes_na	Pass	Pass
dEQP-VK.tessellation.tess_io.max_in_out.32_bits_only.permutation_6.tcs_patch_writes_tes_reads	Pass	Pass
dEQP-VK.tessellation.tess_io.max_in_out.32_bits_only.permutation_6.tcs_vert_writes_reads_tes_na	Pass	Pass
dEQP-VK.tessellation.tess_io.max_in_out.32_bits_only.permutation_6.tcs_vert_writes_reads_tes_reads	Pass	Pass
dEQP-VK.tessellation.tess_io.max_in_out.32_bits_only.permutation_6.tcs_vert_writes_tes_na	Pass	Pass
dEQP-VK.tessellation.tess_io.max_in_out.32_bits_only.permutation_6.tcs_vert_writes_tes_reads	Pass	Pass
dEQP-VK.tessellation.tess_io.max_in_out.32_bits_only.permutation_7.tcs_patch_writes_reads_tes_na	Pass	Pass
dEQP-VK.tessellation.tess_io.max_in_out.32_bits_only.permutation_7.tcs_patch_writes_reads_tes_reads	Pass	Pass
dEQP-VK.tessellation.tess_io.max_in_out.32_bits_only.permutation_7.tcs_patch_writes_tes_na	Pass	Pass
dEQP-VK.tessellation.tess_io.max_in_out.32_bits_only.permutation_7.tcs_patch_writes_tes_reads	Pass	Pass
dEQP-VK.tessellation.tess_io.max_in_out.32_bits_only.permutation_7.tcs_vert_writes_reads_tes_na	Pass	Pass
dEQP-VK.tessellation.tess_io.max_in_out.32_bits_only.permutation_7.tcs_vert_writes_reads_tes_reads	Pass	Pass
dEQP-VK.tessellation.tess_io.max_in_out.32_bits_only.permutation_7.tcs_vert_writes_tes_na	Pass	Pass
dEQP-VK.tessellation.tess_io.max_in_out.32_bits_only.permutation_7.tcs_vert_writes_tes_reads	Pass	Pass
dEQP-VK.tessellation.tess_io.max_in_out.32_bits_only.permutation_8.tcs_patch_writes_reads_tes_na	Pass	Pass
dEQP-VK.tessellation.tess_io.max_in_out.32_bits_only.permutation_8.tcs_patch_writes_reads_tes_reads	Pass	Pass
dEQP-VK.tessellation.tess_io.max_in_out.32_bits_only.permutation_8.tcs_patch_writes_tes_na	Pass	Pass
dEQP-VK.tessellation.tess_io.max_in_out.32_bits_only.permutation_8.tcs_patch_writes_tes_reads	Pass	Pass
dEQP-VK.tessellation.tess_io.max_in_out.32_bits_only.permutation_8.tcs_vert_writes_reads_tes_na	Pass	Pass
dEQP-VK.tessellation.tess_io.max_in_out.32_bits_only.permutation_8.tcs_vert_writes_reads_tes_reads	Pass	Pass
dEQP-VK.tessellation.tess_io.max_in_out.32_bits_only.permutation_8.tcs_vert_writes_tes_na	Pass	Pass
dEQP-VK.tessellation.tess_io.max_in_out.32_bits_only.permutation_8.tcs_vert_writes_tes_reads	Pass	Pass
dEQP-VK.tessellation.tess_io.max_in_out.32_bits_only.permutation_9.tcs_patch_writes_reads_tes_na	Pass	Pass
dEQP-VK.tessellation.tess_io.max_in_out.32_bits_only.permutation_9.tcs_patch_writes_reads_tes_reads	Pass	Pass
dEQP-VK.tessellation.tess_io.max_in_out.32_bits_only.permutation_9.tcs_patch_writes_tes_na	Pass	Pass
dEQP-VK.tessellation.tess_io.max_in_out.32_bits_only.permutation_9.tcs_patch_writes_tes_reads	Pass	Pass
dEQP-VK.tessellation.tess_io.max_in_out.32_bits_only.permutation_9.tcs_vert_writes_reads_tes_na	Pass	Pass
dEQP-VK.tessellation.tess_io.max_in_out.32_bits_only.permutation_9.tcs_vert_writes_reads_tes_reads	Pass	Pass
dEQP-VK.tessellation.tess_io.max_in_out.32_bits_only.permutation_9.tcs_vert_writes_tes_na	Pass	Pass
dEQP-VK.tessellation.tess_io.max_in_out.32_bits_only.permutation_9.tcs_vert_writes_tes_reads	Pass	Pass
dEQP-VK.tessellation.tess_io.max_in_out.all_but_16_bits.permutation_0.tcs_patch_writes_reads_tes_na	NotSupported	Requested core feature is not supported: shaderFloat64 at vktTestCase.cpp:1498
dEQP-VK.tessellation.tess_io.max_in_out.all_but_16_bits.permutation_0.tcs_patch_writes_reads_tes_reads	NotSupported	Requested core feature is not supported: shaderFloat64 at vktTestCase.cpp:1498
dEQP-VK.tessellation.tess_io.max_in_out.all_but_16_bits.permutation_0.tcs_patch_writes_tes_na	NotSupported	Requested core feature is not supported: shaderFloat64 at vktTestCase.cpp:1498
dEQP-VK.tessellation.tess_io.max_in_out.all_but_16_bits.permutation_0.tcs_patch_writes_tes_reads	NotSupported	Requested core feature is not supported: shaderFloat64 at vktTestCase.cpp:1498
dEQP-VK.tessellation.tess_io.max_in_out.all_but_16_bits.permutation_0.tcs_vert_writes_reads_tes_na	NotSupported	Requested core feature is not supported: shaderFloat64 at vktTestCase.cpp:1498
dEQP-VK.tessellation.tess_io.max_in_out.all_but_16_bits.permutation_0.tcs_vert_writes_reads_tes_reads	NotSupported	Requested core feature is not supported: shaderFloat64 at vktTestCase.cpp:1498
dEQP-VK.tessellation.tess_io.max_in_out.all_but_16_bits.permutation_0.tcs_vert_writes_tes_na	NotSupported	Requested core feature is not supported: shaderFloat64 at vktTestCase.cpp:1498
dEQP-VK.tessellation.tess_io.max_in_out.all_but_16_bits.permutation_0.tcs_vert_writes_tes_reads	NotSupported	Requested core feature is not supported: shaderFloat64 at vktTestCase.cpp:1498
dEQP-VK.tessellation.tess_io.max_in_out.all_but_16_bits.permutation_1.tcs_patch_writes_reads_tes_na	NotSupported	Requested core feature is not supported: shaderFloat64 at vktTestCase.cpp:1498
dEQP-VK.tessellation.tess_io.max_in_out.all_but_16_bits.permutation_1.tcs_patch_writes_reads_tes_reads	NotSupported	Requested core feature is not supported: shaderFloat64 at vktTestCase.cpp:1498
dEQP-VK.tessellation.tess_io.max_in_out.all_but_16_bits.permutation_1.tcs_patch_writes_tes_na	NotSupported	Requested core feature is not supported: shaderFloat64 at vktTestCase.cpp:1498
dEQP-VK.tessellation.tess_io.max_in_out.all_but_16_bits.permutation_1.tcs_patch_writes_tes_reads	NotSupported	Requested core feature is not supported: shaderFloat64 at vktTestCase.cpp:1498
dEQP-VK.tessellation.tess_io.max_in_out.all_but_16_bits.permutation_1.tcs_vert_writes_reads_tes_na	NotSupported	Requested core feature is not supported: shaderFloat64 at vktTestCase.cpp:1498
dEQP-VK.tessellation.tess_io.max_in_out.all_but_16_bits.permutation_1.tcs_vert_writes_reads_tes_reads	NotSupported	Requested core feature is not supported: shaderFloat64 at vktTestCase.cpp:1498
dEQP-VK.tessellation.tess_io.max_in_out.all_but_16_bits.permutation_1.tcs_vert_writes_tes_na	NotSupported	Requested core feature is not supported: shaderFloat64 at vktTestCase.cpp:1498
dEQP-VK.tessellation.tess_io.max_in_out.all_but_16_bits.permutation_1.tcs_vert_writes_tes_reads	NotSupported	Requested core feature is not supported: shaderFloat64 at vktTestCase.cpp:1498
dEQP-VK.tessellation.tess_io.max_in_out.all_but_16_bits.permutation_2.tcs_patch_writes_reads_tes_na	NotSupported	Requested core feature is not supported: shaderFloat64 at vktTestCase.cpp:1498
dEQP-VK.tessellation.tess_io.max_in_out.all_but_16_bits.permutation_2.tcs_patch_writes_reads_tes_reads	NotSupported	Requested core feature is not supported: shaderFloat64 at vktTestCase.cpp:1498
dEQP-VK.tessellation.tess_io.max_in_out.all_but_16_bits.permutation_2.tcs_patch_writes_tes_na	NotSupported	Requested core feature is not supported: shaderFloat64 at vktTestCase.cpp:1498
dEQP-VK.tessellation.tess_io.max_in_out.all_but_16_bits.permutation_2.tcs_patch_writes_tes_reads	NotSupported	Requested core feature is not supported: shaderFloat64 at vktTestCase.cpp:1498
dEQP-VK.tessellation.tess_io.max_in_out.all_but_16_bits.permutation_2.tcs_vert_writes_reads_tes_na	NotSupported	Requested core feature is not supported: shaderFloat64 at vktTestCase.cpp:1498
dEQP-VK.tessellation.tess_io.max_in_out.all_but_16_bits.permutation_2.tcs_vert_writes_reads_tes_reads	NotSupported	Requested core feature is not supported: shaderFloat64 at vktTestCase.cpp:1498
dEQP-VK.tessellation.tess_io.max_in_out.all_but_16_bits.permutation_2.tcs_vert_writes_tes_na	NotSupported	Requested core feature is not supported: shaderFloat64 at vktTestCase.cpp:1498
dEQP-VK.tessellation.tess_io.max_in_out.all_but_16_bits.permutation_2.tcs_vert_writes_tes_reads	NotSupported	Requested core feature is not supported: shaderFloat64 at vktTestCase.cpp:1498
dEQP-VK.tessellation.tess_io.max_in_out.all_but_16_bits.permutation_3.tcs_patch_writes_reads_tes_na	NotSupported	Requested core feature is not supported: shaderFloat64 at vktTestCase.cpp:1498
dEQP-VK.tessellation.tess_io.max_in_out.all_but_16_bits.permutation_3.tcs_patch_writes_reads_tes_reads	NotSupported	Requested core feature is not supported: shaderFloat64 at vktTestCase.cpp:1498
dEQP-VK.tessellation.tess_io.max_in_out.all_but_16_bits.permutation_3.tcs_patch_writes_tes_na	NotSupported	Requested core feature is not supported: shaderFloat64 at vktTestCase.cpp:1498
dEQP-VK.tessellation.tess_io.max_in_out.all_but_16_bits.permutation_3.tcs_patch_writes_tes_reads	NotSupported	Requested core feature is not supported: shaderFloat64 at vktTestCase.cpp:1498
dEQP-VK.tessellation.tess_io.max_in_out.all_but_16_bits.permutation_3.tcs_vert_writes_reads_tes_na	NotSupported	Requested core feature is not supported: shaderFloat64 at vktTestCase.cpp:1498
dEQP-VK.tessellation.tess_io.max_in_out.all_but_16_bits.permutation_3.tcs_vert_writes_reads_tes_reads	NotSupported	Requested core feature is not supported: shaderFloat64 at vktTestCase.cpp:1498
dEQP-VK.tessellation.tess_io.max_in_out.all_but_16_bits.permutation_3.tcs_vert_writes_tes_na	NotSupported	Requested core feature is not supported: shaderFloat64 at vktTestCase.cpp:1498
dEQP-VK.tessellation.tess_io.max_in_out.all_but_16_bits.permutation_3.tcs_vert_writes_tes_reads	NotSupported	Requested core feature is not supported: shaderFloat64 at vktTestCase.cpp:1498
dEQP-VK.tessellation.tess_io.max_in_out.all_but_16_bits.permutation_4.tcs_patch_writes_reads_tes_na	NotSupported	Requested core feature is not supported: shaderFloat64 at vktTestCase.cpp:1498
dEQP-VK.tessellation.tess_io.max_in_out.all_but_16_bits.permutation_4.tcs_patch_writes_reads_tes_reads	NotSupported	Requested core feature is not supported: shaderFloat64 at vktTestCase.cpp:1498
dEQP-VK.tessellation.tess_io.max_in_out.all_but_16_bits.permutation_4.tcs_patch_writes_tes_na	NotSupported	Requested core feature is not supported: shaderFloat64 at vktTestCase.cpp:1498
dEQP-VK.tessellation.tess_io.max_in_out.all_but_16_bits.permutation_4.tcs_patch_writes_tes_reads	NotSupported	Requested core feature is not supported: shaderFloat64 at vktTestCase.cpp:1498
dEQP-VK.tessellation.tess_io.max_in_out.all_but_16_bits.permutation_4.tcs_vert_writes_reads_tes_na	NotSupported	Requested core feature is not supported: shaderFloat64 at vktTestCase.cpp:1498
dEQP-VK.tessellation.tess_io.max_in_out.all_but_16_bits.permutation_4.tcs_vert_writes_reads_tes_reads	NotSupported	Requested core feature is not supported: shaderFloat64 at vktTestCase.cpp:1498
dEQP-VK.tessellation.tess_io.max_in_out.all_but_16_bits.permutation_4.tcs_vert_writes_tes_na	NotSupported	Requested core feature is not supported: shaderFloat64 at vktTestCase.cpp:1498
dEQP-VK.tessellation.tess_io.max_in_out.all_but_16_bits.permutation_4.tcs_vert_writes_tes_reads	NotSupported	Requested core feature is not supported: shaderFloat64 at vktTestCase.cpp:1498
dEQP-VK.tessellation.tess_io.max_in_out.all_but_16_bits.permutation_5.tcs_patch_writes_reads_tes_na	NotSupported	Requested core feature is not supported: shaderFloat64 at vktTestCase.cpp:1498
dEQP-VK.tessellation.tess_io.max_in_out.all_but_16_bits.permutation_5.tcs_patch_writes_reads_tes_reads	NotSupported	Requested core feature is not supported: shaderFloat64 at vktTestCase.cpp:1498
dEQP-VK.tessellation.tess_io.max_in_out.all_but_16_bits.permutation_5.tcs_patch_writes_tes_na	NotSupported	Requested core feature is not supported: shaderFloat64 at vktTestCase.cpp:1498
dEQP-VK.tessellation.tess_io.max_in_out.all_but_16_bits.permutation_5.tcs_patch_writes_tes_reads	NotSupported	Requested core feature is not supported: shaderFloat64 at vktTestCase.cpp:1498
dEQP-VK.tessellation.tess_io.max_in_out.all_but_16_bits.permutation_5.tcs_vert_writes_reads_tes_na	NotSupported	Requested core feature is not supported: shaderFloat64 at vktTestCase.cpp:1498
dEQP-VK.tessellation.tess_io.max_in_out.all_but_16_bits.permutation_5.tcs_vert_writes_reads_tes_reads	NotSupported	Requested core feature is not supported: shaderFloat64 at vktTestCase.cpp:1498
dEQP-VK.tessellation.tess_io.max_in_out.all_but_16_bits.permutation_5.tcs_vert_writes_tes_na	NotSupported	Requested core feature is not supported: shaderFloat64 at vktTestCase.cpp:1498
dEQP-VK.tessellation.tess_io.max_in_out.all_but_16_bits.permutation_5.tcs_vert_writes_tes_reads	NotSupported	Requested core feature is not supported: shaderFloat64 at vktTestCase.cpp:1498
dEQP-VK.tessellation.tess_io.max_in_out.all_but_16_bits.permutation_6.tcs_patch_writes_reads_tes_na	NotSupported	Requested core feature is not supported: shaderFloat64 at vktTestCase.cpp:1498
dEQP-VK.tessellation.tess_io.max_in_out.all_but_16_bits.permutation_6.tcs_patch_writes_reads_tes_reads	NotSupported	Requested core feature is not supported: shaderFloat64 at vktTestCase.cpp:1498
dEQP-VK.tessellation.tess_io.max_in_out.all_but_16_bits.permutation_6.tcs_patch_writes_tes_na	NotSupported	Requested core feature is not supported: shaderFloat64 at vktTestCase.cpp:1498
dEQP-VK.tessellation.tess_io.max_in_out.all_but_16_bits.permutation_6.tcs_patch_writes_tes_reads	NotSupported	Requested core feature is not supported: shaderFloat64 at vktTestCase.cpp:1498
dEQP-VK.tessellation.tess_io.max_in_out.all_but_16_bits.permutation_6.tcs_vert_writes_reads_tes_na	NotSupported	Requested core feature is not supported: shaderFloat64 at vktTestCase.cpp:1498
dEQP-VK.tessellation.tess_io.max_in_out.all_but_16_bits.permutation_6.tcs_vert_writes_reads_tes_reads	NotSupported	Requested core feature is not supported: shaderFloat64 at vktTestCase.cpp:1498
dEQP-VK.tessellation.tess_io.max_in_out.all_but_16_bits.permutation_6.tcs_vert_writes_tes_na	NotSupported	Requested core feature is not supported: shaderFloat64 at vktTestCase.cpp:1498
dEQP-VK.tessellation.tess_io.max_in_out.all_but_16_bits.permutation_6.tcs_vert_writes_tes_reads	NotSupported	Requested core feature is not supported: shaderFloat64 at vktTestCase.cpp:1498
dEQP-VK.tessellation.tess_io.max_in_out.all_but_16_bits.permutation_7.tcs_patch_writes_reads_tes_na	NotSupported	Requested core feature is not supported: shaderFloat64 at vktTestCase.cpp:1498
dEQP-VK.tessellation.tess_io.max_in_out.all_but_16_bits.permutation_7.tcs_patch_writes_reads_tes_reads	NotSupported	Requested core feature is not supported: shaderFloat64 at vktTestCase.cpp:1498
dEQP-VK.tessellation.tess_io.max_in_out.all_but_16_bits.permutation_7.tcs_patch_writes_tes_na	NotSupported	Requested core feature is not supported: shaderFloat64 at vktTestCase.cpp:1498
dEQP-VK.tessellation.tess_io.max_in_out.all_but_16_bits.permutation_7.tcs_patch_writes_tes_reads	NotSupported	Requested core feature is not supported: shaderFloat64 at vktTestCase.cpp:1498
dEQP-VK.tessellation.tess_io.max_in_out.all_but_16_bits.permutation_7.tcs_vert_writes_reads_tes_na	NotSupported	Requested core feature is not supported: shaderFloat64 at vktTestCase.cpp:1498
dEQP-VK.tessellation.tess_io.max_in_out.all_but_16_bits.permutation_7.tcs_vert_writes_reads_tes_reads	NotSupported	Requested core feature is not supported: shaderFloat64 at vktTestCase.cpp:1498
dEQP-VK.tessellation.tess_io.max_in_out.all_but_16_bits.permutation_7.tcs_vert_writes_tes_na	NotSupported	Requested core feature is not supported: shaderFloat64 at vktTestCase.cpp:1498
dEQP-VK.tessellation.tess_io.max_in_out.all_but_16_bits.permutation_7.tcs_vert_writes_tes_reads	NotSupported	Requested core feature is not supported: shaderFloat64 at vktTestCase.cpp:1498
dEQP-VK.tessellation.tess_io.max_in_out.all_but_16_bits.permutation_8.tcs_patch_writes_reads_tes_na	NotSupported	Requested core feature is not supported: shaderFloat64 at vktTestCase.cpp:1498
dEQP-VK.tessellation.tess_io.max_in_out.all_but_16_bits.permutation_8.tcs_patch_writes_reads_tes_reads	NotSupported	Requested core feature is not supported: shaderFloat64 at vktTestCase.cpp:1498
dEQP-VK.tessellation.tess_io.max_in_out.all_but_16_bits.permutation_8.tcs_patch_writes_tes_na	NotSupported	Requested core feature is not supported: shaderFloat64 at vktTestCase.cpp:1498
dEQP-VK.tessellation.tess_io.max_in_out.all_but_16_bits.permutation_8.tcs_patch_writes_tes_reads	NotSupported	Requested core feature is not supported: shaderFloat64 at vktTestCase.cpp:1498
dEQP-VK.tessellation.tess_io.max_in_out.all_but_16_bits.permutation_8.tcs_vert_writes_reads_tes_na	NotSupported	Requested core feature is not supported: shaderFloat64 at vktTestCase.cpp:1498
dEQP-VK.tessellation.tess_io.max_in_out.all_but_16_bits.permutation_8.tcs_vert_writes_reads_tes_reads	NotSupported	Requested core feature is not supported: shaderFloat64 at vktTestCase.cpp:1498
dEQP-VK.tessellation.tess_io.max_in_out.all_but_16_bits.permutation_8.tcs_vert_writes_tes_na	NotSupported	Requested core feature is not supported: shaderFloat64 at vktTestCase.cpp:1498
dEQP-VK.tessellation.tess_io.max_in_out.all_but_16_bits.permutation_8.tcs_vert_writes_tes_reads	NotSupported	Requested core feature is not supported: shaderFloat64 at vktTestCase.cpp:1498
dEQP-VK.tessellation.tess_io.max_in_out.all_but_16_bits.permutation_9.tcs_patch_writes_reads_tes_na	NotSupported	Requested core feature is not supported: shaderFloat64 at vktTestCase.cpp:1498
dEQP-VK.tessellation.tess_io.max_in_out.all_but_16_bits.permutation_9.tcs_patch_writes_reads_tes_reads	NotSupported	Requested core feature is not supported: shaderFloat64 at vktTestCase.cpp:1498
dEQP-VK.tessellation.tess_io.max_in_out.all_but_16_bits.permutation_9.tcs_patch_writes_tes_na	NotSupported	Requested core feature is not supported: shaderFloat64 at vktTestCase.cpp:1498
dEQP-VK.tessellation.tess_io.max_in_out.all_but_16_bits.permutation_9.tcs_patch_writes_tes_reads	NotSupported	Requested core feature is not supported: shaderFloat64 at vktTestCase.cpp:1498
dEQP-VK.tessellation.tess_io.max_in_out.all_but_16_bits.permutation_9.tcs_vert_writes_reads_tes_na	NotSupported	Requested core feature is not supported: shaderFloat64 at vktTestCase.cpp:1498
dEQP-VK.tessellation.tess_io.max_in_out.all_but_16_bits.permutation_9.tcs_vert_writes_reads_tes_reads	NotSupported	Requested core feature is not supported: shaderFloat64 at vktTestCase.cpp:1498
dEQP-VK.tessellation.tess_io.max_in_out.all_but_16_bits.permutation_9.tcs_vert_writes_tes_na	NotSupported	Requested core feature is not supported: shaderFloat64 at vktTestCase.cpp:1498
dEQP-VK.tessellation.tess_io.max_in_out.all_but_16_bits.permutation_9.tcs_vert_writes_tes_reads	NotSupported	Requested core feature is not supported: shaderFloat64 at vktTestCase.cpp:1498
dEQP-VK.tessellation.tess_io.max_in_out.all_types.permutation_0.tcs_patch_writes_reads_tes_na	NotSupported	Requested core feature is not supported: shaderFloat64 at vktTestCase.cpp:1498
dEQP-VK.tessellation.tess_io.max_in_out.all_types.permutation_0.tcs_patch_writes_reads_tes_reads	NotSupported	Requested core feature is not supported: shaderFloat64 at vktTestCase.cpp:1498
dEQP-VK.tessellation.tess_io.max_in_out.all_types.permutation_0.tcs_patch_writes_tes_na	NotSupported	Requested core feature is not supported: shaderFloat64 at vktTestCase.cpp:1498
dEQP-VK.tessellation.tess_io.max_in_out.all_types.permutation_0.tcs_patch_writes_tes_reads	NotSupported	Requested core feature is not supported: shaderFloat64 at vktTestCase.cpp:1498
dEQP-VK.tessellation.tess_io.max_in_out.all_types.permutation_0.tcs_vert_writes_reads_tes_na	NotSupported	Requested core feature is not supported: shaderFloat64 at vktTestCase.cpp:1498
dEQP-VK.tessellation.tess_io.max_in_out.all_types.permutation_0.tcs_vert_writes_reads_tes_reads	NotSupported	Requested core feature is not supported: shaderFloat64 at vktTestCase.cpp:1498
dEQP-VK.tessellation.tess_io.max_in_out.all_types.permutation_0.tcs_vert_writes_tes_na	NotSupported	Requested core feature is not supported: shaderFloat64 at vktTestCase.cpp:1498
dEQP-VK.tessellation.tess_io.max_in_out.all_types.permutation_0.tcs_vert_writes_tes_reads	NotSupported	Requested core feature is not supported: shaderFloat64 at vktTestCase.cpp:1498
dEQP-VK.tessellation.tess_io.max_in_out.all_types.permutation_1.tcs_patch_writes_reads_tes_na	NotSupported	Requested core feature is not supported: shaderFloat64 at vktTestCase.cpp:1498
dEQP-VK.tessellation.tess_io.max_in_out.all_types.permutation_1.tcs_patch_writes_reads_tes_reads	NotSupported	Requested core feature is not supported: shaderFloat64 at vktTestCase.cpp:1498
dEQP-VK.tessellation.tess_io.max_in_out.all_types.permutation_1.tcs_patch_writes_tes_na	NotSupported	Requested core feature is not supported: shaderFloat64 at vktTestCase.cpp:1498
dEQP-VK.tessellation.tess_io.max_in_out.all_types.permutation_1.tcs_patch_writes_tes_reads	NotSupported	Requested core feature is not supported: shaderFloat64 at vktTestCase.cpp:1498
dEQP-VK.tessellation.tess_io.max_in_out.all_types.permutation_1.tcs_vert_writes_reads_tes_na	NotSupported	Requested core feature is not supported: shaderFloat64 at vktTestCase.cpp:1498
dEQP-VK.tessellation.tess_io.max_in_out.all_types.permutation_1.tcs_vert_writes_reads_tes_reads	NotSupported	Requested core feature is not supported: shaderFloat64 at vktTestCase.cpp:1498
dEQP-VK.tessellation.tess_io.max_in_out.all_types.permutation_1.tcs_vert_writes_tes_na	NotSupported	Requested core feature is not supported: shaderFloat64 at vktTestCase.cpp:1498
dEQP-VK.tessellation.tess_io.max_in_out.all_types.permutation_1.tcs_vert_writes_tes_reads	NotSupported	Requested core feature is not supported: shaderFloat64 at vktTestCase.cpp:1498
dEQP-VK.tessellation.tess_io.max_in_out.all_types.permutation_2.tcs_patch_writes_reads_tes_na	NotSupported	Requested core feature is not supported: shaderFloat64 at vktTestCase.cpp:1498
dEQP-VK.tessellation.tess_io.max_in_out.all_types.permutation_2.tcs_patch_writes_reads_tes_reads	NotSupported	Requested core feature is not supported: shaderFloat64 at vktTestCase.cpp:1498
dEQP-VK.tessellation.tess_io.max_in_out.all_types.permutation_2.tcs_patch_writes_tes_na	NotSupported	Requested core feature is not supported: shaderFloat64 at vktTestCase.cpp:1498
dEQP-VK.tessellation.tess_io.max_in_out.all_types.permutation_2.tcs_patch_writes_tes_reads	NotSupported	Requested core feature is not supported: shaderFloat64 at vktTestCase.cpp:1498
dEQP-VK.tessellation.tess_io.max_in_out.all_types.permutation_2.tcs_vert_writes_reads_tes_na	NotSupported	Requested core feature is not supported: shaderFloat64 at vktTestCase.cpp:1498
dEQP-VK.tessellation.tess_io.max_in_out.all_types.permutation_2.tcs_vert_writes_reads_tes_reads	NotSupported	Requested core feature is not supported: shaderFloat64 at vktTestCase.cpp:1498
dEQP-VK.tessellation.tess_io.max_in_out.all_types.permutation_2.tcs_vert_writes_tes_na	NotSupported	Requested core feature is not supported: shaderFloat64 at vktTestCase.cpp:1498
dEQP-VK.tessellation.tess_io.max_in_out.all_types.permutation_2.tcs_vert_writes_tes_reads	NotSupported	Requested core feature is not supported: shaderFloat64 at vktTestCase.cpp:1498
dEQP-VK.tessellation.tess_io.max_in_out.all_types.permutation_3.tcs_patch_writes_reads_tes_na	NotSupported	Requested core feature is not supported: shaderFloat64 at vktTestCase.cpp:1498
dEQP-VK.tessellation.tess_io.max_in_out.all_types.permutation_3.tcs_patch_writes_reads_tes_reads	NotSupported	Requested core feature is not supported: shaderFloat64 at vktTestCase.cpp:1498
dEQP-VK.tessellation.tess_io.max_in_out.all_types.permutation_3.tcs_patch_writes_tes_na	NotSupported	Requested core feature is not supported: shaderFloat64 at vktTestCase.cpp:1498
dEQP-VK.tessellation.tess_io.max_in_out.all_types.permutation_3.tcs_patch_writes_tes_reads	NotSupported	Requested core feature is not supported: shaderFloat64 at vktTestCase.cpp:1498
dEQP-VK.tessellation.tess_io.max_in_out.all_types.permutation_3.tcs_vert_writes_reads_tes_na	NotSupported	Requested core feature is not supported: shaderFloat64 at vktTestCase.cpp:1498
dEQP-VK.tessellation.tess_io.max_in_out.all_types.permutation_3.tcs_vert_writes_reads_tes_reads	NotSupported	Requested core feature is not supported: shaderFloat64 at vktTestCase.cpp:1498
dEQP-VK.tessellation.tess_io.max_in_out.all_types.permutation_3.tcs_vert_writes_tes_na	NotSupported	Requested core feature is not supported: shaderFloat64 at vktTestCase.cpp:1498
dEQP-VK.tessellation.tess_io.max_in_out.all_types.permutation_3.tcs_vert_writes_tes_reads	NotSupported	Requested core feature is not supported: shaderFloat64 at vktTestCase.cpp:1498
dEQP-VK.tessellation.tess_io.max_in_out.all_types.permutation_4.tcs_patch_writes_reads_tes_na	NotSupported	Requested core feature is not supported: shaderFloat64 at vktTestCase.cpp:1498
dEQP-VK.tessellation.tess_io.max_in_out.all_types.permutation_4.tcs_patch_writes_reads_tes_reads	NotSupported	Requested core feature is not supported: shaderFloat64 at vktTestCase.cpp:1498
dEQP-VK.tessellation.tess_io.max_in_out.all_types.permutation_4.tcs_patch_writes_tes_na	NotSupported	Requested core feature is not supported: shaderFloat64 at vktTestCase.cpp:1498
dEQP-VK.tessellation.tess_io.max_in_out.all_types.permutation_4.tcs_patch_writes_tes_reads	NotSupported	Requested core feature is not supported: shaderFloat64 at vktTestCase.cpp:1498
dEQP-VK.tessellation.tess_io.max_in_out.all_types.permutation_4.tcs_vert_writes_reads_tes_na	NotSupported	Requested core feature is not supported: shaderFloat64 at vktTestCase.cpp:1498
dEQP-VK.tessellation.tess_io.max_in_out.all_types.permutation_4.tcs_vert_writes_reads_tes_reads	NotSupported	Requested core feature is not supported: shaderFloat64 at vktTestCase.cpp:1498
dEQP-VK.tessellation.tess_io.max_in_out.all_types.permutation_4.tcs_vert_writes_tes_na	NotSupported	Requested core feature is not supported: shaderFloat64 at vktTestCase.cpp:1498
dEQP-VK.tessellation.tess_io.max_in_out.all_types.permutation_4.tcs_vert_writes_tes_reads	NotSupported	Requested core feature is not supported: shaderFloat64 at vktTestCase.cpp:1498
dEQP-VK.tessellation.tess_io.max_in_out.all_types.permutation_5.tcs_patch_writes_reads_tes_na	NotSupported	Requested core feature is not supported: shaderFloat64 at vktTestCase.cpp:1498
dEQP-VK.tessellation.tess_io.max_in_out.all_types.permutation_5.tcs_patch_writes_reads_tes_reads	NotSupported	Requested core feature is not supported: shaderFloat64 at vktTestCase.cpp:1498
dEQP-VK.tessellation.tess_io.max_in_out.all_types.permutation_5.tcs_patch_writes_tes_na	NotSupported	Requested core feature is not supported: shaderFloat64 at vktTestCase.cpp:1498
dEQP-VK.tessellation.tess_io.max_in_out.all_types.permutation_5.tcs_patch_writes_tes_reads	NotSupported	Requested core feature is not supported: shaderFloat64 at vktTestCase.cpp:1498
dEQP-VK.tessellation.tess_io.max_in_out.all_types.permutation_5.tcs_vert_writes_reads_tes_na	NotSupported	Requested core feature is not supported: shaderFloat64 at vktTestCase.cpp:1498
dEQP-VK.tessellation.tess_io.max_in_out.all_types.permutation_5.tcs_vert_writes_reads_tes_reads	NotSupported	Requested core feature is not supported: shaderFloat64 at vktTestCase.cpp:1498
dEQP-VK.tessellation.tess_io.max_in_out.all_types.permutation_5.tcs_vert_writes_tes_na	NotSupported	Requested core feature is not supported: shaderFloat64 at vktTestCase.cpp:1498
dEQP-VK.tessellation.tess_io.max_in_out.all_types.permutation_5.tcs_vert_writes_tes_reads	NotSupported	Requested core feature is not supported: shaderFloat64 at vktTestCase.cpp:1498
dEQP-VK.tessellation.tess_io.max_in_out.all_types.permutation_6.tcs_patch_writes_reads_tes_na	NotSupported	Requested core feature is not supported: shaderFloat64 at vktTestCase.cpp:1498
dEQP-VK.tessellation.tess_io.max_in_out.all_types.permutation_6.tcs_patch_writes_reads_tes_reads	NotSupported	Requested core feature is not supported: shaderFloat64 at vktTestCase.cpp:1498
dEQP-VK.tessellation.tess_io.max_in_out.all_types.permutation_6.tcs_patch_writes_tes_na	NotSupported	Requested core feature is not supported: shaderFloat64 at vktTestCase.cpp:1498
dEQP-VK.tessellation.tess_io.max_in_out.all_types.permutation_6.tcs_patch_writes_tes_reads	NotSupported	Requested core feature is not supported: shaderFloat64 at vktTestCase.cpp:1498
dEQP-VK.tessellation.tess_io.max_in_out.all_types.permutation_6.tcs_vert_writes_reads_tes_na	NotSupported	Requested core feature is not supported: shaderFloat64 at vktTestCase.cpp:1498
dEQP-VK.tessellation.tess_io.max_in_out.all_types.permutation_6.tcs_vert_writes_reads_tes_reads	NotSupported	Requested core feature is not supported: shaderFloat64 at vktTestCase.cpp:1498
dEQP-VK.tessellation.tess_io.max_in_out.all_types.permutation_6.tcs_vert_writes_tes_na	NotSupported	Requested core feature is not supported: shaderFloat64 at vktTestCase.cpp:1498
dEQP-VK.tessellation.tess_io.max_in_out.all_types.permutation_6.tcs_vert_writes_tes_reads	NotSupported	Requested core feature is not supported: shaderFloat64 at vktTestCase.cpp:1498
dEQP-VK.tessellation.tess_io.max_in_out.all_types.permutation_7.tcs_patch_writes_reads_tes_na	NotSupported	Requested core feature is not supported: shaderFloat64 at vktTestCase.cpp:1498
dEQP-VK.tessellation.tess_io.max_in_out.all_types.permutation_7.tcs_patch_writes_reads_tes_reads	NotSupported	Requested core feature is not supported: shaderFloat64 at vktTestCase.cpp:1498
dEQP-VK.tessellation.tess_io.max_in_out.all_types.permutation_7.tcs_patch_writes_tes_na	NotSupported	Requested core feature is not supported: shaderFloat64 at vktTestCase.cpp:1498
dEQP-VK.tessellation.tess_io.max_in_out.all_types.permutation_7.tcs_patch_writes_tes_reads	NotSupported	Requested core feature is not supported: shaderFloat64 at vktTestCase.cpp:1498
dEQP-VK.tessellation.tess_io.max_in_out.all_types.permutation_7.tcs_vert_writes_reads_tes_na	NotSupported	Requested core feature is not supported: shaderFloat64 at vktTestCase.cpp:1498
dEQP-VK.tessellation.tess_io.max_in_out.all_types.permutation_7.tcs_vert_writes_reads_tes_reads	NotSupported	Requested core feature is not supported: shaderFloat64 at vktTestCase.cpp:1498
dEQP-VK.tessellation.tess_io.max_in_out.all_types.permutation_7.tcs_vert_writes_tes_na	NotSupported	Requested core feature is not supported: shaderFloat64 at vktTestCase.cpp:1498
dEQP-VK.tessellation.tess_io.max_in_out.all_types.permutation_7.tcs_vert_writes_tes_reads	NotSupported	Requested core feature is not supported: shaderFloat64 at vktTestCase.cpp:1498
dEQP-VK.tessellation.tess_io.max_in_out.all_types.permutation_8.tcs_patch_writes_reads_tes_na	NotSupported	Requested core feature is not supported: shaderFloat64 at vktTestCase.cpp:1498
dEQP-VK.tessellation.tess_io.max_in_out.all_types.permutation_8.tcs_patch_writes_reads_tes_reads	NotSupported	Requested core feature is not supported: shaderFloat64 at vktTestCase.cpp:1498
dEQP-VK.tessellation.tess_io.max_in_out.all_types.permutation_8.tcs_patch_writes_tes_na	NotSupported	Requested core feature is not supported: shaderFloat64 at vktTestCase.cpp:1498
dEQP-VK.tessellation.tess_io.max_in_out.all_types.permutation_8.tcs_patch_writes_tes_reads	NotSupported	Requested core feature is not supported: shaderFloat64 at vktTestCase.cpp:1498
dEQP-VK.tessellation.tess_io.max_in_out.all_types.permutation_8.tcs_vert_writes_reads_tes_na	NotSupported	Requested core feature is not supported: shaderFloat64 at vktTestCase.cpp:1498
dEQP-VK.tessellation.tess_io.max_in_out.all_types.permutation_8.tcs_vert_writes_reads_tes_reads	NotSupported	Requested core feature is not supported: shaderFloat64 at vktTestCase.cpp:1498
dEQP-VK.tessellation.tess_io.max_in_out.all_types.permutation_8.tcs_vert_writes_tes_na	NotSupported	Requested core feature is not supported: shaderFloat64 at vktTestCase.cpp:1498
dEQP-VK.tessellation.tess_io.max_in_out.all_types.permutation_8.tcs_vert_writes_tes_reads	NotSupported	Requested core feature is not supported: shaderFloat64 at vktTestCase.cpp:1498
dEQP-VK.tessellation.tess_io.max_in_out.all_types.permutation_9.tcs_patch_writes_reads_tes_na	NotSupported	Requested core feature is not supported: shaderFloat64 at vktTestCase.cpp:1498
dEQP-VK.tessellation.tess_io.max_in_out.all_types.permutation_9.tcs_patch_writes_reads_tes_reads	NotSupported	Requested core feature is not supported: shaderFloat64 at vktTestCase.cpp:1498
dEQP-VK.tessellation.tess_io.max_in_out.all_types.permutation_9.tcs_patch_writes_tes_na	NotSupported	Requested core feature is not supported: shaderFloat64 at vktTestCase.cpp:1498
dEQP-VK.tessellation.tess_io.max_in_out.all_types.permutation_9.tcs_patch_writes_tes_reads	NotSupported	Requested core feature is not supported: shaderFloat64 at vktTestCase.cpp:1498
dEQP-VK.tessellation.tess_io.max_in_out.all_types.permutation_9.tcs_vert_writes_reads_tes_na	NotSupported	Requested core feature is not supported: shaderFloat64 at vktTestCase.cpp:1498
dEQP-VK.tessellation.tess_io.max_in_out.all_types.permutation_9.tcs_vert_writes_reads_tes_reads	NotSupported	Requested core feature is not supported: shaderFloat64 at vktTestCase.cpp:1498
dEQP-VK.tessellation.tess_io.max_in_out.all_types.permutation_9.tcs_vert_writes_tes_na	NotSupported	Requested core feature is not supported: shaderFloat64 at vktTestCase.cpp:1498
dEQP-VK.tessellation.tess_io.max_in_out.all_types.permutation_9.tcs_vert_writes_tes_reads	NotSupported	Requested core feature is not supported: shaderFloat64 at vktTestCase.cpp:1498
dEQP-VK.tessellation.tess_io.max_in_out.with_f16.permutation_0.tcs_patch_writes_reads_tes_na	NotSupported	shaderFloat16 feature not supported at vktTessellationMaxIOTests.cpp:871
dEQP-VK.tessellation.tess_io.max_in_out.with_f16.permutation_0.tcs_patch_writes_reads_tes_reads	NotSupported	shaderFloat16 feature not supported at vktTessellationMaxIOTests.cpp:871
dEQP-VK.tessellation.tess_io.max_in_out.with_f16.permutation_0.tcs_patch_writes_tes_na	NotSupported	shaderFloat16 feature not supported at vktTessellationMaxIOTests.cpp:871
dEQP-VK.tessellation.tess_io.max_in_out.with_f16.permutation_0.tcs_patch_writes_tes_reads	NotSupported	shaderFloat16 feature not supported at vktTessellationMaxIOTests.cpp:871
dEQP-VK.tessellation.tess_io.max_in_out.with_f16.permutation_0.tcs_vert_writes_reads_tes_na	NotSupported	shaderFloat16 feature not supported at vktTessellationMaxIOTests.cpp:871
dEQP-VK.tessellation.tess_io.max_in_out.with_f16.permutation_0.tcs_vert_writes_reads_tes_reads	NotSupported	shaderFloat16 feature not supported at vktTessellationMaxIOTests.cpp:871
dEQP-VK.tessellation.tess_io.max_in_out.with_f16.permutation_0.tcs_vert_writes_tes_na	NotSupported	shaderFloat16 feature not supported at vktTessellationMaxIOTests.cpp:871
dEQP-VK.tessellation.tess_io.max_in_out.with_f16.permutation_0.tcs_vert_writes_tes_reads	NotSupported	shaderFloat16 feature not supported at vktTessellationMaxIOTests.cpp:871
dEQP-VK.tessellation.tess_io.max_in_out.with_f16.permutation_1.tcs_patch_writes_reads_tes_na	NotSupported	shaderFloat16 feature not supported at vktTessellationMaxIOTests.cpp:871
dEQP-VK.tessellation.tess_io.max_in_out.with_f16.permutation_1.tcs_patch_writes_reads_tes_reads	NotSupported	shaderFloat16 feature not supported at vktTessellationMaxIOTests.cpp:871
dEQP-VK.tessellation.tess_io.max_in_out.with_f16.permutation_1.tcs_patch_writes_tes_na	NotSupported	shaderFloat16 feature not supported at vktTessellationMaxIOTests.cpp:871
dEQP-VK.tessellation.tess_io.max_in_out.with_f16.permutation_1.tcs_patch_writes_tes_reads	NotSupported	shaderFloat16 feature not supported at vktTessellationMaxIOTests.cpp:871
dEQP-VK.tessellation.tess_io.max_in_out.with_f16.permutation_1.tcs_vert_writes_reads_tes_na	NotSupported	shaderFloat16 feature not supported at vktTessellationMaxIOTests.cpp:871
dEQP-VK.tessellation.tess_io.max_in_out.with_f16.permutation_1.tcs_vert_writes_reads_tes_reads	NotSupported	shaderFloat16 feature not supported at vktTessellationMaxIOTests.cpp:871
dEQP-VK.tessellation.tess_io.max_in_out.with_f16.permutation_1.tcs_vert_writes_tes_na	NotSupported	shaderFloat16 feature not supported at vktTessellationMaxIOTests.cpp:871
dEQP-VK.tessellation.tess_io.max_in_out.with_f16.permutation_1.tcs_vert_writes_tes_reads	NotSupported	shaderFloat16 feature not supported at vktTessellationMaxIOTests.cpp:871
dEQP-VK.tessellation.tess_io.max_in_out.with_f16.permutation_2.tcs_patch_writes_reads_tes_na	NotSupported	shaderFloat16 feature not supported at vktTessellationMaxIOTests.cpp:871
dEQP-VK.tessellation.tess_io.max_in_out.with_f16.permutation_2.tcs_patch_writes_reads_tes_reads	NotSupported	shaderFloat16 feature not supported at vktTessellationMaxIOTests.cpp:871
dEQP-VK.tessellation.tess_io.max_in_out.with_f16.permutation_2.tcs_patch_writes_tes_na	NotSupported	shaderFloat16 feature not supported at vktTessellationMaxIOTests.cpp:871
dEQP-VK.tessellation.tess_io.max_in_out.with_f16.permutation_2.tcs_patch_writes_tes_reads	NotSupported	shaderFloat16 feature not supported at vktTessellationMaxIOTests.cpp:871
dEQP-VK.tessellation.tess_io.max_in_out.with_f16.permutation_2.tcs_vert_writes_reads_tes_na	NotSupported	shaderFloat16 feature not supported at vktTessellationMaxIOTests.cpp:871
dEQP-VK.tessellation.tess_io.max_in_out.with_f16.permutation_2.tcs_vert_writes_reads_tes_reads	NotSupported	shaderFloat16 feature not supported at vktTessellationMaxIOTests.cpp:871
dEQP-VK.tessellation.tess_io.max_in_out.with_f16.permutation_2.tcs_vert_writes_tes_na	NotSupported	shaderFloat16 feature not supported at vktTessellationMaxIOTests.cpp:871
dEQP-VK.tessellation.tess_io.max_in_out.with_f16.permutation_2.tcs_vert_writes_tes_reads	NotSupported	shaderFloat16 feature not supported at vktTessellationMaxIOTests.cpp:871
dEQP-VK.tessellation.tess_io.max_in_out.with_f16.permutation_3.tcs_patch_writes_reads_tes_na	NotSupported	shaderFloat16 feature not supported at vktTessellationMaxIOTests.cpp:871
dEQP-VK.tessellation.tess_io.max_in_out.with_f16.permutation_3.tcs_patch_writes_reads_tes_reads	NotSupported	shaderFloat16 feature not supported at vktTessellationMaxIOTests.cpp:871
dEQP-VK.tessellation.tess_io.max_in_out.with_f16.permutation_3.tcs_patch_writes_tes_na	NotSupported	shaderFloat16 feature not supported at vktTessellationMaxIOTests.cpp:871
dEQP-VK.tessellation.tess_io.max_in_out.with_f16.permutation_3.tcs_patch_writes_tes_reads	NotSupported	shaderFloat16 feature not supported at vktTessellationMaxIOTests.cpp:871
dEQP-VK.tessellation.tess_io.max_in_out.with_f16.permutation_3.tcs_vert_writes_reads_tes_na	NotSupported	shaderFloat16 feature not supported at vktTessellationMaxIOTests.cpp:871
dEQP-VK.tessellation.tess_io.max_in_out.with_f16.permutation_3.tcs_vert_writes_reads_tes_reads	NotSupported	shaderFloat16 feature not supported at vktTessellationMaxIOTests.cpp:871
dEQP-VK.tessellation.tess_io.max_in_out.with_f16.permutation_3.tcs_vert_writes_tes_na	NotSupported	shaderFloat16 feature not supported at vktTessellationMaxIOTests.cpp:871
dEQP-VK.tessellation.tess_io.max_in_out.with_f16.permutation_3.tcs_vert_writes_tes_reads	NotSupported	shaderFloat16 feature not supported at vktTessellationMaxIOTests.cpp:871
dEQP-VK.tessellation.tess_io.max_in_out.with_f16.permutation_4.tcs_patch_writes_reads_tes_na	NotSupported	shaderFloat16 feature not supported at vktTessellationMaxIOTests.cpp:871
dEQP-VK.tessellation.tess_io.max_in_out.with_f16.permutation_4.tcs_patch_writes_reads_tes_reads	NotSupported	shaderFloat16 feature not supported at vktTessellationMaxIOTests.cpp:871
dEQP-VK.tessellation.tess_io.max_in_out.with_f16.permutation_4.tcs_patch_writes_tes_na	NotSupported	shaderFloat16 feature not supported at vktTessellationMaxIOTests.cpp:871
dEQP-VK.tessellation.tess_io.max_in_out.with_f16.permutation_4.tcs_patch_writes_tes_reads	NotSupported	shaderFloat16 feature not supported at vktTessellationMaxIOTests.cpp:871
dEQP-VK.tessellation.tess_io.max_in_out.with_f16.permutation_4.tcs_vert_writes_reads_tes_na	NotSupported	shaderFloat16 feature not supported at vktTessellationMaxIOTests.cpp:871
dEQP-VK.tessellation.tess_io.max_in_out.with_f16.permutation_4.tcs_vert_writes_reads_tes_reads	NotSupported	shaderFloat16 feature not supported at vktTessellationMaxIOTests.cpp:871
dEQP-VK.tessellation.tess_io.max_in_out.with_f16.permutation_4.tcs_vert_writes_tes_na	NotSupported	shaderFloat16 feature not supported at vktTessellationMaxIOTests.cpp:871
dEQP-VK.tessellation.tess_io.max_in_out.with_f16.permutation_4.tcs_vert_writes_tes_reads	NotSupported	shaderFloat16 feature not supported at vktTessellationMaxIOTests.cpp:871
dEQP-VK.tessellation.tess_io.max_in_out.with_f16.permutation_5.tcs_patch_writes_reads_tes_na	NotSupported	shaderFloat16 feature not supported at vktTessellationMaxIOTests.cpp:871
dEQP-VK.tessellation.tess_io.max_in_out.with_f16.permutation_5.tcs_patch_writes_reads_tes_reads	NotSupported	shaderFloat16 feature not supported at vktTessellationMaxIOTests.cpp:871
dEQP-VK.tessellation.tess_io.max_in_out.with_f16.permutation_5.tcs_patch_writes_tes_na	NotSupported	shaderFloat16 feature not supported at vktTessellationMaxIOTests.cpp:871
dEQP-VK.tessellation.tess_io.max_in_out.with_f16.permutation_5.tcs_patch_writes_tes_reads	NotSupported	shaderFloat16 feature not supported at vktTessellationMaxIOTests.cpp:871
dEQP-VK.tessellation.tess_io.max_in_out.with_f16.permutation_5.tcs_vert_writes_reads_tes_na	NotSupported	shaderFloat16 feature not supported at vktTessellationMaxIOTests.cpp:871
dEQP-VK.tessellation.tess_io.max_in_out.with_f16.permutation_5.tcs_vert_writes_reads_tes_reads	NotSupported	shaderFloat16 feature not supported at vktTessellationMaxIOTests.cpp:871
dEQP-VK.tessellation.tess_io.max_in_out.with_f16.permutation_5.tcs_vert_writes_tes_na	NotSupported	shaderFloat16 feature not supported at vktTessellationMaxIOTests.cpp:871
dEQP-VK.tessellation.tess_io.max_in_out.with_f16.permutation_5.tcs_vert_writes_tes_reads	NotSupported	shaderFloat16 feature not supported at vktTessellationMaxIOTests.cpp:871
dEQP-VK.tessellation.tess_io.max_in_out.with_f16.permutation_6.tcs_patch_writes_reads_tes_na	NotSupported	shaderFloat16 feature not supported at vktTessellationMaxIOTests.cpp:871
dEQP-VK.tessellation.tess_io.max_in_out.with_f16.permutation_6.tcs_patch_writes_reads_tes_reads	NotSupported	shaderFloat16 feature not supported at vktTessellationMaxIOTests.cpp:871
dEQP-VK.tessellation.tess_io.max_in_out.with_f16.permutation_6.tcs_patch_writes_tes_na	NotSupported	shaderFloat16 feature not supported at vktTessellationMaxIOTests.cpp:871
dEQP-VK.tessellation.tess_io.max_in_out.with_f16.permutation_6.tcs_patch_writes_tes_reads	NotSupported	shaderFloat16 feature not supported at vktTessellationMaxIOTests.cpp:871
dEQP-VK.tessellation.tess_io.max_in_out.with_f16.permutation_6.tcs_vert_writes_reads_tes_na	NotSupported	shaderFloat16 feature not supported at vktTessellationMaxIOTests.cpp:871
dEQP-VK.tessellation.tess_io.max_in_out.with_f16.permutation_6.tcs_vert_writes_reads_tes_reads	NotSupported	shaderFloat16 feature not supported at vktTessellationMaxIOTests.cpp:871
dEQP-VK.tessellation.tess_io.max_in_out.with_f16.permutation_6.tcs_vert_writes_tes_na	NotSupported	shaderFloat16 feature not supported at vktTessellationMaxIOTests.cpp:871
dEQP-VK.tessellation.tess_io.max_in_out.with_f16.permutation_6.tcs_vert_writes_tes_reads	NotSupported	shaderFloat16 feature not supported at vktTessellationMaxIOTests.cpp:871
dEQP-VK.tessellation.tess_io.max_in_out.with_f16.permutation_7.tcs_patch_writes_reads_tes_na	NotSupported	shaderFloat16 feature not supported at vktTessellationMaxIOTests.cpp:871
dEQP-VK.tessellation.tess_io.max_in_out.with_f16.permutation_7.tcs_patch_writes_reads_tes_reads	NotSupported	shaderFloat16 feature not supported at vktTessellationMaxIOTests.cpp:871
dEQP-VK.tessellation.tess_io.max_in_out.with_f16.permutation_7.tcs_patch_writes_tes_na	NotSupported	shaderFloat16 feature not supported at vktTessellationMaxIOTests.cpp:871
dEQP-VK.tessellation.tess_io.max_in_out.with_f16.permutation_7.tcs_patch_writes_tes_reads	NotSupported	shaderFloat16 feature not supported at vktTessellationMaxIOTests.cpp:871
dEQP-VK.tessellation.tess_io.max_in_out.with_f16.permutation_7.tcs_vert_writes_reads_tes_na	NotSupported	shaderFloat16 feature not supported at vktTessellationMaxIOTests.cpp:871
dEQP-VK.tessellation.tess_io.max_in_out.with_f16.permutation_7.tcs_vert_writes_reads_tes_reads	NotSupported	shaderFloat16 feature not supported at vktTessellationMaxIOTests.cpp:871
dEQP-VK.tessellation.tess_io.max_in_out.with_f16.permutation_7.tcs_vert_writes_tes_na	NotSupported	shaderFloat16 feature not supported at vktTessellationMaxIOTests.cpp:871
dEQP-VK.tessellation.tess_io.max_in_out.with_f16.permutation_7.tcs_vert_writes_tes_reads	NotSupported	shaderFloat16 feature not supported at vktTessellationMaxIOTests.cpp:871
dEQP-VK.tessellation.tess_io.max_in_out.with_f16.permutation_8.tcs_patch_writes_reads_tes_na	NotSupported	shaderFloat16 feature not supported at vktTessellationMaxIOTests.cpp:871
dEQP-VK.tessellation.tess_io.max_in_out.with_f16.permutation_8.tcs_patch_writes_reads_tes_reads	NotSupported	shaderFloat16 feature not supported at vktTessellationMaxIOTests.cpp:871
dEQP-VK.tessellation.tess_io.max_in_out.with_f16.permutation_8.tcs_patch_writes_tes_na	NotSupported	shaderFloat16 feature not supported at vktTessellationMaxIOTests.cpp:871
dEQP-VK.tessellation.tess_io.max_in_out.with_f16.permutation_8.tcs_patch_writes_tes_reads	NotSupported	shaderFloat16 feature not supported at vktTessellationMaxIOTests.cpp:871
dEQP-VK.tessellation.tess_io.max_in_out.with_f16.permutation_8.tcs_vert_writes_reads_tes_na	NotSupported	shaderFloat16 feature not supported at vktTessellationMaxIOTests.cpp:871
dEQP-VK.tessellation.tess_io.max_in_out.with_f16.permutation_8.tcs_vert_writes_reads_tes_reads	NotSupported	shaderFloat16 feature not supported at vktTessellationMaxIOTests.cpp:871
dEQP-VK.tessellation.tess_io.max_in_out.with_f16.permutation_8.tcs_vert_writes_tes_na	NotSupported	shaderFloat16 feature not supported at vktTessellationMaxIOTests.cpp:871
dEQP-VK.tessellation.tess_io.max_in_out.with_f16.permutation_8.tcs_vert_writes_tes_reads	NotSupported	shaderFloat16 feature not supported at vktTessellationMaxIOTests.cpp:871
dEQP-VK.tessellation.tess_io.max_in_out.with_f16.permutation_9.tcs_patch_writes_reads_tes_na	NotSupported	shaderFloat16 feature not supported at vktTessellationMaxIOTests.cpp:871
dEQP-VK.tessellation.tess_io.max_in_out.with_f16.permutation_9.tcs_patch_writes_reads_tes_reads	NotSupported	shaderFloat16 feature not supported at vktTessellationMaxIOTests.cpp:871
dEQP-VK.tessellation.tess_io.max_in_out.with_f16.permutation_9.tcs_patch_writes_tes_na	NotSupported	shaderFloat16 feature not supported at vktTessellationMaxIOTests.cpp:871
dEQP-VK.tessellation.tess_io.max_in_out.with_f16.permutation_9.tcs_patch_writes_tes_reads	NotSupported	shaderFloat16 feature not supported at vktTessellationMaxIOTests.cpp:871
dEQP-VK.tessellation.tess_io.max_in_out.with_f16.permutation_9.tcs_vert_writes_reads_tes_na	NotSupported	shaderFloat16 feature not supported at vktTessellationMaxIOTests.cpp:871
dEQP-VK.tessellation.tess_io.max_in_out.with_f16.permutation_9.tcs_vert_writes_reads_tes_reads	NotSupported	shaderFloat16 feature not supported at vktTessellationMaxIOTests.cpp:871
dEQP-VK.tessellation.tess_io.max_in_out.with_f16.permutation_9.tcs_vert_writes_tes_na	NotSupported	shaderFloat16 feature not supported at vktTessellationMaxIOTests.cpp:871
dEQP-VK.tessellation.tess_io.max_in_out.with_f16.permutation_9.tcs_vert_writes_tes_reads	NotSupported	shaderFloat16 feature not supported at vktTessellationMaxIOTests.cpp:871
dEQP-VK.tessellation.tess_io.max_in_out.with_f64.permutation_0.tcs_patch_writes_reads_tes_na	NotSupported	Requested core feature is not supported: shaderFloat64 at vktTestCase.cpp:1498
dEQP-VK.tessellation.tess_io.max_in_out.with_f64.permutation_0.tcs_patch_writes_reads_tes_reads	NotSupported	Requested core feature is not supported: shaderFloat64 at vktTestCase.cpp:1498
dEQP-VK.tessellation.tess_io.max_in_out.with_f64.permutation_0.tcs_patch_writes_tes_na	NotSupported	Requested core feature is not supported: shaderFloat64 at vktTestCase.cpp:1498
dEQP-VK.tessellation.tess_io.max_in_out.with_f64.permutation_0.tcs_patch_writes_tes_reads	NotSupported	Requested core feature is not supported: shaderFloat64 at vktTestCase.cpp:1498
dEQP-VK.tessellation.tess_io.max_in_out.with_f64.permutation_0.tcs_vert_writes_reads_tes_na	NotSupported	Requested core feature is not supported: shaderFloat64 at vktTestCase.cpp:1498
dEQP-VK.tessellation.tess_io.max_in_out.with_f64.permutation_0.tcs_vert_writes_reads_tes_reads	NotSupported	Requested core feature is not supported: shaderFloat64 at vktTestCase.cpp:1498
dEQP-VK.tessellation.tess_io.max_in_out.with_f64.permutation_0.tcs_vert_writes_tes_na	NotSupported	Requested core feature is not supported: shaderFloat64 at vktTestCase.cpp:1498
dEQP-VK.tessellation.tess_io.max_in_out.with_f64.permutation_0.tcs_vert_writes_tes_reads	NotSupported	Requested core feature is not supported: shaderFloat64 at vktTestCase.cpp:1498
dEQP-VK.tessellation.tess_io.max_in_out.with_f64.permutation_1.tcs_patch_writes_reads_tes_na	NotSupported	Requested core feature is not supported: shaderFloat64 at vktTestCase.cpp:1498
dEQP-VK.tessellation.tess_io.max_in_out.with_f64.permutation_1.tcs_patch_writes_reads_tes_reads	NotSupported	Requested core feature is not supported: shaderFloat64 at vktTestCase.cpp:1498
dEQP-VK.tessellation.tess_io.max_in_out.with_f64.permutation_1.tcs_patch_writes_tes_na	NotSupported	Requested core feature is not supported: shaderFloat64 at vktTestCase.cpp:1498
dEQP-VK.tessellation.tess_io.max_in_out.with_f64.permutation_1.tcs_patch_writes_tes_reads	NotSupported	Requested core feature is not supported: shaderFloat64 at vktTestCase.cpp:1498
dEQP-VK.tessellation.tess_io.max_in_out.with_f64.permutation_1.tcs_vert_writes_reads_tes_na	NotSupported	Requested core feature is not supported: shaderFloat64 at vktTestCase.cpp:1498
dEQP-VK.tessellation.tess_io.max_in_out.with_f64.permutation_1.tcs_vert_writes_reads_tes_reads	NotSupported	Requested core feature is not supported: shaderFloat64 at vktTestCase.cpp:1498
dEQP-VK.tessellation.tess_io.max_in_out.with_f64.permutation_1.tcs_vert_writes_tes_na	NotSupported	Requested core feature is not supported: shaderFloat64 at vktTestCase.cpp:1498
dEQP-VK.tessellation.tess_io.max_in_out.with_f64.permutation_1.tcs_vert_writes_tes_reads	NotSupported	Requested core feature is not supported: shaderFloat64 at vktTestCase.cpp:1498
dEQP-VK.tessellation.tess_io.max_in_out.with_f64.permutation_2.tcs_patch_writes_reads_tes_na	NotSupported	Requested core feature is not supported: shaderFloat64 at vktTestCase.cpp:1498
dEQP-VK.tessellation.tess_io.max_in_out.with_f64.permutation_2.tcs_patch_writes_reads_tes_reads	NotSupported	Requested core feature is not supported: shaderFloat64 at vktTestCase.cpp:1498
dEQP-VK.tessellation.tess_io.max_in_out.with_f64.permutation_2.tcs_patch_writes_tes_na	NotSupported	Requested core feature is not supported: shaderFloat64 at vktTestCase.cpp:1498
dEQP-VK.tessellation.tess_io.max_in_out.with_f64.permutation_2.tcs_patch_writes_tes_reads	NotSupported	Requested core feature is not supported: shaderFloat64 at vktTestCase.cpp:1498
dEQP-VK.tessellation.tess_io.max_in_out.with_f64.permutation_2.tcs_vert_writes_reads_tes_na	NotSupported	Requested core feature is not supported: shaderFloat64 at vktTestCase.cpp:1498
dEQP-VK.tessellation.tess_io.max_in_out.with_f64.permutation_2.tcs_vert_writes_reads_tes_reads	NotSupported	Requested core feature is not supported: shaderFloat64 at vktTestCase.cpp:1498
dEQP-VK.tessellation.tess_io.max_in_out.with_f64.permutation_2.tcs_vert_writes_tes_na	NotSupported	Requested core feature is not supported: shaderFloat64 at vktTestCase.cpp:1498
dEQP-VK.tessellation.tess_io.max_in_out.with_f64.permutation_2.tcs_vert_writes_tes_reads	NotSupported	Requested core feature is not supported: shaderFloat64 at vktTestCase.cpp:1498
dEQP-VK.tessellation.tess_io.max_in_out.with_f64.permutation_3.tcs_patch_writes_reads_tes_na	NotSupported	Requested core feature is not supported: shaderFloat64 at vktTestCase.cpp:1498
dEQP-VK.tessellation.tess_io.max_in_out.with_f64.permutation_3.tcs_patch_writes_reads_tes_reads	NotSupported	Requested core feature is not supported: shaderFloat64 at vktTestCase.cpp:1498
dEQP-VK.tessellation.tess_io.max_in_out.with_f64.permutation_3.tcs_patch_writes_tes_na	NotSupported	Requested core feature is not supported: shaderFloat64 at vktTestCase.cpp:1498
dEQP-VK.tessellation.tess_io.max_in_out.with_f64.permutation_3.tcs_patch_writes_tes_reads	NotSupported	Requested core feature is not supported: shaderFloat64 at vktTestCase.cpp:1498
dEQP-VK.tessellation.tess_io.max_in_out.with_f64.permutation_3.tcs_vert_writes_reads_tes_na	NotSupported	Requested core feature is not supported: shaderFloat64 at vktTestCase.cpp:1498
dEQP-VK.tessellation.tess_io.max_in_out.with_f64.permutation_3.tcs_vert_writes_reads_tes_reads	NotSupported	Requested core feature is not supported: shaderFloat64 at vktTestCase.cpp:1498
dEQP-VK.tessellation.tess_io.max_in_out.with_f64.permutation_3.tcs_vert_writes_tes_na	NotSupported	Requested core feature is not supported: shaderFloat64 at vktTestCase.cpp:1498
dEQP-VK.tessellation.tess_io.max_in_out.with_f64.permutation_3.tcs_vert_writes_tes_reads	NotSupported	Requested core feature is not supported: shaderFloat64 at vktTestCase.cpp:1498
dEQP-VK.tessellation.tess_io.max_in_out.with_f64.permutation_4.tcs_patch_writes_reads_tes_na	NotSupported	Requested core feature is not supported: shaderFloat64 at vktTestCase.cpp:1498
dEQP-VK.tessellation.tess_io.max_in_out.with_f64.permutation_4.tcs_patch_writes_reads_tes_reads	NotSupported	Requested core feature is not supported: shaderFloat64 at vktTestCase.cpp:1498
dEQP-VK.tessellation.tess_io.max_in_out.with_f64.permutation_4.tcs_patch_writes_tes_na	NotSupported	Requested core feature is not supported: shaderFloat64 at vktTestCase.cpp:1498
dEQP-VK.tessellation.tess_io.max_in_out.with_f64.permutation_4.tcs_patch_writes_tes_reads	NotSupported	Requested core feature is not supported: shaderFloat64 at vktTestCase.cpp:1498
dEQP-VK.tessellation.tess_io.max_in_out.with_f64.permutation_4.tcs_vert_writes_reads_tes_na	NotSupported	Requested core feature is not supported: shaderFloat64 at vktTestCase.cpp:1498
dEQP-VK.tessellation.tess_io.max_in_out.with_f64.permutation_4.tcs_vert_writes_reads_tes_reads	NotSupported	Requested core feature is not supported: shaderFloat64 at vktTestCase.cpp:1498
dEQP-VK.tessellation.tess_io.max_in_out.with_f64.permutation_4.tcs_vert_writes_tes_na	NotSupported	Requested core feature is not supported: shaderFloat64 at vktTestCase.cpp:1498
dEQP-VK.tessellation.tess_io.max_in_out.with_f64.permutation_4.tcs_vert_writes_tes_reads	NotSupported	Requested core feature is not supported: shaderFloat64 at vktTestCase.cpp:1498
dEQP-VK.tessellation.tess_io.max_in_out.with_f64.permutation_5.tcs_patch_writes_reads_tes_na	NotSupported	Requested core feature is not supported: shaderFloat64 at vktTestCase.cpp:1498
dEQP-VK.tessellation.tess_io.max_in_out.with_f64.permutation_5.tcs_patch_writes_reads_tes_reads	NotSupported	Requested core feature is not supported: shaderFloat64 at vktTestCase.cpp:1498
dEQP-VK.tessellation.tess_io.max_in_out.with_f64.permutation_5.tcs_patch_writes_tes_na	NotSupported	Requested core feature is not supported: shaderFloat64 at vktTestCase.cpp:1498
dEQP-VK.tessellation.tess_io.max_in_out.with_f64.permutation_5.tcs_patch_writes_tes_reads	NotSupported	Requested core feature is not supported: shaderFloat64 at vktTestCase.cpp:1498
dEQP-VK.tessellation.tess_io.max_in_out.with_f64.permutation_5.tcs_vert_writes_reads_tes_na	NotSupported	Requested core feature is not supported: shaderFloat64 at vktTestCase.cpp:1498
dEQP-VK.tessellation.tess_io.max_in_out.with_f64.permutation_5.tcs_vert_writes_reads_tes_reads	NotSupported	Requested core feature is not supported: shaderFloat64 at vktTestCase.cpp:1498
dEQP-VK.tessellation.tess_io.max_in_out.with_f64.permutation_5.tcs_vert_writes_tes_na	NotSupported	Requested core feature is not supported: shaderFloat64 at vktTestCase.cpp:1498
dEQP-VK.tessellation.tess_io.max_in_out.with_f64.permutation_5.tcs_vert_writes_tes_reads	NotSupported	Requested core feature is not supported: shaderFloat64 at vktTestCase.cpp:1498
dEQP-VK.tessellation.tess_io.max_in_out.with_f64.permutation_6.tcs_patch_writes_reads_tes_na	NotSupported	Requested core feature is not supported: shaderFloat64 at vktTestCase.cpp:1498
dEQP-VK.tessellation.tess_io.max_in_out.with_f64.permutation_6.tcs_patch_writes_reads_tes_reads	NotSupported	Requested core feature is not supported: shaderFloat64 at vktTestCase.cpp:1498
dEQP-VK.tessellation.tess_io.max_in_out.with_f64.permutation_6.tcs_patch_writes_tes_na	NotSupported	Requested core feature is not supported: shaderFloat64 at vktTestCase.cpp:1498
dEQP-VK.tessellation.tess_io.max_in_out.with_f64.permutation_6.tcs_patch_writes_tes_reads	NotSupported	Requested core feature is not supported: shaderFloat64 at vktTestCase.cpp:1498
dEQP-VK.tessellation.tess_io.max_in_out.with_f64.permutation_6.tcs_vert_writes_reads_tes_na	NotSupported	Requested core feature is not supported: shaderFloat64 at vktTestCase.cpp:1498
dEQP-VK.tessellation.tess_io.max_in_out.with_f64.permutation_6.tcs_vert_writes_reads_tes_reads	NotSupported	Requested core feature is not supported: shaderFloat64 at vktTestCase.cpp:1498
dEQP-VK.tessellation.tess_io.max_in_out.with_f64.permutation_6.tcs_vert_writes_tes_na	NotSupported	Requested core feature is not supported: shaderFloat64 at vktTestCase.cpp:1498
dEQP-VK.tessellation.tess_io.max_in_out.with_f64.permutation_6.tcs_vert_writes_tes_reads	NotSupported	Requested core feature is not supported: shaderFloat64 at vktTestCase.cpp:1498
dEQP-VK.tessellation.tess_io.max_in_out.with_f64.permutation_7.tcs_patch_writes_reads_tes_na	NotSupported	Requested core feature is not supported: shaderFloat64 at vktTestCase.cpp:1498
dEQP-VK.tessellation.tess_io.max_in_out.with_f64.permutation_7.tcs_patch_writes_reads_tes_reads	NotSupported	Requested core feature is not supported: shaderFloat64 at vktTestCase.cpp:1498
dEQP-VK.tessellation.tess_io.max_in_out.with_f64.permutation_7.tcs_patch_writes_tes_na	NotSupported	Requested core feature is not supported: shaderFloat64 at vktTestCase.cpp:1498
dEQP-VK.tessellation.tess_io.max_in_out.with_f64.permutation_7.tcs_patch_writes_tes_reads	NotSupported	Requested core feature is not supported: shaderFloat64 at vktTestCase.cpp:1498
dEQP-VK.tessellation.tess_io.max_in_out.with_f64.permutation_7.tcs_vert_writes_reads_tes_na	NotSupported	Requested core feature is not supported: shaderFloat64 at vktTestCase.cpp:1498
dEQP-VK.tessellation.tess_io.max_in_out.with_f64.permutation_7.tcs_vert_writes_reads_tes_reads	NotSupported	Requested core feature is not supported: shaderFloat64 at vktTestCase.cpp:1498
dEQP-VK.tessellation.tess_io.max_in_out.with_f64.permutation_7.tcs_vert_writes_tes_na	NotSupported	Requested core feature is not supported: shaderFloat64 at vktTestCase.cpp:1498
dEQP-VK.tessellation.tess_io.max_in_out.with_f64.permutation_7.tcs_vert_writes_tes_reads	NotSupported	Requested core feature is not supported: shaderFloat64 at vktTestCase.cpp:1498
dEQP-VK.tessellation.tess_io.max_in_out.with_f64.permutation_8.tcs_patch_writes_reads_tes_na	NotSupported	Requested core feature is not supported: shaderFloat64 at vktTestCase.cpp:1498
dEQP-VK.tessellation.tess_io.max_in_out.with_f64.permutation_8.tcs_patch_writes_reads_tes_reads	NotSupported	Requested core feature is not supported: shaderFloat64 at vktTestCase.cpp:1498
dEQP-VK.tessellation.tess_io.max_in_out.with_f64.permutation_8.tcs_patch_writes_tes_na	NotSupported	Requested core feature is not supported: shaderFloat64 at vktTestCase.cpp:1498
dEQP-VK.tessellation.tess_io.max_in_out.with_f64.permutation_8.tcs_patch_writes_tes_reads	NotSupported	Requested core feature is not supported: shaderFloat64 at vktTestCase.cpp:1498
dEQP-VK.tessellation.tess_io.max_in_out.with_f64.permutation_8.tcs_vert_writes_reads_tes_na	NotSupported	Requested core feature is not supported: shaderFloat64 at vktTestCase.cpp:1498
dEQP-VK.tessellation.tess_io.max_in_out.with_f64.permutation_8.tcs_vert_writes_reads_tes_reads	NotSupported	Requested core feature is not supported: shaderFloat64 at vktTestCase.cpp:1498
dEQP-VK.tessellation.tess_io.max_in_out.with_f64.permutation_8.tcs_vert_writes_tes_na	NotSupported	Requested core feature is not supported: shaderFloat64 at vktTestCase.cpp:1498
dEQP-VK.tessellation.tess_io.max_in_out.with_f64.permutation_8.tcs_vert_writes_tes_reads	NotSupported	Requested core feature is not supported: shaderFloat64 at vktTestCase.cpp:1498
dEQP-VK.tessellation.tess_io.max_in_out.with_f64.permutation_9.tcs_patch_writes_reads_tes_na	NotSupported	Requested core feature is not supported: shaderFloat64 at vktTestCase.cpp:1498
dEQP-VK.tessellation.tess_io.max_in_out.with_f64.permutation_9.tcs_patch_writes_reads_tes_reads	NotSupported	Requested core feature is not supported: shaderFloat64 at vktTestCase.cpp:1498
dEQP-VK.tessellation.tess_io.max_in_out.with_f64.permutation_9.tcs_patch_writes_tes_na	NotSupported	Requested core feature is not supported: shaderFloat64 at vktTestCase.cpp:1498
dEQP-VK.tessellation.tess_io.max_in_out.with_f64.permutation_9.tcs_patch_writes_tes_reads	NotSupported	Requested core feature is not supported: shaderFloat64 at vktTestCase.cpp:1498
dEQP-VK.tessellation.tess_io.max_in_out.with_f64.permutation_9.tcs_vert_writes_reads_tes_na	NotSupported	Requested core feature is not supported: shaderFloat64 at vktTestCase.cpp:1498
dEQP-VK.tessellation.tess_io.max_in_out.with_f64.permutation_9.tcs_vert_writes_reads_tes_reads	NotSupported	Requested core feature is not supported: shaderFloat64 at vktTestCase.cpp:1498
dEQP-VK.tessellation.tess_io.max_in_out.with_f64.permutation_9.tcs_vert_writes_tes_na	NotSupported	Requested core feature is not supported: shaderFloat64 at vktTestCase.cpp:1498
dEQP-VK.tessellation.tess_io.max_in_out.with_f64.permutation_9.tcs_vert_writes_tes_reads	NotSupported	Requested core feature is not supported: shaderFloat64 at vktTestCase.cpp:1498
dEQP-VK.tessellation.tess_io.max_in_out.with_i16.permutation_0.tcs_patch_writes_reads_tes_na	Pass	Pass
dEQP-VK.tessellation.tess_io.max_in_out.with_i16.permutation_0.tcs_patch_writes_reads_tes_reads	Pass	Pass
dEQP-VK.tessellation.tess_io.max_in_out.with_i16.permutation_0.tcs_patch_writes_tes_na	Pass	Pass
dEQP-VK.tessellation.tess_io.max_in_out.with_i16.permutation_0.tcs_patch_writes_tes_reads	Pass	Pass
dEQP-VK.tessellation.tess_io.max_in_out.with_i16.permutation_0.tcs_vert_writes_reads_tes_na	Pass	Pass
dEQP-VK.tessellation.tess_io.max_in_out.with_i16.permutation_0.tcs_vert_writes_reads_tes_reads	Pass	Pass
dEQP-VK.tessellation.tess_io.max_in_out.with_i16.permutation_0.tcs_vert_writes_tes_na	Pass	Pass
dEQP-VK.tessellation.tess_io.max_in_out.with_i16.permutation_0.tcs_vert_writes_tes_reads	Pass	Pass
dEQP-VK.tessellation.tess_io.max_in_out.with_i16.permutation_1.tcs_patch_writes_reads_tes_na	Pass	Pass
dEQP-VK.tessellation.tess_io.max_in_out.with_i16.permutation_1.tcs_patch_writes_reads_tes_reads	Pass	Pass
dEQP-VK.tessellation.tess_io.max_in_out.with_i16.permutation_1.tcs_patch_writes_tes_na	Pass	Pass
dEQP-VK.tessellation.tess_io.max_in_out.with_i16.permutation_1.tcs_patch_writes_tes_reads	Pass	Pass
dEQP-VK.tessellation.tess_io.max_in_out.with_i16.permutation_1.tcs_vert_writes_reads_tes_na	Pass	Pass
dEQP-VK.tessellation.tess_io.max_in_out.with_i16.permutation_1.tcs_vert_writes_reads_tes_reads	Pass	Pass
dEQP-VK.tessellation.tess_io.max_in_out.with_i16.permutation_1.tcs_vert_writes_tes_na	Pass	Pass
dEQP-VK.tessellation.tess_io.max_in_out.with_i16.permutation_1.tcs_vert_writes_tes_reads	Pass	Pass
dEQP-VK.tessellation.tess_io.max_in_out.with_i16.permutation_2.tcs_patch_writes_reads_tes_na	Pass	Pass
dEQP-VK.tessellation.tess_io.max_in_out.with_i16.permutation_2.tcs_patch_writes_reads_tes_reads	Pass	Pass
dEQP-VK.tessellation.tess_io.max_in_out.with_i16.permutation_2.tcs_patch_writes_tes_na	Pass	Pass
dEQP-VK.tessellation.tess_io.max_in_out.with_i16.permutation_2.tcs_patch_writes_tes_reads	Pass	Pass
dEQP-VK.tessellation.tess_io.max_in_out.with_i16.permutation_2.tcs_vert_writes_reads_tes_na	Pass	Pass
dEQP-VK.tessellation.tess_io.max_in_out.with_i16.permutation_2.tcs_vert_writes_reads_tes_reads	Pass	Pass
dEQP-VK.tessellation.tess_io.max_in_out.with_i16.permutation_2.tcs_vert_writes_tes_na	Pass	Pass
dEQP-VK.tessellation.tess_io.max_in_out.with_i16.permutation_2.tcs_vert_writes_tes_reads	Pass	Pass
dEQP-VK.tessellation.tess_io.max_in_out.with_i16.permutation_3.tcs_patch_writes_reads_tes_na	Pass	Pass
dEQP-VK.tessellation.tess_io.max_in_out.with_i16.permutation_3.tcs_patch_writes_reads_tes_reads	Pass	Pass
dEQP-VK.tessellation.tess_io.max_in_out.with_i16.permutation_3.tcs_patch_writes_tes_na	Pass	Pass
dEQP-VK.tessellation.tess_io.max_in_out.with_i16.permutation_3.tcs_patch_writes_tes_reads	Pass	Pass
dEQP-VK.tessellation.tess_io.max_in_out.with_i16.permutation_3.tcs_vert_writes_reads_tes_na	Pass	Pass
dEQP-VK.tessellation.tess_io.max_in_out.with_i16.permutation_3.tcs_vert_writes_reads_tes_reads	Pass	Pass
dEQP-VK.tessellation.tess_io.max_in_out.with_i16.permutation_3.tcs_vert_writes_tes_na	Pass	Pass
dEQP-VK.tessellation.tess_io.max_in_out.with_i16.permutation_3.tcs_vert_writes_tes_reads	Pass	Pass
dEQP-VK.tessellation.tess_io.max_in_out.with_i16.permutation_4.tcs_patch_writes_reads_tes_na	Pass	Pass
dEQP-VK.tessellation.tess_io.max_in_out.with_i16.permutation_4.tcs_patch_writes_reads_tes_reads	Pass	Pass
dEQP-VK.tessellation.tess_io.max_in_out.with_i16.permutation_4.tcs_patch_writes_tes_na	Pass	Pass
dEQP-VK.tessellation.tess_io.max_in_out.with_i16.permutation_4.tcs_patch_writes_tes_reads	Pass	Pass
dEQP-VK.tessellation.tess_io.max_in_out.with_i16.permutation_4.tcs_vert_writes_reads_tes_na	Pass	Pass
dEQP-VK.tessellation.tess_io.max_in_out.with_i16.permutation_4.tcs_vert_writes_reads_tes_reads	Pass	Pass
dEQP-VK.tessellation.tess_io.max_in_out.with_i16.permutation_4.tcs_vert_writes_tes_na	Pass	Pass
dEQP-VK.tessellation.tess_io.max_in_out.with_i16.permutation_4.tcs_vert_writes_tes_reads	Pass	Pass
dEQP-VK.tessellation.tess_io.max_in_out.with_i16.permutation_5.tcs_patch_writes_reads_tes_na	Pass	Pass
dEQP-VK.tessellation.tess_io.max_in_out.with_i16.permutation_5.tcs_patch_writes_reads_tes_reads	Pass	Pass
dEQP-VK.tessellation.tess_io.max_in_out.with_i16.permutation_5.tcs_patch_writes_tes_na	Pass	Pass
dEQP-VK.tessellation.tess_io.max_in_out.with_i16.permutation_5.tcs_patch_writes_tes_reads	Pass	Pass
dEQP-VK.tessellation.tess_io.max_in_out.with_i16.permutation_5.tcs_vert_writes_reads_tes_na	Pass	Pass
dEQP-VK.tessellation.tess_io.max_in_out.with_i16.permutation_5.tcs_vert_writes_reads_tes_reads	Pass	Pass
dEQP-VK.tessellation.tess_io.max_in_out.with_i16.permutation_5.tcs_vert_writes_tes_na	Pass	Pass
dEQP-VK.tessellation.tess_io.max_in_out.with_i16.permutation_5.tcs_vert_writes_tes_reads	Pass	Pass
dEQP-VK.tessellation.tess_io.max_in_out.with_i16.permutation_6.tcs_patch_writes_reads_tes_na	Pass	Pass
dEQP-VK.tessellation.tess_io.max_in_out.with_i16.permutation_6.tcs_patch_writes_reads_tes_reads	Pass	Pass
dEQP-VK.tessellation.tess_io.max_in_out.with_i16.permutation_6.tcs_patch_writes_tes_na	Pass	Pass
dEQP-VK.tessellation.tess_io.max_in_out.with_i16.permutation_6.tcs_patch_writes_tes_reads	Pass	Pass
dEQP-VK.tessellation.tess_io.max_in_out.with_i16.permutation_6.tcs_vert_writes_reads_tes_na	Pass	Pass
dEQP-VK.tessellation.tess_io.max_in_out.with_i16.permutation_6.tcs_vert_writes_reads_tes_reads	Pass	Pass
dEQP-VK.tessellation.tess_io.max_in_out.with_i16.permutation_6.tcs_vert_writes_tes_na	Pass	Pass
dEQP-VK.tessellation.tess_io.max_in_out.with_i16.permutation_6.tcs_vert_writes_tes_reads	Pass	Pass
dEQP-VK.tessellation.tess_io.max_in_out.with_i16.permutation_7.tcs_patch_writes_reads_tes_na	Pass	Pass
dEQP-VK.tessellation.tess_io.max_in_out.with_i16.permutation_7.tcs_patch_writes_reads_tes_reads	Pass	Pass
dEQP-VK.tessellation.tess_io.max_in_out.with_i16.permutation_7.tcs_patch_writes_tes_na	Pass	Pass
dEQP-VK.tessellation.tess_io.max_in_out.with_i16.permutation_7.tcs_patch_writes_tes_reads	Pass	Pass
dEQP-VK.tessellation.tess_io.max_in_out.with_i16.permutation_7.tcs_vert_writes_reads_tes_na	Pass	Pass
dEQP-VK.tessellation.tess_io.max_in_out.with_i16.permutation_7.tcs_vert_writes_reads_tes_reads	Pass	Pass
dEQP-VK.tessellation.tess_io.max_in_out.with_i16.permutation_7.tcs_vert_writes_tes_na	Pass	Pass
dEQP-VK.tessellation.tess_io.max_in_out.with_i16.permutation_7.tcs_vert_writes_tes_reads	Pass	Pass
dEQP-VK.tessellation.tess_io.max_in_out.with_i16.permutation_8.tcs_patch_writes_reads_tes_na	Pass	Pass
dEQP-VK.tessellation.tess_io.max_in_out.with_i16.permutation_8.tcs_patch_writes_reads_tes_reads	Pass	Pass
dEQP-VK.tessellation.tess_io.max_in_out.with_i16.permutation_8.tcs_patch_writes_tes_na	Pass	Pass
dEQP-VK.tessellation.tess_io.max_in_out.with_i16.permutation_8.tcs_patch_writes_tes_reads	Pass	Pass
dEQP-VK.tessellation.tess_io.max_in_out.with_i16.permutation_8.tcs_vert_writes_reads_tes_na	Pass	Pass
dEQP-VK.tessellation.tess_io.max_in_out.with_i16.permutation_8.tcs_vert_writes_reads_tes_reads	Pass	Pass
dEQP-VK.tessellation.tess_io.max_in_out.with_i16.permutation_8.tcs_vert_writes_tes_na	Pass	Pass
dEQP-VK.tessellation.tess_io.max_in_out.with_i16.permutation_8.tcs_vert_writes_tes_reads	Pass	Pass
dEQP-VK.tessellation.tess_io.max_in_out.with_i16.permutation_9.tcs_patch_writes_reads_tes_na	Pass	Pass
dEQP-VK.tessellation.tess_io.max_in_out.with_i16.permutation_9.tcs_patch_writes_reads_tes_reads	Pass	Pass
dEQP-VK.tessellation.tess_io.max_in_out.with_i16.permutation_9.tcs_patch_writes_tes_na	Pass	Pass
dEQP-VK.tessellation.tess_io.max_in_out.with_i16.permutation_9.tcs_patch_writes_tes_reads	Pass	Pass
dEQP-VK.tessellation.tess_io.max_in_out.with_i16.permutation_9.tcs_vert_writes_reads_tes_na	Pass	Pass
dEQP-VK.tessellation.tess_io.max_in_out.with_i16.permutation_9.tcs_vert_writes_reads_tes_reads	Pass	Pass
dEQP-VK.tessellation.tess_io.max_in_out.with_i16.permutation_9.tcs_vert_writes_tes_na	Pass	Pass
dEQP-VK.tessellation.tess_io.max_in_out.with_i16.permutation_9.tcs_vert_writes_tes_reads	Pass	Pass
dEQP-VK.tessellation.tess_io.max_in_out.with_i64.permutation_0.tcs_patch_writes_reads_tes_na	Pass	Pass
dEQP-VK.tessellation.tess_io.max_in_out.with_i64.permutation_0.tcs_patch_writes_reads_tes_reads	Pass	Pass
dEQP-VK.tessellation.tess_io.max_in_out.with_i64.permutation_0.tcs_patch_writes_tes_na	Pass	Pass
dEQP-VK.tessellation.tess_io.max_in_out.with_i64.permutation_0.tcs_patch_writes_tes_reads	Pass	Pass
dEQP-VK.tessellation.tess_io.max_in_out.with_i64.permutation_0.tcs_vert_writes_reads_tes_na	Pass	Pass
dEQP-VK.tessellation.tess_io.max_in_out.with_i64.permutation_0.tcs_vert_writes_reads_tes_reads	Pass	Pass
dEQP-VK.tessellation.tess_io.max_in_out.with_i64.permutation_0.tcs_vert_writes_tes_na	Pass	Pass
dEQP-VK.tessellation.tess_io.max_in_out.with_i64.permutation_0.tcs_vert_writes_tes_reads	Pass	Pass
dEQP-VK.tessellation.tess_io.max_in_out.with_i64.permutation_1.tcs_patch_writes_reads_tes_na	Pass	Pass
dEQP-VK.tessellation.tess_io.max_in_out.with_i64.permutation_1.tcs_patch_writes_reads_tes_reads	Pass	Pass
dEQP-VK.tessellation.tess_io.max_in_out.with_i64.permutation_1.tcs_patch_writes_tes_na	Pass	Pass
dEQP-VK.tessellation.tess_io.max_in_out.with_i64.permutation_1.tcs_patch_writes_tes_reads	Pass	Pass
dEQP-VK.tessellation.tess_io.max_in_out.with_i64.permutation_1.tcs_vert_writes_reads_tes_na	Pass	Pass
dEQP-VK.tessellation.tess_io.max_in_out.with_i64.permutation_1.tcs_vert_writes_reads_tes_reads	Pass	Pass
dEQP-VK.tessellation.tess_io.max_in_out.with_i64.permutation_1.tcs_vert_writes_tes_na	Pass	Pass
dEQP-VK.tessellation.tess_io.max_in_out.with_i64.permutation_1.tcs_vert_writes_tes_reads	Pass	Pass
dEQP-VK.tessellation.tess_io.max_in_out.with_i64.permutation_2.tcs_patch_writes_reads_tes_na	Pass	Pass
dEQP-VK.tessellation.tess_io.max_in_out.with_i64.permutation_2.tcs_patch_writes_reads_tes_reads	Pass	Pass
dEQP-VK.tessellation.tess_io.max_in_out.with_i64.permutation_2.tcs_patch_writes_tes_na	Pass	Pass
dEQP-VK.tessellation.tess_io.max_in_out.with_i64.permutation_2.tcs_patch_writes_tes_reads	Pass	Pass
dEQP-VK.tessellation.tess_io.max_in_out.with_i64.permutation_2.tcs_vert_writes_reads_tes_na	Pass	Pass
dEQP-VK.tessellation.tess_io.max_in_out.with_i64.permutation_2.tcs_vert_writes_reads_tes_reads	Pass	Pass
dEQP-VK.tessellation.tess_io.max_in_out.with_i64.permutation_2.tcs_vert_writes_tes_na	Pass	Pass
dEQP-VK.tessellation.tess_io.max_in_out.with_i64.permutation_2.tcs_vert_writes_tes_reads	Pass	Pass
dEQP-VK.tessellation.tess_io.max_in_out.with_i64.permutation_3.tcs_patch_writes_reads_tes_na	Pass	Pass
dEQP-VK.tessellation.tess_io.max_in_out.with_i64.permutation_3.tcs_patch_writes_reads_tes_reads	Pass	Pass
dEQP-VK.tessellation.tess_io.max_in_out.with_i64.permutation_3.tcs_patch_writes_tes_na	Pass	Pass
dEQP-VK.tessellation.tess_io.max_in_out.with_i64.permutation_3.tcs_patch_writes_tes_reads	Pass	Pass
dEQP-VK.tessellation.tess_io.max_in_out.with_i64.permutation_3.tcs_vert_writes_reads_tes_na	Pass	Pass
dEQP-VK.tessellation.tess_io.max_in_out.with_i64.permutation_3.tcs_vert_writes_reads_tes_reads	Pass	Pass
dEQP-VK.tessellation.tess_io.max_in_out.with_i64.permutation_3.tcs_vert_writes_tes_na	Pass	Pass
dEQP-VK.tessellation.tess_io.max_in_out.with_i64.permutation_3.tcs_vert_writes_tes_reads	Pass	Pass
dEQP-VK.tessellation.tess_io.max_in_out.with_i64.permutation_4.tcs_patch_writes_reads_tes_na	Pass	Pass
dEQP-VK.tessellation.tess_io.max_in_out.with_i64.permutation_4.tcs_patch_writes_reads_tes_reads	Pass	Pass
dEQP-VK.tessellation.tess_io.max_in_out.with_i64.permutation_4.tcs_patch_writes_tes_na	Pass	Pass
dEQP-VK.tessellation.tess_io.max_in_out.with_i64.permutation_4.tcs_patch_writes_tes_reads	Pass	Pass
dEQP-VK.tessellation.tess_io.max_in_out.with_i64.permutation_4.tcs_vert_writes_reads_tes_na	Pass	Pass
dEQP-VK.tessellation.tess_io.max_in_out.with_i64.permutation_4.tcs_vert_writes_reads_tes_reads	Pass	Pass
dEQP-VK.tessellation.tess_io.max_in_out.with_i64.permutation_4.tcs_vert_writes_tes_na	Pass	Pass
dEQP-VK.tessellation.tess_io.max_in_out.with_i64.permutation_4.tcs_vert_writes_tes_reads	Pass	Pass
dEQP-VK.tessellation.tess_io.max_in_out.with_i64.permutation_5.tcs_patch_writes_reads_tes_na	Pass	Pass
dEQP-VK.tessellation.tess_io.max_in_out.with_i64.permutation_5.tcs_patch_writes_reads_tes_reads	Pass	Pass
dEQP-VK.tessellation.tess_io.max_in_out.with_i64.permutation_5.tcs_patch_writes_tes_na	Pass	Pass
dEQP-VK.tessellation.tess_io.max_in_out.with_i64.permutation_5.tcs_patch_writes_tes_reads	Pass	Pass
dEQP-VK.tessellation.tess_io.max_in_out.with_i64.permutation_5.tcs_vert_writes_reads_tes_na	Pass	Pass
dEQP-VK.tessellation.tess_io.max_in_out.with_i64.permutation_5.tcs_vert_writes_reads_tes_reads	Pass	Pass
dEQP-VK.tessellation.tess_io.max_in_out.with_i64.permutation_5.tcs_vert_writes_tes_na	Pass	Pass
dEQP-VK.tessellation.tess_io.max_in_out.with_i64.permutation_5.tcs_vert_writes_tes_reads	Pass	Pass
dEQP-VK.tessellation.tess_io.max_in_out.with_i64.permutation_6.tcs_patch_writes_reads_tes_na	Pass	Pass
dEQP-VK.tessellation.tess_io.max_in_out.with_i64.permutation_6.tcs_patch_writes_reads_tes_reads	Pass	Pass
dEQP-VK.tessellation.tess_io.max_in_out.with_i64.permutation_6.tcs_patch_writes_tes_na	Pass	Pass
dEQP-VK.tessellation.tess_io.max_in_out.with_i64.permutation_6.tcs_patch_writes_tes_reads	Pass	Pass
dEQP-VK.tessellation.tess_io.max_in_out.with_i64.permutation_6.tcs_vert_writes_reads_tes_na	Pass	Pass
dEQP-VK.tessellation.tess_io.max_in_out.with_i64.permutation_6.tcs_vert_writes_reads_tes_reads	Pass	Pass
dEQP-VK.tessellation.tess_io.max_in_out.with_i64.permutation_6.tcs_vert_writes_tes_na	Pass	Pass
dEQP-VK.tessellation.tess_io.max_in_out.with_i64.permutation_6.tcs_vert_writes_tes_reads	Pass	Pass
dEQP-VK.tessellation.tess_io.max_in_out.with_i64.permutation_7.tcs_patch_writes_reads_tes_na	Pass	Pass
dEQP-VK.tessellation.tess_io.max_in_out.with_i64.permutation_7.tcs_patch_writes_reads_tes_reads	Pass	Pass
dEQP-VK.tessellation.tess_io.max_in_out.with_i64.permutation_7.tcs_patch_writes_tes_na	Pass	Pass
dEQP-VK.tessellation.tess_io.max_in_out.with_i64.permutation_7.tcs_patch_writes_tes_reads	Pass	Pass
dEQP-VK.tessellation.tess_io.max_in_out.with_i64.permutation_7.tcs_vert_writes_reads_tes_na	Pass	Pass
dEQP-VK.tessellation.tess_io.max_in_out.with_i64.permutation_7.tcs_vert_writes_reads_tes_reads	Pass	Pass
dEQP-VK.tessellation.tess_io.max_in_out.with_i64.permutation_7.tcs_vert_writes_tes_na	Pass	Pass
dEQP-VK.tessellation.tess_io.max_in_out.with_i64.permutation_7.tcs_vert_writes_tes_reads	Pass	Pass
dEQP-VK.tessellation.tess_io.max_in_out.with_i64.permutation_8.tcs_patch_writes_reads_tes_na	Pass	Pass
dEQP-VK.tessellation.tess_io.max_in_out.with_i64.permutation_8.tcs_patch_writes_reads_tes_reads	Pass	Pass
dEQP-VK.tessellation.tess_io.max_in_out.with_i64.permutation_8.tcs_patch_writes_tes_na	Pass	Pass
dEQP-VK.tessellation.tess_io.max_in_out.with_i64.permutation_8.tcs_patch_writes_tes_reads	Pass	Pass
dEQP-VK.tessellation.tess_io.max_in_out.with_i64.permutation_8.tcs_vert_writes_reads_tes_na	Pass	Pass
dEQP-VK.tessellation.tess_io.max_in_out.with_i64.permutation_8.tcs_vert_writes_reads_tes_reads	Pass	Pass
dEQP-VK.tessellation.tess_io.max_in_out.with_i64.permutation_8.tcs_vert_writes_tes_na	Pass	Pass
dEQP-VK.tessellation.tess_io.max_in_out.with_i64.permutation_8.tcs_vert_writes_tes_reads	Pass	Pass
dEQP-VK.tessellation.tess_io.max_in_out.with_i64.permutation_9.tcs_patch_writes_reads_tes_na	Pass	Pass
dEQP-VK.tessellation.tess_io.max_in_out.with_i64.permutation_9.tcs_patch_writes_reads_tes_reads	Pass	Pass
dEQP-VK.tessellation.tess_io.max_in_out.with_i64.permutation_9.tcs_patch_writes_tes_na	Pass	Pass
dEQP-VK.tessellation.tess_io.max_in_out.with_i64.permutation_9.tcs_patch_writes_tes_reads	Pass	Pass
dEQP-VK.tessellation.tess_io.max_in_out.with_i64.permutation_9.tcs_vert_writes_reads_tes_na	Pass	Pass
dEQP-VK.tessellation.tess_io.max_in_out.with_i64.permutation_9.tcs_vert_writes_reads_tes_reads	Pass	Pass
dEQP-VK.tessellation.tess_io.max_in_out.with_i64.permutation_9.tcs_vert_writes_tes_na	Pass	Pass
dEQP-VK.tessellation.tess_io.max_in_out.with_i64.permutation_9.tcs_vert_writes_tes_reads	Pass	Pass
