dEQP-VK.api.device_init.create_device_unsupported_features.depth_clip_enable_features_ext	Pass	Pass
dEQP-VK.api.info.get_physical_device_properties2.features.depth_clip_enable_features_ext	Pass	Querying succeeded
dEQP-VK.clipping.clip_volume.depth_clamp.line_list	Fail	Rendered image(s) are incorrect
dEQP-VK.clipping.clip_volume.depth_clamp.line_list_with_adjacency	Fail	Rendered image(s) are incorrect
dEQP-VK.clipping.clip_volume.depth_clamp.line_strip	Fail	Rendered image(s) are incorrect
dEQP-VK.clipping.clip_volume.depth_clamp.line_strip_with_adjacency	Fail	Rendered image(s) are incorrect
dEQP-VK.clipping.clip_volume.depth_clamp.point_list	Fail	Rendered image(s) are incorrect
dEQP-VK.clipping.clip_volume.depth_clamp.triangle_fan	Pass	OK
dEQP-VK.clipping.clip_volume.depth_clamp.triangle_list	Pass	OK
dEQP-VK.clipping.clip_volume.depth_clamp.triangle_list_with_adjacency	Pass	OK
dEQP-VK.clipping.clip_volume.depth_clamp.triangle_strip	Pass	OK
dEQP-VK.clipping.clip_volume.depth_clamp.triangle_strip_with_adjacency	Pass	OK
dEQP-VK.clipping.clip_volume.depth_clip.line_list	Fail	Rendered image(s) are incorrect (depth clip with depth clamp disabled)
dEQP-VK.clipping.clip_volume.depth_clip.line_list_with_adjacency	Fail	Rendered image(s) are incorrect (depth clip with depth clamp disabled)
dEQP-VK.clipping.clip_volume.depth_clip.line_strip	Fail	Rendered image(s) are incorrect (depth clip with depth clamp disabled)
dEQP-VK.clipping.clip_volume.depth_clip.line_strip_with_adjacency	Fail	Rendered image(s) are incorrect (depth clip with depth clamp disabled)
dEQP-VK.clipping.clip_volume.depth_clip.point_list	Fail	Rendered image(s) are incorrect (depth clip with depth clamp disabled)
dEQP-VK.clipping.clip_volume.depth_clip.triangle_fan	Pass	OK
dEQP-VK.clipping.clip_volume.depth_clip.triangle_list	Pass	OK
dEQP-VK.clipping.clip_volume.depth_clip.triangle_list_with_adjacency	Pass	OK
dEQP-VK.clipping.clip_volume.depth_clip.triangle_strip	Pass	OK
dEQP-VK.clipping.clip_volume.depth_clip.triangle_strip_with_adjacency	Pass	OK
dEQP-VK.draw.renderpass.depth_clamp.d16_unorm	Pass	Pass
dEQP-VK.draw.renderpass.depth_clamp.d16_unorm_clamp_control_half_viewport_range	Pass	Pass
dEQP-VK.draw.renderpass.depth_clamp.d16_unorm_clamp_control_half_viewport_range_dynamic	Pass	Pass
dEQP-VK.draw.renderpass.depth_clamp.d16_unorm_clamp_control_input_negative	Fail	Depth value mismatch, expected: 0.1, got: 0.500008 at (0, 0, 0)
dEQP-VK.draw.renderpass.depth_clamp.d16_unorm_clamp_control_input_negative_dynamic	Fail	Depth value mismatch, expected: 0.1, got: 0.500008 at (0, 0, 0)
dEQP-VK.draw.renderpass.depth_clamp.d16_unorm_clamp_control_input_positive	Fail	Depth value mismatch, expected: 0.9, got: 0.500008 at (0, 0, 0)
dEQP-VK.draw.renderpass.depth_clamp.d16_unorm_clamp_control_input_positive_dynamic	Fail	Depth value mismatch, expected: 0.9, got: 0.500008 at (0, 0, 0)
dEQP-VK.draw.renderpass.depth_clamp.d16_unorm_clamp_control_viewport_range	Pass	Pass
dEQP-VK.draw.renderpass.depth_clamp.d16_unorm_clamp_input_negative	Fail	Depth value mismatch, expected: 0, got: 0.500008 at (0, 0, 0)
dEQP-VK.draw.renderpass.depth_clamp.d16_unorm_clamp_input_positive	Fail	Depth value mismatch, expected: 1, got: 0.500008 at (0, 0, 0)
dEQP-VK.draw.renderpass.depth_clamp.d16_unorm_depth_bias_clamp_control_input_negative	Pass	Pass
dEQP-VK.draw.renderpass.depth_clamp.d16_unorm_depth_bias_clamp_control_input_negative_dynamic	Pass	Pass
dEQP-VK.draw.renderpass.depth_clamp.d16_unorm_depth_bias_clamp_control_input_positive	Pass	Pass
dEQP-VK.draw.renderpass.depth_clamp.d16_unorm_depth_bias_clamp_control_input_positive_dynamic	Pass	Pass
dEQP-VK.draw.renderpass.depth_clamp.d16_unorm_depth_bias_clamp_input_negative	Pass	Pass
dEQP-VK.draw.renderpass.depth_clamp.d16_unorm_depth_bias_clamp_input_positive	Pass	Pass
dEQP-VK.draw.renderpass.depth_clamp.d16_unorm_s8_uint	NotSupported	Format not supported at vktDrawDepthClampTests.cpp:1092
dEQP-VK.draw.renderpass.depth_clamp.d16_unorm_s8_uint_clamp_control_half_viewport_range	NotSupported	Format not supported at vktDrawDepthClampTests.cpp:1092
dEQP-VK.draw.renderpass.depth_clamp.d16_unorm_s8_uint_clamp_control_half_viewport_range_dynamic	NotSupported	Format not supported at vktDrawDepthClampTests.cpp:1092
dEQP-VK.draw.renderpass.depth_clamp.d16_unorm_s8_uint_clamp_control_input_negative	NotSupported	Format not supported at vktDrawDepthClampTests.cpp:1092
dEQP-VK.draw.renderpass.depth_clamp.d16_unorm_s8_uint_clamp_control_input_negative_dynamic	NotSupported	Format not supported at vktDrawDepthClampTests.cpp:1092
dEQP-VK.draw.renderpass.depth_clamp.d16_unorm_s8_uint_clamp_control_input_positive	NotSupported	Format not supported at vktDrawDepthClampTests.cpp:1092
dEQP-VK.draw.renderpass.depth_clamp.d16_unorm_s8_uint_clamp_control_input_positive_dynamic	NotSupported	Format not supported at vktDrawDepthClampTests.cpp:1092
dEQP-VK.draw.renderpass.depth_clamp.d16_unorm_s8_uint_clamp_control_viewport_range	NotSupported	Format not supported at vktDrawDepthClampTests.cpp:1092
dEQP-VK.draw.renderpass.depth_clamp.d16_unorm_s8_uint_clamp_input_negative	NotSupported	Format not supported at vktDrawDepthClampTests.cpp:1092
dEQP-VK.draw.renderpass.depth_clamp.d16_unorm_s8_uint_clamp_input_positive	NotSupported	Format not supported at vktDrawDepthClampTests.cpp:1092
dEQP-VK.draw.renderpass.depth_clamp.d16_unorm_s8_uint_depth_bias_clamp_control_input_negative	NotSupported	Format not supported at vktDrawDepthClampTests.cpp:1092
dEQP-VK.draw.renderpass.depth_clamp.d16_unorm_s8_uint_depth_bias_clamp_control_input_negative_dynamic	NotSupported	Format not supported at vktDrawDepthClampTests.cpp:1092
dEQP-VK.draw.renderpass.depth_clamp.d16_unorm_s8_uint_depth_bias_clamp_control_input_positive	NotSupported	Format not supported at vktDrawDepthClampTests.cpp:1092
dEQP-VK.draw.renderpass.depth_clamp.d16_unorm_s8_uint_depth_bias_clamp_control_input_positive_dynamic	NotSupported	Format not supported at vktDrawDepthClampTests.cpp:1092
dEQP-VK.draw.renderpass.depth_clamp.d16_unorm_s8_uint_depth_bias_clamp_input_negative	NotSupported	Format not supported at vktDrawDepthClampTests.cpp:1092
dEQP-VK.draw.renderpass.depth_clamp.d16_unorm_s8_uint_depth_bias_clamp_input_positive	NotSupported	Format not supported at vktDrawDepthClampTests.cpp:1092
dEQP-VK.draw.renderpass.depth_clamp.d24_unorm_s8_uint	Pass	Pass
dEQP-VK.draw.renderpass.depth_clamp.d24_unorm_s8_uint_clamp_control_half_viewport_range	Pass	Pass
dEQP-VK.draw.renderpass.depth_clamp.d24_unorm_s8_uint_clamp_control_half_viewport_range_dynamic	Pass	Pass
dEQP-VK.draw.renderpass.depth_clamp.d24_unorm_s8_uint_clamp_control_input_negative	Fail	Depth value mismatch, expected: 0.1, got: 0.5 at (0, 0, 0)
dEQP-VK.draw.renderpass.depth_clamp.d24_unorm_s8_uint_clamp_control_input_negative_dynamic	Fail	Depth value mismatch, expected: 0.1, got: 0.5 at (0, 0, 0)
dEQP-VK.draw.renderpass.depth_clamp.d24_unorm_s8_uint_clamp_control_input_positive	Fail	Depth value mismatch, expected: 0.9, got: 0.5 at (0, 0, 0)
dEQP-VK.draw.renderpass.depth_clamp.d24_unorm_s8_uint_clamp_control_input_positive_dynamic	Fail	Depth value mismatch, expected: 0.9, got: 0.5 at (0, 0, 0)
dEQP-VK.draw.renderpass.depth_clamp.d24_unorm_s8_uint_clamp_control_viewport_range	Pass	Pass
dEQP-VK.draw.renderpass.depth_clamp.d24_unorm_s8_uint_clamp_input_negative	Fail	Depth value mismatch, expected: 0, got: 0.5 at (0, 0, 0)
dEQP-VK.draw.renderpass.depth_clamp.d24_unorm_s8_uint_clamp_input_positive	Fail	Depth value mismatch, expected: 1, got: 0.5 at (0, 0, 0)
dEQP-VK.draw.renderpass.depth_clamp.d24_unorm_s8_uint_depth_bias_clamp_control_input_negative	Pass	Pass
dEQP-VK.draw.renderpass.depth_clamp.d24_unorm_s8_uint_depth_bias_clamp_control_input_negative_dynamic	Pass	Pass
dEQP-VK.draw.renderpass.depth_clamp.d24_unorm_s8_uint_depth_bias_clamp_control_input_positive	Pass	Pass
dEQP-VK.draw.renderpass.depth_clamp.d24_unorm_s8_uint_depth_bias_clamp_control_input_positive_dynamic	Pass	Pass
dEQP-VK.draw.renderpass.depth_clamp.d24_unorm_s8_uint_depth_bias_clamp_input_negative	Pass	Pass
dEQP-VK.draw.renderpass.depth_clamp.d24_unorm_s8_uint_depth_bias_clamp_input_positive	Pass	Pass
dEQP-VK.draw.renderpass.depth_clamp.d32_sfloat	Pass	Pass
dEQP-VK.draw.renderpass.depth_clamp.d32_sfloat_clamp_control_half_viewport_range	Pass	Pass
dEQP-VK.draw.renderpass.depth_clamp.d32_sfloat_clamp_control_half_viewport_range_dynamic	Pass	Pass
dEQP-VK.draw.renderpass.depth_clamp.d32_sfloat_clamp_control_input_negative	Fail	Depth value mismatch, expected: 0.1, got: 0.5 at (0, 0, 0)
dEQP-VK.draw.renderpass.depth_clamp.d32_sfloat_clamp_control_input_negative_dynamic	Fail	Depth value mismatch, expected: 0.1, got: 0.5 at (0, 0, 0)
dEQP-VK.draw.renderpass.depth_clamp.d32_sfloat_clamp_control_input_positive	Fail	Depth value mismatch, expected: 0.9, got: 0.5 at (0, 0, 0)
dEQP-VK.draw.renderpass.depth_clamp.d32_sfloat_clamp_control_input_positive_dynamic	Fail	Depth value mismatch, expected: 0.9, got: 0.5 at (0, 0, 0)
dEQP-VK.draw.renderpass.depth_clamp.d32_sfloat_clamp_control_viewport_range	Pass	Pass
dEQP-VK.draw.renderpass.depth_clamp.d32_sfloat_clamp_four_viewports	Pass	Pass
dEQP-VK.draw.renderpass.depth_clamp.d32_sfloat_clamp_input_negative	Fail	Depth value mismatch, expected: 0, got: 0.5 at (0, 0, 0)
dEQP-VK.draw.renderpass.depth_clamp.d32_sfloat_clamp_input_positive	Fail	Depth value mismatch, expected: 1, got: 0.5 at (0, 0, 0)
dEQP-VK.draw.renderpass.depth_clamp.d32_sfloat_depth_bias_clamp_control_input_negative	Pass	Pass
dEQP-VK.draw.renderpass.depth_clamp.d32_sfloat_depth_bias_clamp_control_input_negative_dynamic	Pass	Pass
dEQP-VK.draw.renderpass.depth_clamp.d32_sfloat_depth_bias_clamp_control_input_positive	Pass	Pass
dEQP-VK.draw.renderpass.depth_clamp.d32_sfloat_depth_bias_clamp_control_input_positive_dynamic	Pass	Pass
dEQP-VK.draw.renderpass.depth_clamp.d32_sfloat_depth_bias_clamp_input_negative	Pass	Pass
dEQP-VK.draw.renderpass.depth_clamp.d32_sfloat_depth_bias_clamp_input_positive	Pass	Pass
dEQP-VK.draw.renderpass.depth_clamp.d32_sfloat_depth_range_unrestricted_negative	NotSupported	VK_EXT_depth_range_unrestricted is not supported at vktTestCase.cpp:1394
dEQP-VK.draw.renderpass.depth_clamp.d32_sfloat_depth_range_unrestricted_positive	NotSupported	VK_EXT_depth_range_unrestricted is not supported at vktTestCase.cpp:1394
dEQP-VK.draw.renderpass.depth_clamp.d32_sfloat_s8_uint	Pass	Pass
dEQP-VK.draw.renderpass.depth_clamp.d32_sfloat_s8_uint_clamp_control_half_viewport_range	Pass	Pass
dEQP-VK.draw.renderpass.depth_clamp.d32_sfloat_s8_uint_clamp_control_half_viewport_range_dynamic	Pass	Pass
dEQP-VK.draw.renderpass.depth_clamp.d32_sfloat_s8_uint_clamp_control_input_negative	Fail	Depth value mismatch, expected: 0.1, got: 0.5 at (0, 0, 0)
dEQP-VK.draw.renderpass.depth_clamp.d32_sfloat_s8_uint_clamp_control_input_negative_dynamic	Fail	Depth value mismatch, expected: 0.1, got: 0.5 at (0, 0, 0)
dEQP-VK.draw.renderpass.depth_clamp.d32_sfloat_s8_uint_clamp_control_input_positive	Fail	Depth value mismatch, expected: 0.9, got: 0.5 at (0, 0, 0)
dEQP-VK.draw.renderpass.depth_clamp.d32_sfloat_s8_uint_clamp_control_input_positive_dynamic	Fail	Depth value mismatch, expected: 0.9, got: 0.5 at (0, 0, 0)
dEQP-VK.draw.renderpass.depth_clamp.d32_sfloat_s8_uint_clamp_control_viewport_range	Pass	Pass
dEQP-VK.draw.renderpass.depth_clamp.d32_sfloat_s8_uint_clamp_four_viewports	Pass	Pass
dEQP-VK.draw.renderpass.depth_clamp.d32_sfloat_s8_uint_clamp_input_negative	Fail	Depth value mismatch, expected: 0, got: 0.5 at (0, 0, 0)
dEQP-VK.draw.renderpass.depth_clamp.d32_sfloat_s8_uint_clamp_input_positive	Fail	Depth value mismatch, expected: 1, got: 0.5 at (0, 0, 0)
dEQP-VK.draw.renderpass.depth_clamp.d32_sfloat_s8_uint_depth_bias_clamp_control_input_negative	Pass	Pass
dEQP-VK.draw.renderpass.depth_clamp.d32_sfloat_s8_uint_depth_bias_clamp_control_input_negative_dynamic	Pass	Pass
dEQP-VK.draw.renderpass.depth_clamp.d32_sfloat_s8_uint_depth_bias_clamp_control_input_positive	Pass	Pass
dEQP-VK.draw.renderpass.depth_clamp.d32_sfloat_s8_uint_depth_bias_clamp_control_input_positive_dynamic	Pass	Pass
dEQP-VK.draw.renderpass.depth_clamp.d32_sfloat_s8_uint_depth_bias_clamp_input_negative	Pass	Pass
dEQP-VK.draw.renderpass.depth_clamp.d32_sfloat_s8_uint_depth_bias_clamp_input_positive	Pass	Pass
dEQP-VK.draw.renderpass.depth_clamp.d32_sfloat_s8_uint_depth_range_unrestricted_negative	NotSupported	VK_EXT_depth_range_unrestricted is not supported at vktTestCase.cpp:1394
dEQP-VK.draw.renderpass.depth_clamp.d32_sfloat_s8_uint_depth_range_unrestricted_positive	NotSupported	VK_EXT_depth_range_unrestricted is not supported at vktTestCase.cpp:1394
dEQP-VK.draw.renderpass.depth_clamp.d32_sfloat_s8_uint_unrestricted_bias_clamp_control_negative	NotSupported	VK_EXT_depth_range_unrestricted is not supported at vktTestCase.cpp:1394
dEQP-VK.draw.renderpass.depth_clamp.d32_sfloat_s8_uint_unrestricted_bias_clamp_control_negative_dynamic	NotSupported	VK_EXT_depth_range_unrestricted is not supported at vktTestCase.cpp:1394
dEQP-VK.draw.renderpass.depth_clamp.d32_sfloat_s8_uint_unrestricted_bias_clamp_control_positive	NotSupported	VK_EXT_depth_range_unrestricted is not supported at vktTestCase.cpp:1394
dEQP-VK.draw.renderpass.depth_clamp.d32_sfloat_s8_uint_unrestricted_bias_clamp_control_positive_dynamic	NotSupported	VK_EXT_depth_range_unrestricted is not supported at vktTestCase.cpp:1394
dEQP-VK.draw.renderpass.depth_clamp.d32_sfloat_s8_uint_unrestricted_clamp_control_negative	NotSupported	VK_EXT_depth_range_unrestricted is not supported at vktTestCase.cpp:1394
dEQP-VK.draw.renderpass.depth_clamp.d32_sfloat_s8_uint_unrestricted_clamp_control_negative_dynamic	NotSupported	VK_EXT_depth_range_unrestricted is not supported at vktTestCase.cpp:1394
dEQP-VK.draw.renderpass.depth_clamp.d32_sfloat_s8_uint_unrestricted_clamp_control_positive	NotSupported	VK_EXT_depth_range_unrestricted is not supported at vktTestCase.cpp:1394
dEQP-VK.draw.renderpass.depth_clamp.d32_sfloat_s8_uint_unrestricted_clamp_control_positive_dynamic	NotSupported	VK_EXT_depth_range_unrestricted is not supported at vktTestCase.cpp:1394
dEQP-VK.draw.renderpass.depth_clamp.d32_sfloat_unrestricted_bias_clamp_control_negative	NotSupported	VK_EXT_depth_range_unrestricted is not supported at vktTestCase.cpp:1394
dEQP-VK.draw.renderpass.depth_clamp.d32_sfloat_unrestricted_bias_clamp_control_negative_dynamic	NotSupported	VK_EXT_depth_range_unrestricted is not supported at vktTestCase.cpp:1394
dEQP-VK.draw.renderpass.depth_clamp.d32_sfloat_unrestricted_bias_clamp_control_positive	NotSupported	VK_EXT_depth_range_unrestricted is not supported at vktTestCase.cpp:1394
dEQP-VK.draw.renderpass.depth_clamp.d32_sfloat_unrestricted_bias_clamp_control_positive_dynamic	NotSupported	VK_EXT_depth_range_unrestricted is not supported at vktTestCase.cpp:1394
dEQP-VK.draw.renderpass.depth_clamp.d32_sfloat_unrestricted_clamp_control_negative	NotSupported	VK_EXT_depth_range_unrestricted is not supported at vktTestCase.cpp:1394
dEQP-VK.draw.renderpass.depth_clamp.d32_sfloat_unrestricted_clamp_control_negative_dynamic	NotSupported	VK_EXT_depth_range_unrestricted is not supported at vktTestCase.cpp:1394
dEQP-VK.draw.renderpass.depth_clamp.d32_sfloat_unrestricted_clamp_control_positive	NotSupported	VK_EXT_depth_range_unrestricted is not supported at vktTestCase.cpp:1394
dEQP-VK.draw.renderpass.depth_clamp.d32_sfloat_unrestricted_clamp_control_positive_dynamic	NotSupported	VK_EXT_depth_range_unrestricted is not supported at vktTestCase.cpp:1394
dEQP-VK.draw.renderpass.depth_clamp.x8_d24_unorm_pack32	Pass	Pass
dEQP-VK.draw.renderpass.depth_clamp.x8_d24_unorm_pack32_clamp_control_half_viewport_range	Pass	Pass
dEQP-VK.draw.renderpass.depth_clamp.x8_d24_unorm_pack32_clamp_control_half_viewport_range_dynamic	Pass	Pass
dEQP-VK.draw.renderpass.depth_clamp.x8_d24_unorm_pack32_clamp_control_input_negative	Fail	Depth value mismatch, expected: 0.1, got: 0.5 at (0, 0, 0)
dEQP-VK.draw.renderpass.depth_clamp.x8_d24_unorm_pack32_clamp_control_input_negative_dynamic	Fail	Depth value mismatch, expected: 0.1, got: 0.5 at (0, 0, 0)
dEQP-VK.draw.renderpass.depth_clamp.x8_d24_unorm_pack32_clamp_control_input_positive	Fail	Depth value mismatch, expected: 0.9, got: 0.5 at (0, 0, 0)
dEQP-VK.draw.renderpass.depth_clamp.x8_d24_unorm_pack32_clamp_control_input_positive_dynamic	Fail	Depth value mismatch, expected: 0.9, got: 0.5 at (0, 0, 0)
dEQP-VK.draw.renderpass.depth_clamp.x8_d24_unorm_pack32_clamp_control_viewport_range	Pass	Pass
dEQP-VK.draw.renderpass.depth_clamp.x8_d24_unorm_pack32_clamp_input_negative	Fail	Depth value mismatch, expected: 0, got: 0.5 at (0, 0, 0)
dEQP-VK.draw.renderpass.depth_clamp.x8_d24_unorm_pack32_clamp_input_positive	Fail	Depth value mismatch, expected: 1, got: 0.5 at (0, 0, 0)
dEQP-VK.draw.renderpass.depth_clamp.x8_d24_unorm_pack32_depth_bias_clamp_control_input_negative	Pass	Pass
dEQP-VK.draw.renderpass.depth_clamp.x8_d24_unorm_pack32_depth_bias_clamp_control_input_negative_dynamic	Pass	Pass
dEQP-VK.draw.renderpass.depth_clamp.x8_d24_unorm_pack32_depth_bias_clamp_control_input_positive	Pass	Pass
dEQP-VK.draw.renderpass.depth_clamp.x8_d24_unorm_pack32_depth_bias_clamp_control_input_positive_dynamic	Pass	Pass
dEQP-VK.draw.renderpass.depth_clamp.x8_d24_unorm_pack32_depth_bias_clamp_input_negative	Pass	Pass
dEQP-VK.draw.renderpass.depth_clamp.x8_d24_unorm_pack32_depth_bias_clamp_input_positive	Pass	Pass
dEQP-VK.glsl.builtin_var.fragdepth.line_list_d16_unorm_no_depth_clamp	Pass	gl_FragDepth line_list passed
dEQP-VK.glsl.builtin_var.fragdepth.line_list_d16_unorm_s8_uint_no_depth_clamp	NotSupported	Image format not supported
dEQP-VK.glsl.builtin_var.fragdepth.line_list_d24_unorm_s8_uint_no_depth_clamp	Pass	gl_FragDepth line_list passed
dEQP-VK.glsl.builtin_var.fragdepth.line_list_d32_sfloat	Pass	gl_FragDepth line_list passed
dEQP-VK.glsl.builtin_var.fragdepth.line_list_d32_sfloat_large_depth	NotSupported	large_depth test variants require the VK_EXT_depth_range_unrestricted extension
dEQP-VK.glsl.builtin_var.fragdepth.line_list_d32_sfloat_multisample_16	Pass	gl_FragDepth line_list passed
dEQP-VK.glsl.builtin_var.fragdepth.line_list_d32_sfloat_multisample_2	NotSupported	Image format and sample count not supported
dEQP-VK.glsl.builtin_var.fragdepth.line_list_d32_sfloat_multisample_32	NotSupported	Image format and sample count not supported
dEQP-VK.glsl.builtin_var.fragdepth.line_list_d32_sfloat_multisample_4	Pass	gl_FragDepth line_list passed
dEQP-VK.glsl.builtin_var.fragdepth.line_list_d32_sfloat_multisample_64	NotSupported	Image format and sample count not supported
dEQP-VK.glsl.builtin_var.fragdepth.line_list_d32_sfloat_multisample_8	Pass	gl_FragDepth line_list passed
dEQP-VK.glsl.builtin_var.fragdepth.line_list_d32_sfloat_no_depth_clamp	Pass	gl_FragDepth line_list passed
dEQP-VK.glsl.builtin_var.fragdepth.line_list_d32_sfloat_s8_uint	Pass	gl_FragDepth line_list passed
dEQP-VK.glsl.builtin_var.fragdepth.line_list_d32_sfloat_s8_uint_no_depth_clamp	Pass	gl_FragDepth line_list passed
dEQP-VK.glsl.builtin_var.fragdepth.line_list_x8_d24_unorm_pack32_no_depth_clamp	Pass	gl_FragDepth line_list passed
dEQP-VK.glsl.builtin_var.fragdepth.point_list_d16_unorm_no_depth_clamp	Pass	gl_FragDepth point_list passed
dEQP-VK.glsl.builtin_var.fragdepth.point_list_d16_unorm_s8_uint_no_depth_clamp	NotSupported	Image format not supported
dEQP-VK.glsl.builtin_var.fragdepth.point_list_d24_unorm_s8_uint_no_depth_clamp	Pass	gl_FragDepth point_list passed
dEQP-VK.glsl.builtin_var.fragdepth.point_list_d32_sfloat	Pass	gl_FragDepth point_list passed
dEQP-VK.glsl.builtin_var.fragdepth.point_list_d32_sfloat_large_depth	NotSupported	large_depth test variants require the VK_EXT_depth_range_unrestricted extension
dEQP-VK.glsl.builtin_var.fragdepth.point_list_d32_sfloat_multisample_16	Pass	gl_FragDepth point_list passed
dEQP-VK.glsl.builtin_var.fragdepth.point_list_d32_sfloat_multisample_2	NotSupported	Image format and sample count not supported
dEQP-VK.glsl.builtin_var.fragdepth.point_list_d32_sfloat_multisample_32	NotSupported	Image format and sample count not supported
dEQP-VK.glsl.builtin_var.fragdepth.point_list_d32_sfloat_multisample_4	Pass	gl_FragDepth point_list passed
dEQP-VK.glsl.builtin_var.fragdepth.point_list_d32_sfloat_multisample_64	NotSupported	Image format and sample count not supported
dEQP-VK.glsl.builtin_var.fragdepth.point_list_d32_sfloat_multisample_8	Pass	gl_FragDepth point_list passed
dEQP-VK.glsl.builtin_var.fragdepth.point_list_d32_sfloat_no_depth_clamp	Pass	gl_FragDepth point_list passed
dEQP-VK.glsl.builtin_var.fragdepth.point_list_d32_sfloat_s8_uint	Pass	gl_FragDepth point_list passed
dEQP-VK.glsl.builtin_var.fragdepth.point_list_d32_sfloat_s8_uint_no_depth_clamp	Pass	gl_FragDepth point_list passed
dEQP-VK.glsl.builtin_var.fragdepth.point_list_x8_d24_unorm_pack32_no_depth_clamp	Pass	gl_FragDepth point_list passed
dEQP-VK.glsl.builtin_var.fragdepth.triangle_list_d16_unorm_no_depth_clamp	Pass	gl_FragDepth triangle_strip passed
dEQP-VK.glsl.builtin_var.fragdepth.triangle_list_d16_unorm_s8_uint_no_depth_clamp	NotSupported	Image format not supported
dEQP-VK.glsl.builtin_var.fragdepth.triangle_list_d24_unorm_s8_uint_no_depth_clamp	Pass	gl_FragDepth triangle_strip passed
dEQP-VK.glsl.builtin_var.fragdepth.triangle_list_d32_sfloat	Pass	gl_FragDepth triangle_strip passed
dEQP-VK.glsl.builtin_var.fragdepth.triangle_list_d32_sfloat_large_depth	NotSupported	large_depth test variants require the VK_EXT_depth_range_unrestricted extension
dEQP-VK.glsl.builtin_var.fragdepth.triangle_list_d32_sfloat_multisample_16	Pass	gl_FragDepth triangle_strip passed
dEQP-VK.glsl.builtin_var.fragdepth.triangle_list_d32_sfloat_multisample_2	NotSupported	Image format and sample count not supported
dEQP-VK.glsl.builtin_var.fragdepth.triangle_list_d32_sfloat_multisample_32	NotSupported	Image format and sample count not supported
dEQP-VK.glsl.builtin_var.fragdepth.triangle_list_d32_sfloat_multisample_4	Pass	gl_FragDepth triangle_strip passed
dEQP-VK.glsl.builtin_var.fragdepth.triangle_list_d32_sfloat_multisample_64	NotSupported	Image format and sample count not supported
dEQP-VK.glsl.builtin_var.fragdepth.triangle_list_d32_sfloat_multisample_8	Pass	gl_FragDepth triangle_strip passed
dEQP-VK.glsl.builtin_var.fragdepth.triangle_list_d32_sfloat_no_depth_clamp	Pass	gl_FragDepth triangle_strip passed
dEQP-VK.glsl.builtin_var.fragdepth.triangle_list_d32_sfloat_s8_uint	Pass	gl_FragDepth triangle_strip passed
dEQP-VK.glsl.builtin_var.fragdepth.triangle_list_d32_sfloat_s8_uint_no_depth_clamp	Pass	gl_FragDepth triangle_strip passed
dEQP-VK.glsl.builtin_var.fragdepth.triangle_list_x8_d24_unorm_pack32_no_depth_clamp	Pass	gl_FragDepth triangle_strip passed
dEQP-VK.pipeline.fast_linked_library.extended_dynamic_state.after_pipelines.depth_clip_enable_true_to_false	Pass	Pass
dEQP-VK.pipeline.fast_linked_library.extended_dynamic_state.after_pipelines.depth_clip_enable_true_to_false_explicit	Fail	Incorrect value found in attachments; please check logged images
dEQP-VK.pipeline.fast_linked_library.extended_dynamic_state.after_pipelines.depth_clip_enable_true_to_false_implicit	Fail	Incorrect value found in attachments; please check logged images
dEQP-VK.pipeline.fast_linked_library.extended_dynamic_state.before_draw.depth_clip_enable_true_to_false	Pass	Pass
dEQP-VK.pipeline.fast_linked_library.extended_dynamic_state.before_draw.depth_clip_enable_true_to_false_explicit	Fail	Incorrect value found in attachments; please check logged images
dEQP-VK.pipeline.fast_linked_library.extended_dynamic_state.before_draw.depth_clip_enable_true_to_false_implicit	Fail	Incorrect value found in attachments; please check logged images
dEQP-VK.pipeline.fast_linked_library.extended_dynamic_state.before_good_static.depth_clip_enable_true_to_false	Pass	Pass
dEQP-VK.pipeline.fast_linked_library.extended_dynamic_state.before_good_static.depth_clip_enable_true_to_false_explicit	Fail	Incorrect value found in attachments; please check logged images
dEQP-VK.pipeline.fast_linked_library.extended_dynamic_state.before_good_static.depth_clip_enable_true_to_false_implicit	Fail	Incorrect value found in attachments; please check logged images
dEQP-VK.pipeline.fast_linked_library.extended_dynamic_state.between_pipelines.depth_clip_enable_true_to_false	Pass	Pass
dEQP-VK.pipeline.fast_linked_library.extended_dynamic_state.between_pipelines.depth_clip_enable_true_to_false_explicit	Fail	Incorrect value found in attachments; please check logged images
dEQP-VK.pipeline.fast_linked_library.extended_dynamic_state.between_pipelines.depth_clip_enable_true_to_false_implicit	Fail	Incorrect value found in attachments; please check logged images
dEQP-VK.pipeline.fast_linked_library.extended_dynamic_state.cmd_buffer_start.depth_clip_enable_true_to_false	Pass	Pass
dEQP-VK.pipeline.fast_linked_library.extended_dynamic_state.cmd_buffer_start.depth_clip_enable_true_to_false_explicit	Fail	Incorrect value found in attachments; please check logged images
dEQP-VK.pipeline.fast_linked_library.extended_dynamic_state.cmd_buffer_start.depth_clip_enable_true_to_false_implicit	Fail	Incorrect value found in attachments; please check logged images
dEQP-VK.pipeline.fast_linked_library.extended_dynamic_state.three_draws_dynamic.depth_clip_enable_true_to_false	Pass	Pass
dEQP-VK.pipeline.fast_linked_library.extended_dynamic_state.three_draws_dynamic.depth_clip_enable_true_to_false_explicit	Fail	Incorrect value found in attachments; please check logged images
dEQP-VK.pipeline.fast_linked_library.extended_dynamic_state.three_draws_dynamic.depth_clip_enable_true_to_false_implicit	Fail	Incorrect value found in attachments; please check logged images
dEQP-VK.pipeline.fast_linked_library.extended_dynamic_state.two_draws_dynamic.depth_clip_enable_true_to_false	Pass	Pass
dEQP-VK.pipeline.fast_linked_library.extended_dynamic_state.two_draws_dynamic.depth_clip_enable_true_to_false_explicit	Fail	Incorrect value found in attachments; please check logged images
dEQP-VK.pipeline.fast_linked_library.extended_dynamic_state.two_draws_dynamic.depth_clip_enable_true_to_false_implicit	Fail	Incorrect value found in attachments; please check logged images
dEQP-VK.pipeline.fast_linked_library.extended_dynamic_state.two_draws_static.depth_clip_enable_true_to_false	Pass	Pass
dEQP-VK.pipeline.fast_linked_library.extended_dynamic_state.two_draws_static.depth_clip_enable_true_to_false_explicit	Fail	Incorrect value found in attachments; please check logged images
dEQP-VK.pipeline.monolithic.depth.depth_clip_control.d16_unorm_always	Pass	Result image matches reference
dEQP-VK.pipeline.monolithic.depth.depth_clip_control.d16_unorm_always_different_w	Pass	Result image matches reference
dEQP-VK.pipeline.monolithic.depth.depth_clip_control.d16_unorm_always_viewport_after_dynamic	Pass	Result image matches reference
dEQP-VK.pipeline.monolithic.depth.depth_clip_control.d16_unorm_always_viewport_before_dynamic	Pass	Result image matches reference
dEQP-VK.pipeline.monolithic.depth.depth_clip_control.d16_unorm_always_viewport_before_static	Pass	Result image matches reference
dEQP-VK.pipeline.monolithic.depth.depth_clip_control.d16_unorm_always_viewport_before_two_dynamic	Pass	Result image matches reference
dEQP-VK.pipeline.monolithic.depth.depth_clip_control.d16_unorm_less	Pass	Result image matches reference
dEQP-VK.pipeline.monolithic.depth.depth_clip_control.d16_unorm_less_different_w	Pass	Result image matches reference
dEQP-VK.pipeline.monolithic.depth.depth_clip_control.d16_unorm_less_viewport_after_dynamic	Pass	Result image matches reference
dEQP-VK.pipeline.monolithic.depth.depth_clip_control.d16_unorm_less_viewport_before_dynamic	Pass	Result image matches reference
dEQP-VK.pipeline.monolithic.depth.depth_clip_control.d16_unorm_less_viewport_before_static	Pass	Result image matches reference
dEQP-VK.pipeline.monolithic.depth.depth_clip_control.d16_unorm_less_viewport_before_two_dynamic	Pass	Result image matches reference
dEQP-VK.pipeline.monolithic.depth.depth_clip_control.d16_unorm_s8_uint_always	NotSupported	Unsupported depth/stencil format: VK_FORMAT_D16_UNORM_S8_UINT
dEQP-VK.pipeline.monolithic.depth.depth_clip_control.d16_unorm_s8_uint_always_different_w	NotSupported	Unsupported depth/stencil format: VK_FORMAT_D16_UNORM_S8_UINT
dEQP-VK.pipeline.monolithic.depth.depth_clip_control.d16_unorm_s8_uint_always_viewport_after_dynamic	NotSupported	Unsupported depth/stencil format: VK_FORMAT_D16_UNORM_S8_UINT
dEQP-VK.pipeline.monolithic.depth.depth_clip_control.d16_unorm_s8_uint_always_viewport_before_dynamic	NotSupported	Unsupported depth/stencil format: VK_FORMAT_D16_UNORM_S8_UINT
dEQP-VK.pipeline.monolithic.depth.depth_clip_control.d16_unorm_s8_uint_always_viewport_before_static	NotSupported	Unsupported depth/stencil format: VK_FORMAT_D16_UNORM_S8_UINT
dEQP-VK.pipeline.monolithic.depth.depth_clip_control.d16_unorm_s8_uint_always_viewport_before_two_dynamic	NotSupported	Unsupported depth/stencil format: VK_FORMAT_D16_UNORM_S8_UINT
dEQP-VK.pipeline.monolithic.depth.depth_clip_control.d16_unorm_s8_uint_less	NotSupported	Unsupported depth/stencil format: VK_FORMAT_D16_UNORM_S8_UINT
dEQP-VK.pipeline.monolithic.depth.depth_clip_control.d16_unorm_s8_uint_less_different_w	NotSupported	Unsupported depth/stencil format: VK_FORMAT_D16_UNORM_S8_UINT
dEQP-VK.pipeline.monolithic.depth.depth_clip_control.d16_unorm_s8_uint_less_viewport_after_dynamic	NotSupported	Unsupported depth/stencil format: VK_FORMAT_D16_UNORM_S8_UINT
dEQP-VK.pipeline.monolithic.depth.depth_clip_control.d16_unorm_s8_uint_less_viewport_before_dynamic	NotSupported	Unsupported depth/stencil format: VK_FORMAT_D16_UNORM_S8_UINT
dEQP-VK.pipeline.monolithic.depth.depth_clip_control.d16_unorm_s8_uint_less_viewport_before_static	NotSupported	Unsupported depth/stencil format: VK_FORMAT_D16_UNORM_S8_UINT
dEQP-VK.pipeline.monolithic.depth.depth_clip_control.d16_unorm_s8_uint_less_viewport_before_two_dynamic	NotSupported	Unsupported depth/stencil format: VK_FORMAT_D16_UNORM_S8_UINT
dEQP-VK.pipeline.monolithic.depth.depth_clip_control.d24_unorm_s8_uint_always	Pass	Result image matches reference
dEQP-VK.pipeline.monolithic.depth.depth_clip_control.d24_unorm_s8_uint_always_different_w	Pass	Result image matches reference
dEQP-VK.pipeline.monolithic.depth.depth_clip_control.d24_unorm_s8_uint_always_viewport_after_dynamic	Pass	Result image matches reference
dEQP-VK.pipeline.monolithic.depth.depth_clip_control.d24_unorm_s8_uint_always_viewport_before_dynamic	Pass	Result image matches reference
dEQP-VK.pipeline.monolithic.depth.depth_clip_control.d24_unorm_s8_uint_always_viewport_before_static	Pass	Result image matches reference
dEQP-VK.pipeline.monolithic.depth.depth_clip_control.d24_unorm_s8_uint_always_viewport_before_two_dynamic	Pass	Result image matches reference
dEQP-VK.pipeline.monolithic.depth.depth_clip_control.d24_unorm_s8_uint_less	Pass	Result image matches reference
dEQP-VK.pipeline.monolithic.depth.depth_clip_control.d24_unorm_s8_uint_less_different_w	Pass	Result image matches reference
dEQP-VK.pipeline.monolithic.depth.depth_clip_control.d24_unorm_s8_uint_less_viewport_after_dynamic	Pass	Result image matches reference
dEQP-VK.pipeline.monolithic.depth.depth_clip_control.d24_unorm_s8_uint_less_viewport_before_dynamic	Pass	Result image matches reference
dEQP-VK.pipeline.monolithic.depth.depth_clip_control.d24_unorm_s8_uint_less_viewport_before_static	Pass	Result image matches reference
dEQP-VK.pipeline.monolithic.depth.depth_clip_control.d24_unorm_s8_uint_less_viewport_before_two_dynamic	Pass	Result image matches reference
dEQP-VK.pipeline.monolithic.depth.depth_clip_control.d32_sfloat_always	Pass	Result image matches reference
dEQP-VK.pipeline.monolithic.depth.depth_clip_control.d32_sfloat_always_different_w	Pass	Result image matches reference
dEQP-VK.pipeline.monolithic.depth.depth_clip_control.d32_sfloat_always_viewport_after_dynamic	Pass	Result image matches reference
dEQP-VK.pipeline.monolithic.depth.depth_clip_control.d32_sfloat_always_viewport_before_dynamic	Pass	Result image matches reference
dEQP-VK.pipeline.monolithic.depth.depth_clip_control.d32_sfloat_always_viewport_before_static	Pass	Result image matches reference
dEQP-VK.pipeline.monolithic.depth.depth_clip_control.d32_sfloat_always_viewport_before_two_dynamic	Pass	Result image matches reference
dEQP-VK.pipeline.monolithic.depth.depth_clip_control.d32_sfloat_less	Pass	Result image matches reference
dEQP-VK.pipeline.monolithic.depth.depth_clip_control.d32_sfloat_less_different_w	Pass	Result image matches reference
dEQP-VK.pipeline.monolithic.depth.depth_clip_control.d32_sfloat_less_viewport_after_dynamic	Pass	Result image matches reference
dEQP-VK.pipeline.monolithic.depth.depth_clip_control.d32_sfloat_less_viewport_before_dynamic	Pass	Result image matches reference
dEQP-VK.pipeline.monolithic.depth.depth_clip_control.d32_sfloat_less_viewport_before_static	Pass	Result image matches reference
dEQP-VK.pipeline.monolithic.depth.depth_clip_control.d32_sfloat_less_viewport_before_two_dynamic	Pass	Result image matches reference
dEQP-VK.pipeline.monolithic.depth.depth_clip_control.d32_sfloat_s8_uint_always	Pass	Result image matches reference
dEQP-VK.pipeline.monolithic.depth.depth_clip_control.d32_sfloat_s8_uint_always_different_w	Pass	Result image matches reference
dEQP-VK.pipeline.monolithic.depth.depth_clip_control.d32_sfloat_s8_uint_always_viewport_after_dynamic	Pass	Result image matches reference
dEQP-VK.pipeline.monolithic.depth.depth_clip_control.d32_sfloat_s8_uint_always_viewport_before_dynamic	Pass	Result image matches reference
dEQP-VK.pipeline.monolithic.depth.depth_clip_control.d32_sfloat_s8_uint_always_viewport_before_static	Pass	Result image matches reference
dEQP-VK.pipeline.monolithic.depth.depth_clip_control.d32_sfloat_s8_uint_always_viewport_before_two_dynamic	Pass	Result image matches reference
dEQP-VK.pipeline.monolithic.depth.depth_clip_control.d32_sfloat_s8_uint_less	Pass	Result image matches reference
dEQP-VK.pipeline.monolithic.depth.depth_clip_control.d32_sfloat_s8_uint_less_different_w	Pass	Result image matches reference
dEQP-VK.pipeline.monolithic.depth.depth_clip_control.d32_sfloat_s8_uint_less_viewport_after_dynamic	Pass	Result image matches reference
dEQP-VK.pipeline.monolithic.depth.depth_clip_control.d32_sfloat_s8_uint_less_viewport_before_dynamic	Pass	Result image matches reference
dEQP-VK.pipeline.monolithic.depth.depth_clip_control.d32_sfloat_s8_uint_less_viewport_before_static	Pass	Result image matches reference
dEQP-VK.pipeline.monolithic.depth.depth_clip_control.d32_sfloat_s8_uint_less_viewport_before_two_dynamic	Pass	Result image matches reference
dEQP-VK.pipeline.monolithic.depth.depth_clip_control.x8_d24_unorm_pack32_always	Pass	Result image matches reference
dEQP-VK.pipeline.monolithic.depth.depth_clip_control.x8_d24_unorm_pack32_always_different_w	Pass	Result image matches reference
dEQP-VK.pipeline.monolithic.depth.depth_clip_control.x8_d24_unorm_pack32_always_viewport_after_dynamic	Pass	Result image matches reference
dEQP-VK.pipeline.monolithic.depth.depth_clip_control.x8_d24_unorm_pack32_always_viewport_before_dynamic	Pass	Result image matches reference
dEQP-VK.pipeline.monolithic.depth.depth_clip_control.x8_d24_unorm_pack32_always_viewport_before_static	Pass	Result image matches reference
dEQP-VK.pipeline.monolithic.depth.depth_clip_control.x8_d24_unorm_pack32_always_viewport_before_two_dynamic	Pass	Result image matches reference
dEQP-VK.pipeline.monolithic.depth.depth_clip_control.x8_d24_unorm_pack32_less	Pass	Result image matches reference
dEQP-VK.pipeline.monolithic.depth.depth_clip_control.x8_d24_unorm_pack32_less_different_w	Pass	Result image matches reference
dEQP-VK.pipeline.monolithic.depth.depth_clip_control.x8_d24_unorm_pack32_less_viewport_after_dynamic	Pass	Result image matches reference
dEQP-VK.pipeline.monolithic.depth.depth_clip_control.x8_d24_unorm_pack32_less_viewport_before_dynamic	Pass	Result image matches reference
dEQP-VK.pipeline.monolithic.depth.depth_clip_control.x8_d24_unorm_pack32_less_viewport_before_static	Pass	Result image matches reference
dEQP-VK.pipeline.monolithic.depth.depth_clip_control.x8_d24_unorm_pack32_less_viewport_before_two_dynamic	Pass	Result image matches reference
dEQP-VK.pipeline.monolithic.extended_dynamic_state.after_pipelines.depth_clip_enable_true_to_false	Pass	Pass
dEQP-VK.pipeline.monolithic.extended_dynamic_state.after_pipelines.depth_clip_enable_true_to_false_explicit	Fail	Incorrect value found in attachments; please check logged images
dEQP-VK.pipeline.monolithic.extended_dynamic_state.after_pipelines.depth_clip_enable_true_to_false_implicit	Fail	Incorrect value found in attachments; please check logged images
dEQP-VK.pipeline.monolithic.extended_dynamic_state.before_draw.depth_clip_enable_true_to_false	Pass	Pass
dEQP-VK.pipeline.monolithic.extended_dynamic_state.before_draw.depth_clip_enable_true_to_false_explicit	Fail	Incorrect value found in attachments; please check logged images
dEQP-VK.pipeline.monolithic.extended_dynamic_state.before_draw.depth_clip_enable_true_to_false_implicit	Fail	Incorrect value found in attachments; please check logged images
dEQP-VK.pipeline.monolithic.extended_dynamic_state.before_good_static.depth_clip_enable_true_to_false	Pass	Pass
dEQP-VK.pipeline.monolithic.extended_dynamic_state.before_good_static.depth_clip_enable_true_to_false_explicit	Fail	Incorrect value found in attachments; please check logged images
dEQP-VK.pipeline.monolithic.extended_dynamic_state.before_good_static.depth_clip_enable_true_to_false_implicit	Fail	Incorrect value found in attachments; please check logged images
dEQP-VK.pipeline.monolithic.extended_dynamic_state.between_pipelines.depth_clip_enable_true_to_false	Pass	Pass
dEQP-VK.pipeline.monolithic.extended_dynamic_state.between_pipelines.depth_clip_enable_true_to_false_explicit	Fail	Incorrect value found in attachments; please check logged images
dEQP-VK.pipeline.monolithic.extended_dynamic_state.between_pipelines.depth_clip_enable_true_to_false_implicit	Fail	Incorrect value found in attachments; please check logged images
dEQP-VK.pipeline.monolithic.extended_dynamic_state.cmd_buffer_start.depth_clip_enable_true_to_false	Pass	Pass
dEQP-VK.pipeline.monolithic.extended_dynamic_state.cmd_buffer_start.depth_clip_enable_true_to_false_explicit	Fail	Incorrect value found in attachments; please check logged images
dEQP-VK.pipeline.monolithic.extended_dynamic_state.cmd_buffer_start.depth_clip_enable_true_to_false_implicit	Fail	Incorrect value found in attachments; please check logged images
dEQP-VK.pipeline.monolithic.extended_dynamic_state.three_draws_dynamic.depth_clip_enable_true_to_false	Pass	Pass
dEQP-VK.pipeline.monolithic.extended_dynamic_state.three_draws_dynamic.depth_clip_enable_true_to_false_explicit	Fail	Incorrect value found in attachments; please check logged images
dEQP-VK.pipeline.monolithic.extended_dynamic_state.three_draws_dynamic.depth_clip_enable_true_to_false_implicit	Fail	Incorrect value found in attachments; please check logged images
dEQP-VK.pipeline.monolithic.extended_dynamic_state.two_draws_dynamic.depth_clip_enable_true_to_false	Pass	Pass
dEQP-VK.pipeline.monolithic.extended_dynamic_state.two_draws_dynamic.depth_clip_enable_true_to_false_explicit	Fail	Incorrect value found in attachments; please check logged images
dEQP-VK.pipeline.monolithic.extended_dynamic_state.two_draws_dynamic.depth_clip_enable_true_to_false_implicit	Fail	Incorrect value found in attachments; please check logged images
dEQP-VK.pipeline.monolithic.extended_dynamic_state.two_draws_static.depth_clip_enable_true_to_false	Pass	Pass
dEQP-VK.pipeline.monolithic.extended_dynamic_state.two_draws_static.depth_clip_enable_true_to_false_explicit	Fail	Incorrect value found in attachments; please check logged images
dEQP-VK.pipeline.pipeline_library.extended_dynamic_state.after_pipelines.depth_clip_enable_true_to_false	Pass	Pass
dEQP-VK.pipeline.pipeline_library.extended_dynamic_state.after_pipelines.depth_clip_enable_true_to_false_explicit	Fail	Incorrect value found in attachments; please check logged images
dEQP-VK.pipeline.pipeline_library.extended_dynamic_state.after_pipelines.depth_clip_enable_true_to_false_implicit	Fail	Incorrect value found in attachments; please check logged images
dEQP-VK.pipeline.pipeline_library.extended_dynamic_state.before_draw.depth_clip_enable_true_to_false	Pass	Pass
dEQP-VK.pipeline.pipeline_library.extended_dynamic_state.before_draw.depth_clip_enable_true_to_false_explicit	Fail	Incorrect value found in attachments; please check logged images
dEQP-VK.pipeline.pipeline_library.extended_dynamic_state.before_draw.depth_clip_enable_true_to_false_implicit	Fail	Incorrect value found in attachments; please check logged images
dEQP-VK.pipeline.pipeline_library.extended_dynamic_state.before_good_static.depth_clip_enable_true_to_false	Pass	Pass
dEQP-VK.pipeline.pipeline_library.extended_dynamic_state.before_good_static.depth_clip_enable_true_to_false_explicit	Fail	Incorrect value found in attachments; please check logged images
dEQP-VK.pipeline.pipeline_library.extended_dynamic_state.before_good_static.depth_clip_enable_true_to_false_implicit	Fail	Incorrect value found in attachments; please check logged images
dEQP-VK.pipeline.pipeline_library.extended_dynamic_state.between_pipelines.depth_clip_enable_true_to_false	Pass	Pass
dEQP-VK.pipeline.pipeline_library.extended_dynamic_state.between_pipelines.depth_clip_enable_true_to_false_explicit	Fail	Incorrect value found in attachments; please check logged images
dEQP-VK.pipeline.pipeline_library.extended_dynamic_state.between_pipelines.depth_clip_enable_true_to_false_implicit	Fail	Incorrect value found in attachments; please check logged images
dEQP-VK.pipeline.pipeline_library.extended_dynamic_state.cmd_buffer_start.depth_clip_enable_true_to_false	Pass	Pass
dEQP-VK.pipeline.pipeline_library.extended_dynamic_state.cmd_buffer_start.depth_clip_enable_true_to_false_explicit	Fail	Incorrect value found in attachments; please check logged images
dEQP-VK.pipeline.pipeline_library.extended_dynamic_state.cmd_buffer_start.depth_clip_enable_true_to_false_implicit	Fail	Incorrect value found in attachments; please check logged images
dEQP-VK.pipeline.pipeline_library.extended_dynamic_state.three_draws_dynamic.depth_clip_enable_true_to_false	Pass	Pass
dEQP-VK.pipeline.pipeline_library.extended_dynamic_state.three_draws_dynamic.depth_clip_enable_true_to_false_explicit	Fail	Incorrect value found in attachments; please check logged images
dEQP-VK.pipeline.pipeline_library.extended_dynamic_state.three_draws_dynamic.depth_clip_enable_true_to_false_implicit	Fail	Incorrect value found in attachments; please check logged images
dEQP-VK.pipeline.pipeline_library.extended_dynamic_state.two_draws_dynamic.depth_clip_enable_true_to_false	Pass	Pass
dEQP-VK.pipeline.pipeline_library.extended_dynamic_state.two_draws_dynamic.depth_clip_enable_true_to_false_explicit	Fail	Incorrect value found in attachments; please check logged images
dEQP-VK.pipeline.pipeline_library.extended_dynamic_state.two_draws_dynamic.depth_clip_enable_true_to_false_implicit	Fail	Incorrect value found in attachments; please check logged images
dEQP-VK.pipeline.pipeline_library.extended_dynamic_state.two_draws_static.depth_clip_enable_true_to_false	Pass	Pass
dEQP-VK.pipeline.pipeline_library.extended_dynamic_state.two_draws_static.depth_clip_enable_true_to_false_explicit	Fail	Incorrect value found in attachments; please check logged images
