dEQP-VK.geometry.basic.output_0_and_128	Fail	vk.createGraphicsPipelines(device, pipelineCache, 1u, pCreateInfo, pAllocator, &object): VK_ERROR_UNKNOWN at vkRefUtil.cpp:37
dEQP-VK.geometry.basic.output_10	Fail	vk.createGraphicsPipelines(device, pipelineCache, 1u, pCreateInfo, pAllocator, &object): VK_ERROR_UNKNOWN at vkRefUtil.cpp:37
dEQP-VK.geometry.basic.output_100_and_10	Fail	vk.createGraphicsPipelines(device, pipelineCache, 1u, pCreateInfo, pAllocator, &object): VK_ERROR_UNKNOWN at vkRefUtil.cpp:37
dEQP-VK.geometry.basic.output_10_and_100	Fail	vk.createGraphicsPipelines(device, pipelineCache, 1u, pCreateInfo, pAllocator, &object): VK_ERROR_UNKNOWN at vkRefUtil.cpp:37
dEQP-VK.geometry.basic.output_128	Fail	vk.createGraphicsPipelines(device, pipelineCache, 1u, pCreateInfo, pAllocator, &object): VK_ERROR_UNKNOWN at vkRefUtil.cpp:37
dEQP-VK.geometry.basic.output_128_and_0	Fail	vk.createGraphicsPipelines(device, pipelineCache, 1u, pCreateInfo, pAllocator, &object): VK_ERROR_UNKNOWN at vkRefUtil.cpp:37
dEQP-VK.geometry.basic.output_vary_by_attribute	Fail	vk.createGraphicsPipelines(device, pipelineCache, 1u, pCreateInfo, pAllocator, &object): VK_ERROR_UNKNOWN at vkRefUtil.cpp:37
dEQP-VK.geometry.basic.output_vary_by_attribute_instancing	Fail	vk.createGraphicsPipelines(device, pipelineCache, 1u, pCreateInfo, pAllocator, &object): VK_ERROR_UNKNOWN at vkRefUtil.cpp:37
dEQP-VK.geometry.basic.output_vary_by_texture	Fail	vk.createGraphicsPipelines(device, pipelineCache, 1u, pCreateInfo, pAllocator, &object): VK_ERROR_UNKNOWN at vkRefUtil.cpp:37
dEQP-VK.geometry.basic.output_vary_by_texture_instancing	Fail	vk.createGraphicsPipelines(device, pipelineCache, 1u, pCreateInfo, pAllocator, &object): VK_ERROR_UNKNOWN at vkRefUtil.cpp:37
dEQP-VK.geometry.basic.output_vary_by_uniform	Fail	vk.createGraphicsPipelines(device, pipelineCache, 1u, pCreateInfo, pAllocator, &object): VK_ERROR_UNKNOWN at vkRefUtil.cpp:37
dEQP-VK.geometry.basic.output_vary_by_uniform_instancing	Fail	vk.createGraphicsPipelines(device, pipelineCache, 1u, pCreateInfo, pAllocator, &object): VK_ERROR_UNKNOWN at vkRefUtil.cpp:37
dEQP-VK.geometry.basic.side_effect_with_condition	Fail	vk.createGraphicsPipelines(device, pipelineCache, 1u, pCreateInfo, pAllocator, &object): VK_ERROR_UNKNOWN at vkRefUtil.cpp:37
dEQP-VK.geometry.basic.side_effect_with_degenerate	Fail	vk.createGraphicsPipelines(device, pipelineCache, 1u, pCreateInfo, pAllocator, &object): VK_ERROR_UNKNOWN at vkRefUtil.cpp:37
dEQP-VK.geometry.builtin_variable.in_block.point_size	Fail	vk.createGraphicsPipelines(device, pipelineCache, 1u, pCreateInfo, pAllocator, &object): VK_ERROR_UNKNOWN at vkRefUtil.cpp:37
dEQP-VK.geometry.builtin_variable.in_block.primitive_id	Fail	vk.createGraphicsPipelines(device, pipelineCache, 1u, pCreateInfo, pAllocator, &object): VK_ERROR_UNKNOWN at vkRefUtil.cpp:37
dEQP-VK.geometry.builtin_variable.in_block.primitive_id_in	Fail	vk.createGraphicsPipelines(device, pipelineCache, 1u, pCreateInfo, pAllocator, &object): VK_ERROR_UNKNOWN at vkRefUtil.cpp:37
dEQP-VK.geometry.builtin_variable.in_block.primitive_id_in_restarted	Fail	vk.createGraphicsPipelines(device, pipelineCache, 1u, pCreateInfo, pAllocator, &object): VK_ERROR_UNKNOWN at vkRefUtil.cpp:37
dEQP-VK.geometry.builtin_variable.outside_block.position	Fail	vk.createGraphicsPipelines(device, pipelineCache, 1u, pCreateInfo, pAllocator, &object): VK_ERROR_UNKNOWN at vkRefUtil.cpp:37
dEQP-VK.geometry.builtin_variable.primitive_id.matching	Fail	vk.createGraphicsPipelines(device, pipelineCache, 1u, pCreateInfo, pAllocator, &object): VK_ERROR_UNKNOWN at vkRefUtil.cpp:37
dEQP-VK.geometry.emit.line_strip_emit_0_end_0	Fail	vk.createGraphicsPipelines(device, pipelineCache, 1u, pCreateInfo, pAllocator, &object): VK_ERROR_UNKNOWN at vkRefUtil.cpp:37
dEQP-VK.geometry.emit.line_strip_emit_0_end_1	Fail	vk.createGraphicsPipelines(device, pipelineCache, 1u, pCreateInfo, pAllocator, &object): VK_ERROR_UNKNOWN at vkRefUtil.cpp:37
dEQP-VK.geometry.emit.line_strip_emit_0_end_2	Fail	vk.createGraphicsPipelines(device, pipelineCache, 1u, pCreateInfo, pAllocator, &object): VK_ERROR_UNKNOWN at vkRefUtil.cpp:37
dEQP-VK.geometry.emit.line_strip_emit_1_end_1	Fail	vk.createGraphicsPipelines(device, pipelineCache, 1u, pCreateInfo, pAllocator, &object): VK_ERROR_UNKNOWN at vkRefUtil.cpp:37
dEQP-VK.geometry.emit.line_strip_emit_1_end_2	Fail	vk.createGraphicsPipelines(device, pipelineCache, 1u, pCreateInfo, pAllocator, &object): VK_ERROR_UNKNOWN at vkRefUtil.cpp:37
dEQP-VK.geometry.emit.line_strip_emit_2_end_1	Fail	vk.createGraphicsPipelines(device, pipelineCache, 1u, pCreateInfo, pAllocator, &object): VK_ERROR_UNKNOWN at vkRefUtil.cpp:37
dEQP-VK.geometry.emit.line_strip_emit_2_end_2	Fail	vk.createGraphicsPipelines(device, pipelineCache, 1u, pCreateInfo, pAllocator, &object): VK_ERROR_UNKNOWN at vkRefUtil.cpp:37
dEQP-VK.geometry.emit.line_strip_emit_2_end_2_emit_2_end_0	Fail	vk.createGraphicsPipelines(device, pipelineCache, 1u, pCreateInfo, pAllocator, &object): VK_ERROR_UNKNOWN at vkRefUtil.cpp:37
dEQP-VK.geometry.emit.points_emit_0_end_0	Fail	vk.createGraphicsPipelines(device, pipelineCache, 1u, pCreateInfo, pAllocator, &object): VK_ERROR_UNKNOWN at vkRefUtil.cpp:37
dEQP-VK.geometry.emit.points_emit_0_end_1	Fail	vk.createGraphicsPipelines(device, pipelineCache, 1u, pCreateInfo, pAllocator, &object): VK_ERROR_UNKNOWN at vkRefUtil.cpp:37
dEQP-VK.geometry.emit.points_emit_0_end_2	Fail	vk.createGraphicsPipelines(device, pipelineCache, 1u, pCreateInfo, pAllocator, &object): VK_ERROR_UNKNOWN at vkRefUtil.cpp:37
dEQP-VK.geometry.emit.points_emit_1_end_1	Fail	vk.createGraphicsPipelines(device, pipelineCache, 1u, pCreateInfo, pAllocator, &object): VK_ERROR_UNKNOWN at vkRefUtil.cpp:37
dEQP-VK.geometry.emit.points_emit_1_end_2	Fail	vk.createGraphicsPipelines(device, pipelineCache, 1u, pCreateInfo, pAllocator, &object): VK_ERROR_UNKNOWN at vkRefUtil.cpp:37
dEQP-VK.geometry.emit.triangle_strip_emit_0_end_0	Fail	vk.createGraphicsPipelines(device, pipelineCache, 1u, pCreateInfo, pAllocator, &object): VK_ERROR_UNKNOWN at vkRefUtil.cpp:37
dEQP-VK.geometry.emit.triangle_strip_emit_0_end_1	Fail	vk.createGraphicsPipelines(device, pipelineCache, 1u, pCreateInfo, pAllocator, &object): VK_ERROR_UNKNOWN at vkRefUtil.cpp:37
dEQP-VK.geometry.emit.triangle_strip_emit_0_end_2	Fail	vk.createGraphicsPipelines(device, pipelineCache, 1u, pCreateInfo, pAllocator, &object): VK_ERROR_UNKNOWN at vkRefUtil.cpp:37
dEQP-VK.geometry.emit.triangle_strip_emit_1_end_1	Fail	vk.createGraphicsPipelines(device, pipelineCache, 1u, pCreateInfo, pAllocator, &object): VK_ERROR_UNKNOWN at vkRefUtil.cpp:37
dEQP-VK.geometry.emit.triangle_strip_emit_1_end_2	Fail	vk.createGraphicsPipelines(device, pipelineCache, 1u, pCreateInfo, pAllocator, &object): VK_ERROR_UNKNOWN at vkRefUtil.cpp:37
dEQP-VK.geometry.emit.triangle_strip_emit_2_end_1	Fail	vk.createGraphicsPipelines(device, pipelineCache, 1u, pCreateInfo, pAllocator, &object): VK_ERROR_UNKNOWN at vkRefUtil.cpp:37
dEQP-VK.geometry.emit.triangle_strip_emit_2_end_2	Fail	vk.createGraphicsPipelines(device, pipelineCache, 1u, pCreateInfo, pAllocator, &object): VK_ERROR_UNKNOWN at vkRefUtil.cpp:37
dEQP-VK.geometry.emit.triangle_strip_emit_3_end_1	Fail	vk.createGraphicsPipelines(device, pipelineCache, 1u, pCreateInfo, pAllocator, &object): VK_ERROR_UNKNOWN at vkRefUtil.cpp:37
dEQP-VK.geometry.emit.triangle_strip_emit_3_end_2	Fail	vk.createGraphicsPipelines(device, pipelineCache, 1u, pCreateInfo, pAllocator, &object): VK_ERROR_UNKNOWN at vkRefUtil.cpp:37
dEQP-VK.geometry.emit.triangle_strip_emit_3_end_2_emit_3_end_0	Fail	vk.createGraphicsPipelines(device, pipelineCache, 1u, pCreateInfo, pAllocator, &object): VK_ERROR_UNKNOWN at vkRefUtil.cpp:37
dEQP-VK.geometry.input.basic_primitive.line_strip	Fail	vk.createGraphicsPipelines(device, pipelineCache, 1u, pCreateInfo, pAllocator, &object): VK_ERROR_UNKNOWN at vkRefUtil.cpp:37
dEQP-VK.geometry.input.basic_primitive.line_strip_adjacency	Fail	vk.createGraphicsPipelines(device, pipelineCache, 1u, pCreateInfo, pAllocator, &object): VK_ERROR_UNKNOWN at vkRefUtil.cpp:37
dEQP-VK.geometry.input.basic_primitive.lines	Fail	vk.createGraphicsPipelines(device, pipelineCache, 1u, pCreateInfo, pAllocator, &object): VK_ERROR_UNKNOWN at vkRefUtil.cpp:37
dEQP-VK.geometry.input.basic_primitive.lines_adjacency	Fail	vk.createGraphicsPipelines(device, pipelineCache, 1u, pCreateInfo, pAllocator, &object): VK_ERROR_UNKNOWN at vkRefUtil.cpp:37
dEQP-VK.geometry.input.basic_primitive.points	Fail	vk.createGraphicsPipelines(device, pipelineCache, 1u, pCreateInfo, pAllocator, &object): VK_ERROR_UNKNOWN at vkRefUtil.cpp:37
dEQP-VK.geometry.input.basic_primitive.triangle_fan	Fail	vk.createGraphicsPipelines(device, pipelineCache, 1u, pCreateInfo, pAllocator, &object): VK_ERROR_UNKNOWN at vkRefUtil.cpp:37
dEQP-VK.geometry.input.basic_primitive.triangle_strip	Fail	vk.createGraphicsPipelines(device, pipelineCache, 1u, pCreateInfo, pAllocator, &object): VK_ERROR_UNKNOWN at vkRefUtil.cpp:37
dEQP-VK.geometry.input.basic_primitive.triangles	Fail	vk.createGraphicsPipelines(device, pipelineCache, 1u, pCreateInfo, pAllocator, &object): VK_ERROR_UNKNOWN at vkRefUtil.cpp:37
dEQP-VK.geometry.input.basic_primitive.triangles_adjacency	Fail	vk.createGraphicsPipelines(device, pipelineCache, 1u, pCreateInfo, pAllocator, &object): VK_ERROR_UNKNOWN at vkRefUtil.cpp:37
dEQP-VK.geometry.input.conversion.lines_to_points	Fail	vk.createGraphicsPipelines(device, pipelineCache, 1u, pCreateInfo, pAllocator, &object): VK_ERROR_UNKNOWN at vkRefUtil.cpp:37
dEQP-VK.geometry.input.conversion.lines_to_triangles	Fail	vk.createGraphicsPipelines(device, pipelineCache, 1u, pCreateInfo, pAllocator, &object): VK_ERROR_UNKNOWN at vkRefUtil.cpp:37
dEQP-VK.geometry.input.conversion.points_to_lines	Fail	vk.createGraphicsPipelines(device, pipelineCache, 1u, pCreateInfo, pAllocator, &object): VK_ERROR_UNKNOWN at vkRefUtil.cpp:37
dEQP-VK.geometry.input.conversion.points_to_triangles	Fail	vk.createGraphicsPipelines(device, pipelineCache, 1u, pCreateInfo, pAllocator, &object): VK_ERROR_UNKNOWN at vkRefUtil.cpp:37
dEQP-VK.geometry.input.conversion.triangles_to_lines	Fail	vk.createGraphicsPipelines(device, pipelineCache, 1u, pCreateInfo, pAllocator, &object): VK_ERROR_UNKNOWN at vkRefUtil.cpp:37
dEQP-VK.geometry.input.conversion.triangles_to_points	Fail	vk.createGraphicsPipelines(device, pipelineCache, 1u, pCreateInfo, pAllocator, &object): VK_ERROR_UNKNOWN at vkRefUtil.cpp:37
dEQP-VK.geometry.input.triangle_strip_adjacency.vertex_count_0	Fail	vk.createGraphicsPipelines(device, pipelineCache, 1u, pCreateInfo, pAllocator, &object): VK_ERROR_UNKNOWN at vkRefUtil.cpp:37
dEQP-VK.geometry.input.triangle_strip_adjacency.vertex_count_1	Fail	vk.createGraphicsPipelines(device, pipelineCache, 1u, pCreateInfo, pAllocator, &object): VK_ERROR_UNKNOWN at vkRefUtil.cpp:37
dEQP-VK.geometry.input.triangle_strip_adjacency.vertex_count_10	Fail	vk.createGraphicsPipelines(device, pipelineCache, 1u, pCreateInfo, pAllocator, &object): VK_ERROR_UNKNOWN at vkRefUtil.cpp:37
dEQP-VK.geometry.input.triangle_strip_adjacency.vertex_count_11	Fail	vk.createGraphicsPipelines(device, pipelineCache, 1u, pCreateInfo, pAllocator, &object): VK_ERROR_UNKNOWN at vkRefUtil.cpp:37
dEQP-VK.geometry.input.triangle_strip_adjacency.vertex_count_12	Fail	vk.createGraphicsPipelines(device, pipelineCache, 1u, pCreateInfo, pAllocator, &object): VK_ERROR_UNKNOWN at vkRefUtil.cpp:37
dEQP-VK.geometry.input.triangle_strip_adjacency.vertex_count_2	Fail	vk.createGraphicsPipelines(device, pipelineCache, 1u, pCreateInfo, pAllocator, &object): VK_ERROR_UNKNOWN at vkRefUtil.cpp:37
dEQP-VK.geometry.input.triangle_strip_adjacency.vertex_count_3	Fail	vk.createGraphicsPipelines(device, pipelineCache, 1u, pCreateInfo, pAllocator, &object): VK_ERROR_UNKNOWN at vkRefUtil.cpp:37
dEQP-VK.geometry.input.triangle_strip_adjacency.vertex_count_4	Fail	vk.createGraphicsPipelines(device, pipelineCache, 1u, pCreateInfo, pAllocator, &object): VK_ERROR_UNKNOWN at vkRefUtil.cpp:37
dEQP-VK.geometry.input.triangle_strip_adjacency.vertex_count_5	Fail	vk.createGraphicsPipelines(device, pipelineCache, 1u, pCreateInfo, pAllocator, &object): VK_ERROR_UNKNOWN at vkRefUtil.cpp:37
dEQP-VK.geometry.input.triangle_strip_adjacency.vertex_count_6	Fail	vk.createGraphicsPipelines(device, pipelineCache, 1u, pCreateInfo, pAllocator, &object): VK_ERROR_UNKNOWN at vkRefUtil.cpp:37
dEQP-VK.geometry.input.triangle_strip_adjacency.vertex_count_7	Fail	vk.createGraphicsPipelines(device, pipelineCache, 1u, pCreateInfo, pAllocator, &object): VK_ERROR_UNKNOWN at vkRefUtil.cpp:37
dEQP-VK.geometry.input.triangle_strip_adjacency.vertex_count_8	Fail	vk.createGraphicsPipelines(device, pipelineCache, 1u, pCreateInfo, pAllocator, &object): VK_ERROR_UNKNOWN at vkRefUtil.cpp:37
dEQP-VK.geometry.input.triangle_strip_adjacency.vertex_count_9	Fail	vk.createGraphicsPipelines(device, pipelineCache, 1u, pCreateInfo, pAllocator, &object): VK_ERROR_UNKNOWN at vkRefUtil.cpp:37
dEQP-VK.geometry.instanced.draw_1_instances_127_geometry_invocations	NotSupported	Unsupported limit: maxGeometryShaderInvocations < 127 at vktGeometryInstancedRenderingTests.cpp:416
dEQP-VK.geometry.instanced.draw_1_instances_1_geometry_invocations	Fail	vk.createGraphicsPipelines(device, pipelineCache, 1u, pCreateInfo, pAllocator, &object): VK_ERROR_UNKNOWN at vkRefUtil.cpp:37
dEQP-VK.geometry.instanced.draw_1_instances_2_geometry_invocations	Fail	vk.createGraphicsPipelines(device, pipelineCache, 1u, pCreateInfo, pAllocator, &object): VK_ERROR_UNKNOWN at vkRefUtil.cpp:37
dEQP-VK.geometry.instanced.draw_1_instances_32_geometry_invocations	Fail	vk.createGraphicsPipelines(device, pipelineCache, 1u, pCreateInfo, pAllocator, &object): VK_ERROR_UNKNOWN at vkRefUtil.cpp:37
dEQP-VK.geometry.instanced.draw_1_instances_64_geometry_invocations	NotSupported	Unsupported limit: maxGeometryShaderInvocations < 64 at vktGeometryInstancedRenderingTests.cpp:416
dEQP-VK.geometry.instanced.draw_1_instances_8_geometry_invocations	Fail	vk.createGraphicsPipelines(device, pipelineCache, 1u, pCreateInfo, pAllocator, &object): VK_ERROR_UNKNOWN at vkRefUtil.cpp:37
dEQP-VK.geometry.instanced.draw_2_instances_127_geometry_invocations	NotSupported	Unsupported limit: maxGeometryShaderInvocations < 127 at vktGeometryInstancedRenderingTests.cpp:416
dEQP-VK.geometry.instanced.draw_2_instances_1_geometry_invocations	Fail	vk.createGraphicsPipelines(device, pipelineCache, 1u, pCreateInfo, pAllocator, &object): VK_ERROR_UNKNOWN at vkRefUtil.cpp:37
dEQP-VK.geometry.instanced.draw_2_instances_2_geometry_invocations	Fail	vk.createGraphicsPipelines(device, pipelineCache, 1u, pCreateInfo, pAllocator, &object): VK_ERROR_UNKNOWN at vkRefUtil.cpp:37
dEQP-VK.geometry.instanced.draw_2_instances_32_geometry_invocations	Fail	vk.createGraphicsPipelines(device, pipelineCache, 1u, pCreateInfo, pAllocator, &object): VK_ERROR_UNKNOWN at vkRefUtil.cpp:37
dEQP-VK.geometry.instanced.draw_2_instances_64_geometry_invocations	NotSupported	Unsupported limit: maxGeometryShaderInvocations < 64 at vktGeometryInstancedRenderingTests.cpp:416
dEQP-VK.geometry.instanced.draw_2_instances_8_geometry_invocations	Fail	vk.createGraphicsPipelines(device, pipelineCache, 1u, pCreateInfo, pAllocator, &object): VK_ERROR_UNKNOWN at vkRefUtil.cpp:37
dEQP-VK.geometry.instanced.draw_4_instances_127_geometry_invocations	NotSupported	Unsupported limit: maxGeometryShaderInvocations < 127 at vktGeometryInstancedRenderingTests.cpp:416
dEQP-VK.geometry.instanced.draw_4_instances_1_geometry_invocations	Fail	vk.createGraphicsPipelines(device, pipelineCache, 1u, pCreateInfo, pAllocator, &object): VK_ERROR_UNKNOWN at vkRefUtil.cpp:37
dEQP-VK.geometry.instanced.draw_4_instances_2_geometry_invocations	Fail	vk.createGraphicsPipelines(device, pipelineCache, 1u, pCreateInfo, pAllocator, &object): VK_ERROR_UNKNOWN at vkRefUtil.cpp:37
dEQP-VK.geometry.instanced.draw_4_instances_32_geometry_invocations	Fail	vk.createGraphicsPipelines(device, pipelineCache, 1u, pCreateInfo, pAllocator, &object): VK_ERROR_UNKNOWN at vkRefUtil.cpp:37
dEQP-VK.geometry.instanced.draw_4_instances_64_geometry_invocations	NotSupported	Unsupported limit: maxGeometryShaderInvocations < 64 at vktGeometryInstancedRenderingTests.cpp:416
dEQP-VK.geometry.instanced.draw_4_instances_8_geometry_invocations	Fail	vk.createGraphicsPipelines(device, pipelineCache, 1u, pCreateInfo, pAllocator, &object): VK_ERROR_UNKNOWN at vkRefUtil.cpp:37
dEQP-VK.geometry.instanced.draw_8_instances_127_geometry_invocations	NotSupported	Unsupported limit: maxGeometryShaderInvocations < 127 at vktGeometryInstancedRenderingTests.cpp:416
dEQP-VK.geometry.instanced.draw_8_instances_1_geometry_invocations	Fail	vk.createGraphicsPipelines(device, pipelineCache, 1u, pCreateInfo, pAllocator, &object): VK_ERROR_UNKNOWN at vkRefUtil.cpp:37
dEQP-VK.geometry.instanced.draw_8_instances_2_geometry_invocations	Fail	vk.createGraphicsPipelines(device, pipelineCache, 1u, pCreateInfo, pAllocator, &object): VK_ERROR_UNKNOWN at vkRefUtil.cpp:37
dEQP-VK.geometry.instanced.draw_8_instances_32_geometry_invocations	Fail	vk.createGraphicsPipelines(device, pipelineCache, 1u, pCreateInfo, pAllocator, &object): VK_ERROR_UNKNOWN at vkRefUtil.cpp:37
dEQP-VK.geometry.instanced.draw_8_instances_64_geometry_invocations	NotSupported	Unsupported limit: maxGeometryShaderInvocations < 64 at vktGeometryInstancedRenderingTests.cpp:416
dEQP-VK.geometry.instanced.draw_8_instances_8_geometry_invocations	Fail	vk.createGraphicsPipelines(device, pipelineCache, 1u, pCreateInfo, pAllocator, &object): VK_ERROR_UNKNOWN at vkRefUtil.cpp:37
dEQP-VK.geometry.layered.1d_array.12_1_6.fragment_layer	Fail	vk.createGraphicsPipelines(device, pipelineCache, 1u, pCreateInfo, pAllocator, &object): VK_ERROR_UNKNOWN at vkRefUtil.cpp:37
dEQP-VK.geometry.layered.1d_array.12_1_6.invocation_per_layer	Fail	vk.createGraphicsPipelines(device, pipelineCache, 1u, pCreateInfo, pAllocator, &object): VK_ERROR_UNKNOWN at vkRefUtil.cpp:37
dEQP-VK.geometry.layered.1d_array.12_1_6.multiple_layers_per_invocation	Fail	vk.createGraphicsPipelines(device, pipelineCache, 1u, pCreateInfo, pAllocator, &object): VK_ERROR_UNKNOWN at vkRefUtil.cpp:37
dEQP-VK.geometry.layered.1d_array.12_1_6.readback	Fail	vk.createGraphicsPipelines(device, pipelineCache, 1u, pCreateInfo, pAllocator, &object): VK_ERROR_UNKNOWN at vkRefUtil.cpp:37
dEQP-VK.geometry.layered.1d_array.12_1_6.render_different_content	Fail	vk.createGraphicsPipelines(device, pipelineCache, 1u, pCreateInfo, pAllocator, &object): VK_ERROR_UNKNOWN at vkRefUtil.cpp:37
dEQP-VK.geometry.layered.1d_array.12_1_6.render_to_all	Fail	vk.createGraphicsPipelines(device, pipelineCache, 1u, pCreateInfo, pAllocator, &object): VK_ERROR_UNKNOWN at vkRefUtil.cpp:37
dEQP-VK.geometry.layered.1d_array.12_1_6.render_to_default_layer	Fail	vk.createGraphicsPipelines(device, pipelineCache, 1u, pCreateInfo, pAllocator, &object): VK_ERROR_UNKNOWN at vkRefUtil.cpp:37
dEQP-VK.geometry.layered.1d_array.12_1_6.render_to_one	Fail	vk.createGraphicsPipelines(device, pipelineCache, 1u, pCreateInfo, pAllocator, &object): VK_ERROR_UNKNOWN at vkRefUtil.cpp:37
dEQP-VK.geometry.layered.1d_array.12_1_6.secondary_cmd_buffer	Fail	vk.createGraphicsPipelines(device, pipelineCache, 1u, pCreateInfo, pAllocator, &object): VK_ERROR_UNKNOWN at vkRefUtil.cpp:37
dEQP-VK.geometry.layered.1d_array.12_1_6.secondary_cmd_buffer_inherit_framebuffer	Fail	vk.createGraphicsPipelines(device, pipelineCache, 1u, pCreateInfo, pAllocator, &object): VK_ERROR_UNKNOWN at vkRefUtil.cpp:37
dEQP-VK.geometry.layered.1d_array.64_1_4.fragment_layer	Fail	vk.createGraphicsPipelines(device, pipelineCache, 1u, pCreateInfo, pAllocator, &object): VK_ERROR_UNKNOWN at vkRefUtil.cpp:37
dEQP-VK.geometry.layered.1d_array.64_1_4.invocation_per_layer	Fail	vk.createGraphicsPipelines(device, pipelineCache, 1u, pCreateInfo, pAllocator, &object): VK_ERROR_UNKNOWN at vkRefUtil.cpp:37
dEQP-VK.geometry.layered.1d_array.64_1_4.multiple_layers_per_invocation	Fail	vk.createGraphicsPipelines(device, pipelineCache, 1u, pCreateInfo, pAllocator, &object): VK_ERROR_UNKNOWN at vkRefUtil.cpp:37
dEQP-VK.geometry.layered.1d_array.64_1_4.readback	Fail	vk.createGraphicsPipelines(device, pipelineCache, 1u, pCreateInfo, pAllocator, &object): VK_ERROR_UNKNOWN at vkRefUtil.cpp:37
dEQP-VK.geometry.layered.1d_array.64_1_4.render_different_content	Fail	vk.createGraphicsPipelines(device, pipelineCache, 1u, pCreateInfo, pAllocator, &object): VK_ERROR_UNKNOWN at vkRefUtil.cpp:37
dEQP-VK.geometry.layered.1d_array.64_1_4.render_to_all	Fail	vk.createGraphicsPipelines(device, pipelineCache, 1u, pCreateInfo, pAllocator, &object): VK_ERROR_UNKNOWN at vkRefUtil.cpp:37
dEQP-VK.geometry.layered.1d_array.64_1_4.render_to_default_layer	Fail	vk.createGraphicsPipelines(device, pipelineCache, 1u, pCreateInfo, pAllocator, &object): VK_ERROR_UNKNOWN at vkRefUtil.cpp:37
dEQP-VK.geometry.layered.1d_array.64_1_4.render_to_one	Fail	vk.createGraphicsPipelines(device, pipelineCache, 1u, pCreateInfo, pAllocator, &object): VK_ERROR_UNKNOWN at vkRefUtil.cpp:37
dEQP-VK.geometry.layered.1d_array.64_1_4.secondary_cmd_buffer	Fail	vk.createGraphicsPipelines(device, pipelineCache, 1u, pCreateInfo, pAllocator, &object): VK_ERROR_UNKNOWN at vkRefUtil.cpp:37
dEQP-VK.geometry.layered.1d_array.64_1_4.secondary_cmd_buffer_inherit_framebuffer	Fail	vk.createGraphicsPipelines(device, pipelineCache, 1u, pCreateInfo, pAllocator, &object): VK_ERROR_UNKNOWN at vkRefUtil.cpp:37
dEQP-VK.geometry.layered.2d_array.12_36_6.fragment_layer	Fail	vk.createGraphicsPipelines(device, pipelineCache, 1u, pCreateInfo, pAllocator, &object): VK_ERROR_UNKNOWN at vkRefUtil.cpp:37
dEQP-VK.geometry.layered.2d_array.12_36_6.invocation_per_layer	Fail	vk.createGraphicsPipelines(device, pipelineCache, 1u, pCreateInfo, pAllocator, &object): VK_ERROR_UNKNOWN at vkRefUtil.cpp:37
dEQP-VK.geometry.layered.2d_array.12_36_6.multiple_layers_per_invocation	Fail	vk.createGraphicsPipelines(device, pipelineCache, 1u, pCreateInfo, pAllocator, &object): VK_ERROR_UNKNOWN at vkRefUtil.cpp:37
dEQP-VK.geometry.layered.2d_array.12_36_6.readback	Fail	vk.createGraphicsPipelines(device, pipelineCache, 1u, pCreateInfo, pAllocator, &object): VK_ERROR_UNKNOWN at vkRefUtil.cpp:37
dEQP-VK.geometry.layered.2d_array.12_36_6.render_different_content	Fail	vk.createGraphicsPipelines(device, pipelineCache, 1u, pCreateInfo, pAllocator, &object): VK_ERROR_UNKNOWN at vkRefUtil.cpp:37
dEQP-VK.geometry.layered.2d_array.12_36_6.render_to_all	Fail	vk.createGraphicsPipelines(device, pipelineCache, 1u, pCreateInfo, pAllocator, &object): VK_ERROR_UNKNOWN at vkRefUtil.cpp:37
dEQP-VK.geometry.layered.2d_array.12_36_6.render_to_default_layer	Fail	vk.createGraphicsPipelines(device, pipelineCache, 1u, pCreateInfo, pAllocator, &object): VK_ERROR_UNKNOWN at vkRefUtil.cpp:37
dEQP-VK.geometry.layered.2d_array.12_36_6.render_to_one	Fail	vk.createGraphicsPipelines(device, pipelineCache, 1u, pCreateInfo, pAllocator, &object): VK_ERROR_UNKNOWN at vkRefUtil.cpp:37
dEQP-VK.geometry.layered.2d_array.12_36_6.secondary_cmd_buffer	Fail	vk.createGraphicsPipelines(device, pipelineCache, 1u, pCreateInfo, pAllocator, &object): VK_ERROR_UNKNOWN at vkRefUtil.cpp:37
dEQP-VK.geometry.layered.2d_array.12_36_6.secondary_cmd_buffer_inherit_framebuffer	Fail	vk.createGraphicsPipelines(device, pipelineCache, 1u, pCreateInfo, pAllocator, &object): VK_ERROR_UNKNOWN at vkRefUtil.cpp:37
dEQP-VK.geometry.layered.2d_array.64_64_4.fragment_layer	Fail	vk.createGraphicsPipelines(device, pipelineCache, 1u, pCreateInfo, pAllocator, &object): VK_ERROR_UNKNOWN at vkRefUtil.cpp:37
dEQP-VK.geometry.layered.2d_array.64_64_4.invocation_per_layer	Fail	vk.createGraphicsPipelines(device, pipelineCache, 1u, pCreateInfo, pAllocator, &object): VK_ERROR_UNKNOWN at vkRefUtil.cpp:37
dEQP-VK.geometry.layered.2d_array.64_64_4.multiple_layers_per_invocation	Fail	vk.createGraphicsPipelines(device, pipelineCache, 1u, pCreateInfo, pAllocator, &object): VK_ERROR_UNKNOWN at vkRefUtil.cpp:37
dEQP-VK.geometry.layered.2d_array.64_64_4.readback	Fail	vk.createGraphicsPipelines(device, pipelineCache, 1u, pCreateInfo, pAllocator, &object): VK_ERROR_UNKNOWN at vkRefUtil.cpp:37
dEQP-VK.geometry.layered.2d_array.64_64_4.render_different_content	Fail	vk.createGraphicsPipelines(device, pipelineCache, 1u, pCreateInfo, pAllocator, &object): VK_ERROR_UNKNOWN at vkRefUtil.cpp:37
dEQP-VK.geometry.layered.2d_array.64_64_4.render_to_all	Fail	vk.createGraphicsPipelines(device, pipelineCache, 1u, pCreateInfo, pAllocator, &object): VK_ERROR_UNKNOWN at vkRefUtil.cpp:37
dEQP-VK.geometry.layered.2d_array.64_64_4.render_to_default_layer	Fail	vk.createGraphicsPipelines(device, pipelineCache, 1u, pCreateInfo, pAllocator, &object): VK_ERROR_UNKNOWN at vkRefUtil.cpp:37
dEQP-VK.geometry.layered.2d_array.64_64_4.render_to_one	Fail	vk.createGraphicsPipelines(device, pipelineCache, 1u, pCreateInfo, pAllocator, &object): VK_ERROR_UNKNOWN at vkRefUtil.cpp:37
dEQP-VK.geometry.layered.2d_array.64_64_4.secondary_cmd_buffer	Fail	vk.createGraphicsPipelines(device, pipelineCache, 1u, pCreateInfo, pAllocator, &object): VK_ERROR_UNKNOWN at vkRefUtil.cpp:37
dEQP-VK.geometry.layered.2d_array.64_64_4.secondary_cmd_buffer_inherit_framebuffer	Fail	vk.createGraphicsPipelines(device, pipelineCache, 1u, pCreateInfo, pAllocator, &object): VK_ERROR_UNKNOWN at vkRefUtil.cpp:37
dEQP-VK.geometry.layered.3d.12_36_6.fragment_layer	Fail	vk.createGraphicsPipelines(device, pipelineCache, 1u, pCreateInfo, pAllocator, &object): VK_ERROR_UNKNOWN at vkRefUtil.cpp:37
dEQP-VK.geometry.layered.3d.12_36_6.invocation_per_layer	Fail	vk.createGraphicsPipelines(device, pipelineCache, 1u, pCreateInfo, pAllocator, &object): VK_ERROR_UNKNOWN at vkRefUtil.cpp:37
dEQP-VK.geometry.layered.3d.12_36_6.multiple_layers_per_invocation	Fail	vk.createGraphicsPipelines(device, pipelineCache, 1u, pCreateInfo, pAllocator, &object): VK_ERROR_UNKNOWN at vkRefUtil.cpp:37
dEQP-VK.geometry.layered.3d.12_36_6.readback	Fail	vk.createGraphicsPipelines(device, pipelineCache, 1u, pCreateInfo, pAllocator, &object): VK_ERROR_UNKNOWN at vkRefUtil.cpp:37
dEQP-VK.geometry.layered.3d.12_36_6.render_different_content	Fail	vk.createGraphicsPipelines(device, pipelineCache, 1u, pCreateInfo, pAllocator, &object): VK_ERROR_UNKNOWN at vkRefUtil.cpp:37
dEQP-VK.geometry.layered.3d.12_36_6.render_to_all	Fail	vk.createGraphicsPipelines(device, pipelineCache, 1u, pCreateInfo, pAllocator, &object): VK_ERROR_UNKNOWN at vkRefUtil.cpp:37
dEQP-VK.geometry.layered.3d.12_36_6.render_to_default_layer	Fail	vk.createGraphicsPipelines(device, pipelineCache, 1u, pCreateInfo, pAllocator, &object): VK_ERROR_UNKNOWN at vkRefUtil.cpp:37
dEQP-VK.geometry.layered.3d.12_36_6.render_to_one	Fail	vk.createGraphicsPipelines(device, pipelineCache, 1u, pCreateInfo, pAllocator, &object): VK_ERROR_UNKNOWN at vkRefUtil.cpp:37
dEQP-VK.geometry.layered.3d.12_36_6.secondary_cmd_buffer	Fail	vk.createGraphicsPipelines(device, pipelineCache, 1u, pCreateInfo, pAllocator, &object): VK_ERROR_UNKNOWN at vkRefUtil.cpp:37
dEQP-VK.geometry.layered.3d.12_36_6.secondary_cmd_buffer_inherit_framebuffer	Fail	vk.createGraphicsPipelines(device, pipelineCache, 1u, pCreateInfo, pAllocator, &object): VK_ERROR_UNKNOWN at vkRefUtil.cpp:37
dEQP-VK.geometry.layered.3d.64_64_8.fragment_layer	Fail	vk.createGraphicsPipelines(device, pipelineCache, 1u, pCreateInfo, pAllocator, &object): VK_ERROR_UNKNOWN at vkRefUtil.cpp:37
dEQP-VK.geometry.layered.3d.64_64_8.invocation_per_layer	Fail	vk.createGraphicsPipelines(device, pipelineCache, 1u, pCreateInfo, pAllocator, &object): VK_ERROR_UNKNOWN at vkRefUtil.cpp:37
dEQP-VK.geometry.layered.3d.64_64_8.multiple_layers_per_invocation	Fail	vk.createGraphicsPipelines(device, pipelineCache, 1u, pCreateInfo, pAllocator, &object): VK_ERROR_UNKNOWN at vkRefUtil.cpp:37
dEQP-VK.geometry.layered.3d.64_64_8.readback	Fail	vk.createGraphicsPipelines(device, pipelineCache, 1u, pCreateInfo, pAllocator, &object): VK_ERROR_UNKNOWN at vkRefUtil.cpp:37
dEQP-VK.geometry.layered.3d.64_64_8.render_different_content	Fail	vk.createGraphicsPipelines(device, pipelineCache, 1u, pCreateInfo, pAllocator, &object): VK_ERROR_UNKNOWN at vkRefUtil.cpp:37
dEQP-VK.geometry.layered.3d.64_64_8.render_to_all	Fail	vk.createGraphicsPipelines(device, pipelineCache, 1u, pCreateInfo, pAllocator, &object): VK_ERROR_UNKNOWN at vkRefUtil.cpp:37
dEQP-VK.geometry.layered.3d.64_64_8.render_to_default_layer	Fail	vk.createGraphicsPipelines(device, pipelineCache, 1u, pCreateInfo, pAllocator, &object): VK_ERROR_UNKNOWN at vkRefUtil.cpp:37
dEQP-VK.geometry.layered.3d.64_64_8.render_to_one	Fail	vk.createGraphicsPipelines(device, pipelineCache, 1u, pCreateInfo, pAllocator, &object): VK_ERROR_UNKNOWN at vkRefUtil.cpp:37
dEQP-VK.geometry.layered.3d.64_64_8.secondary_cmd_buffer	Fail	vk.createGraphicsPipelines(device, pipelineCache, 1u, pCreateInfo, pAllocator, &object): VK_ERROR_UNKNOWN at vkRefUtil.cpp:37
dEQP-VK.geometry.layered.3d.64_64_8.secondary_cmd_buffer_inherit_framebuffer	Fail	vk.createGraphicsPipelines(device, pipelineCache, 1u, pCreateInfo, pAllocator, &object): VK_ERROR_UNKNOWN at vkRefUtil.cpp:37
dEQP-VK.geometry.layered.cube.36_36_6.fragment_layer	Fail	vk.createGraphicsPipelines(device, pipelineCache, 1u, pCreateInfo, pAllocator, &object): VK_ERROR_UNKNOWN at vkRefUtil.cpp:37
dEQP-VK.geometry.layered.cube.36_36_6.invocation_per_layer	Fail	vk.createGraphicsPipelines(device, pipelineCache, 1u, pCreateInfo, pAllocator, &object): VK_ERROR_UNKNOWN at vkRefUtil.cpp:37
dEQP-VK.geometry.layered.cube.36_36_6.multiple_layers_per_invocation	Fail	vk.createGraphicsPipelines(device, pipelineCache, 1u, pCreateInfo, pAllocator, &object): VK_ERROR_UNKNOWN at vkRefUtil.cpp:37
dEQP-VK.geometry.layered.cube.36_36_6.readback	Fail	vk.createGraphicsPipelines(device, pipelineCache, 1u, pCreateInfo, pAllocator, &object): VK_ERROR_UNKNOWN at vkRefUtil.cpp:37
dEQP-VK.geometry.layered.cube.36_36_6.render_different_content	Fail	vk.createGraphicsPipelines(device, pipelineCache, 1u, pCreateInfo, pAllocator, &object): VK_ERROR_UNKNOWN at vkRefUtil.cpp:37
dEQP-VK.geometry.layered.cube.36_36_6.render_to_all	Fail	vk.createGraphicsPipelines(device, pipelineCache, 1u, pCreateInfo, pAllocator, &object): VK_ERROR_UNKNOWN at vkRefUtil.cpp:37
dEQP-VK.geometry.layered.cube.36_36_6.render_to_default_layer	Fail	vk.createGraphicsPipelines(device, pipelineCache, 1u, pCreateInfo, pAllocator, &object): VK_ERROR_UNKNOWN at vkRefUtil.cpp:37
dEQP-VK.geometry.layered.cube.36_36_6.render_to_one	Fail	vk.createGraphicsPipelines(device, pipelineCache, 1u, pCreateInfo, pAllocator, &object): VK_ERROR_UNKNOWN at vkRefUtil.cpp:37
dEQP-VK.geometry.layered.cube.36_36_6.secondary_cmd_buffer	Fail	vk.createGraphicsPipelines(device, pipelineCache, 1u, pCreateInfo, pAllocator, &object): VK_ERROR_UNKNOWN at vkRefUtil.cpp:37
dEQP-VK.geometry.layered.cube.36_36_6.secondary_cmd_buffer_inherit_framebuffer	Fail	vk.createGraphicsPipelines(device, pipelineCache, 1u, pCreateInfo, pAllocator, &object): VK_ERROR_UNKNOWN at vkRefUtil.cpp:37
dEQP-VK.geometry.layered.cube.64_64_6.fragment_layer	Fail	vk.createGraphicsPipelines(device, pipelineCache, 1u, pCreateInfo, pAllocator, &object): VK_ERROR_UNKNOWN at vkRefUtil.cpp:37
dEQP-VK.geometry.layered.cube.64_64_6.invocation_per_layer	Fail	vk.createGraphicsPipelines(device, pipelineCache, 1u, pCreateInfo, pAllocator, &object): VK_ERROR_UNKNOWN at vkRefUtil.cpp:37
dEQP-VK.geometry.layered.cube.64_64_6.multiple_layers_per_invocation	Fail	vk.createGraphicsPipelines(device, pipelineCache, 1u, pCreateInfo, pAllocator, &object): VK_ERROR_UNKNOWN at vkRefUtil.cpp:37
dEQP-VK.geometry.layered.cube.64_64_6.readback	Fail	vk.createGraphicsPipelines(device, pipelineCache, 1u, pCreateInfo, pAllocator, &object): VK_ERROR_UNKNOWN at vkRefUtil.cpp:37
dEQP-VK.geometry.layered.cube.64_64_6.render_different_content	Fail	vk.createGraphicsPipelines(device, pipelineCache, 1u, pCreateInfo, pAllocator, &object): VK_ERROR_UNKNOWN at vkRefUtil.cpp:37
dEQP-VK.geometry.layered.cube.64_64_6.render_to_all	Fail	vk.createGraphicsPipelines(device, pipelineCache, 1u, pCreateInfo, pAllocator, &object): VK_ERROR_UNKNOWN at vkRefUtil.cpp:37
dEQP-VK.geometry.layered.cube.64_64_6.render_to_default_layer	Fail	vk.createGraphicsPipelines(device, pipelineCache, 1u, pCreateInfo, pAllocator, &object): VK_ERROR_UNKNOWN at vkRefUtil.cpp:37
dEQP-VK.geometry.layered.cube.64_64_6.render_to_one	Fail	vk.createGraphicsPipelines(device, pipelineCache, 1u, pCreateInfo, pAllocator, &object): VK_ERROR_UNKNOWN at vkRefUtil.cpp:37
dEQP-VK.geometry.layered.cube.64_64_6.secondary_cmd_buffer	Fail	vk.createGraphicsPipelines(device, pipelineCache, 1u, pCreateInfo, pAllocator, &object): VK_ERROR_UNKNOWN at vkRefUtil.cpp:37
dEQP-VK.geometry.layered.cube.64_64_6.secondary_cmd_buffer_inherit_framebuffer	Fail	vk.createGraphicsPipelines(device, pipelineCache, 1u, pCreateInfo, pAllocator, &object): VK_ERROR_UNKNOWN at vkRefUtil.cpp:37
dEQP-VK.geometry.layered.cube_array.36_36_12.fragment_layer	Fail	vk.createGraphicsPipelines(device, pipelineCache, 1u, pCreateInfo, pAllocator, &object): VK_ERROR_UNKNOWN at vkRefUtil.cpp:37
dEQP-VK.geometry.layered.cube_array.36_36_12.invocation_per_layer	Fail	vk.createGraphicsPipelines(device, pipelineCache, 1u, pCreateInfo, pAllocator, &object): VK_ERROR_UNKNOWN at vkRefUtil.cpp:37
dEQP-VK.geometry.layered.cube_array.36_36_12.multiple_layers_per_invocation	Fail	vk.createGraphicsPipelines(device, pipelineCache, 1u, pCreateInfo, pAllocator, &object): VK_ERROR_UNKNOWN at vkRefUtil.cpp:37
dEQP-VK.geometry.layered.cube_array.36_36_12.readback	Fail	vk.createGraphicsPipelines(device, pipelineCache, 1u, pCreateInfo, pAllocator, &object): VK_ERROR_UNKNOWN at vkRefUtil.cpp:37
dEQP-VK.geometry.layered.cube_array.36_36_12.render_different_content	Fail	vk.createGraphicsPipelines(device, pipelineCache, 1u, pCreateInfo, pAllocator, &object): VK_ERROR_UNKNOWN at vkRefUtil.cpp:37
dEQP-VK.geometry.layered.cube_array.36_36_12.render_to_all	Fail	vk.createGraphicsPipelines(device, pipelineCache, 1u, pCreateInfo, pAllocator, &object): VK_ERROR_UNKNOWN at vkRefUtil.cpp:37
dEQP-VK.geometry.layered.cube_array.36_36_12.render_to_default_layer	Fail	vk.createGraphicsPipelines(device, pipelineCache, 1u, pCreateInfo, pAllocator, &object): VK_ERROR_UNKNOWN at vkRefUtil.cpp:37
dEQP-VK.geometry.layered.cube_array.36_36_12.render_to_one	Fail	vk.createGraphicsPipelines(device, pipelineCache, 1u, pCreateInfo, pAllocator, &object): VK_ERROR_UNKNOWN at vkRefUtil.cpp:37
dEQP-VK.geometry.layered.cube_array.36_36_12.secondary_cmd_buffer	Fail	vk.createGraphicsPipelines(device, pipelineCache, 1u, pCreateInfo, pAllocator, &object): VK_ERROR_UNKNOWN at vkRefUtil.cpp:37
dEQP-VK.geometry.layered.cube_array.36_36_12.secondary_cmd_buffer_inherit_framebuffer	Fail	vk.createGraphicsPipelines(device, pipelineCache, 1u, pCreateInfo, pAllocator, &object): VK_ERROR_UNKNOWN at vkRefUtil.cpp:37
dEQP-VK.geometry.layered.cube_array.64_64_12.fragment_layer	Fail	vk.createGraphicsPipelines(device, pipelineCache, 1u, pCreateInfo, pAllocator, &object): VK_ERROR_UNKNOWN at vkRefUtil.cpp:37
dEQP-VK.geometry.layered.cube_array.64_64_12.invocation_per_layer	Fail	vk.createGraphicsPipelines(device, pipelineCache, 1u, pCreateInfo, pAllocator, &object): VK_ERROR_UNKNOWN at vkRefUtil.cpp:37
dEQP-VK.geometry.layered.cube_array.64_64_12.multiple_layers_per_invocation	Fail	vk.createGraphicsPipelines(device, pipelineCache, 1u, pCreateInfo, pAllocator, &object): VK_ERROR_UNKNOWN at vkRefUtil.cpp:37
dEQP-VK.geometry.layered.cube_array.64_64_12.readback	Fail	vk.createGraphicsPipelines(device, pipelineCache, 1u, pCreateInfo, pAllocator, &object): VK_ERROR_UNKNOWN at vkRefUtil.cpp:37
dEQP-VK.geometry.layered.cube_array.64_64_12.render_different_content	Fail	vk.createGraphicsPipelines(device, pipelineCache, 1u, pCreateInfo, pAllocator, &object): VK_ERROR_UNKNOWN at vkRefUtil.cpp:37
dEQP-VK.geometry.layered.cube_array.64_64_12.render_to_all	Fail	vk.createGraphicsPipelines(device, pipelineCache, 1u, pCreateInfo, pAllocator, &object): VK_ERROR_UNKNOWN at vkRefUtil.cpp:37
dEQP-VK.geometry.layered.cube_array.64_64_12.render_to_default_layer	Fail	vk.createGraphicsPipelines(device, pipelineCache, 1u, pCreateInfo, pAllocator, &object): VK_ERROR_UNKNOWN at vkRefUtil.cpp:37
dEQP-VK.geometry.layered.cube_array.64_64_12.render_to_one	Fail	vk.createGraphicsPipelines(device, pipelineCache, 1u, pCreateInfo, pAllocator, &object): VK_ERROR_UNKNOWN at vkRefUtil.cpp:37
dEQP-VK.geometry.layered.cube_array.64_64_12.secondary_cmd_buffer	Fail	vk.createGraphicsPipelines(device, pipelineCache, 1u, pCreateInfo, pAllocator, &object): VK_ERROR_UNKNOWN at vkRefUtil.cpp:37
dEQP-VK.geometry.layered.cube_array.64_64_12.secondary_cmd_buffer_inherit_framebuffer	Fail	vk.createGraphicsPipelines(device, pipelineCache, 1u, pCreateInfo, pAllocator, &object): VK_ERROR_UNKNOWN at vkRefUtil.cpp:37
dEQP-VK.geometry.varying.vertex_no_op_geometry_out_1	Fail	vk.createGraphicsPipelines(device, pipelineCache, 1u, pCreateInfo, pAllocator, &object): VK_ERROR_UNKNOWN at vkRefUtil.cpp:37
dEQP-VK.geometry.varying.vertex_out_0_geometry_out_1	Fail	vk.createGraphicsPipelines(device, pipelineCache, 1u, pCreateInfo, pAllocator, &object): VK_ERROR_UNKNOWN at vkRefUtil.cpp:37
dEQP-VK.geometry.varying.vertex_out_0_geometry_out_2	Fail	vk.createGraphicsPipelines(device, pipelineCache, 1u, pCreateInfo, pAllocator, &object): VK_ERROR_UNKNOWN at vkRefUtil.cpp:37
dEQP-VK.geometry.varying.vertex_out_1_geometry_out_0	Fail	vk.createGraphicsPipelines(device, pipelineCache, 1u, pCreateInfo, pAllocator, &object): VK_ERROR_UNKNOWN at vkRefUtil.cpp:37
dEQP-VK.geometry.varying.vertex_out_1_geometry_out_2	Fail	vk.createGraphicsPipelines(device, pipelineCache, 1u, pCreateInfo, pAllocator, &object): VK_ERROR_UNKNOWN at vkRefUtil.cpp:37
