dEQP-VK.geometry.basic.output_0_and_128	Pass	Pass
dEQP-VK.geometry.basic.output_10	Pass	Pass
dEQP-VK.geometry.basic.output_100_and_10	Pass	Pass
dEQP-VK.geometry.basic.output_10_and_100	Pass	Pass
dEQP-VK.geometry.basic.output_128	Pass	Pass
dEQP-VK.geometry.basic.output_128_and_0	Pass	Pass
dEQP-VK.geometry.basic.output_vary_by_attribute	Pass	Pass
dEQP-VK.geometry.basic.output_vary_by_attribute_instancing	Pass	Pass
dEQP-VK.geometry.basic.output_vary_by_texture	Pass	Pass
dEQP-VK.geometry.basic.output_vary_by_texture_instancing	Pass	Pass
dEQP-VK.geometry.basic.output_vary_by_uniform	Pass	Pass
dEQP-VK.geometry.basic.output_vary_by_uniform_instancing	Pass	Pass
dEQP-VK.geometry.basic.side_effect_with_condition	Pass	Pass
dEQP-VK.geometry.basic.side_effect_with_degenerate	Pass	Pass
dEQP-VK.geometry.builtin_variable.in_block.point_size	Pass	Pass
dEQP-VK.geometry.builtin_variable.in_block.primitive_id	Fail	Fail
dEQP-VK.geometry.builtin_variable.in_block.primitive_id_in	Pass	Pass
dEQP-VK.geometry.builtin_variable.in_block.primitive_id_in_restarted	Fail	Fail
dEQP-VK.geometry.builtin_variable.outside_block.position	Pass	Pass
dEQP-VK.geometry.builtin_variable.primitive_id.matching	Fail	Fail
dEQP-VK.geometry.emit.line_strip_emit_0_end_0	Pass	Pass
dEQP-VK.geometry.emit.line_strip_emit_0_end_1	Pass	Pass
dEQP-VK.geometry.emit.line_strip_emit_0_end_2	Pass	Pass
dEQP-VK.geometry.emit.line_strip_emit_1_end_1	Pass	Pass
dEQP-VK.geometry.emit.line_strip_emit_1_end_2	Pass	Pass
dEQP-VK.geometry.emit.line_strip_emit_2_end_1	Pass	Pass
dEQP-VK.geometry.emit.line_strip_emit_2_end_2	Pass	Pass
dEQP-VK.geometry.emit.line_strip_emit_2_end_2_emit_2_end_0	Pass	Pass
dEQP-VK.geometry.emit.points_emit_0_end_0	Pass	Pass
dEQP-VK.geometry.emit.points_emit_0_end_1	Pass	Pass
dEQP-VK.geometry.emit.points_emit_0_end_2	Pass	Pass
dEQP-VK.geometry.emit.points_emit_1_end_1	Pass	Pass
dEQP-VK.geometry.emit.points_emit_1_end_2	Pass	Pass
dEQP-VK.geometry.emit.triangle_strip_emit_0_end_0	Pass	Pass
dEQP-VK.geometry.emit.triangle_strip_emit_0_end_1	Pass	Pass
dEQP-VK.geometry.emit.triangle_strip_emit_0_end_2	Pass	Pass
dEQP-VK.geometry.emit.triangle_strip_emit_1_end_1	Pass	Pass
dEQP-VK.geometry.emit.triangle_strip_emit_1_end_2	Pass	Pass
dEQP-VK.geometry.emit.triangle_strip_emit_2_end_1	Pass	Pass
dEQP-VK.geometry.emit.triangle_strip_emit_2_end_2	Pass	Pass
dEQP-VK.geometry.emit.triangle_strip_emit_3_end_1	Pass	Pass
dEQP-VK.geometry.emit.triangle_strip_emit_3_end_2	Pass	Pass
dEQP-VK.geometry.emit.triangle_strip_emit_3_end_2_emit_3_end_0	Pass	Pass
dEQP-VK.geometry.input.basic_primitive.line_strip	Pass	Pass
dEQP-VK.geometry.input.basic_primitive.line_strip_adjacency	Pass	Pass
dEQP-VK.geometry.input.basic_primitive.lines	Pass	Pass
dEQP-VK.geometry.input.basic_primitive.lines_adjacency	Pass	Pass
dEQP-VK.geometry.input.basic_primitive.points	Pass	Pass
dEQP-VK.geometry.input.basic_primitive.triangle_fan	Pass	Pass
dEQP-VK.geometry.input.basic_primitive.triangle_strip	Pass	Pass
dEQP-VK.geometry.input.basic_primitive.triangles	Pass	Pass
dEQP-VK.geometry.input.basic_primitive.triangles_adjacency	Pass	Pass
dEQP-VK.geometry.input.conversion.lines_to_points	Pass	Pass
dEQP-VK.geometry.input.conversion.lines_to_triangles	Pass	Pass
dEQP-VK.geometry.input.conversion.points_to_lines	Pass	Pass
dEQP-VK.geometry.input.conversion.points_to_triangles	Pass	Pass
dEQP-VK.geometry.input.conversion.triangles_to_lines	Pass	Pass
dEQP-VK.geometry.input.conversion.triangles_to_points	Pass	Pass
dEQP-VK.geometry.input.triangle_strip_adjacency.vertex_count_0	Pass	Pass
dEQP-VK.geometry.input.triangle_strip_adjacency.vertex_count_1	Pass	Pass
dEQP-VK.geometry.input.triangle_strip_adjacency.vertex_count_10	Pass	Pass
dEQP-VK.geometry.input.triangle_strip_adjacency.vertex_count_11	Pass	Pass
dEQP-VK.geometry.input.triangle_strip_adjacency.vertex_count_12	Pass	Pass
dEQP-VK.geometry.input.triangle_strip_adjacency.vertex_count_2	Pass	Pass
dEQP-VK.geometry.input.triangle_strip_adjacency.vertex_count_3	Pass	Pass
dEQP-VK.geometry.input.triangle_strip_adjacency.vertex_count_4	Pass	Pass
dEQP-VK.geometry.input.triangle_strip_adjacency.vertex_count_5	Pass	Pass
dEQP-VK.geometry.input.triangle_strip_adjacency.vertex_count_6	Pass	Pass
dEQP-VK.geometry.input.triangle_strip_adjacency.vertex_count_7	Pass	Pass
dEQP-VK.geometry.input.triangle_strip_adjacency.vertex_count_8	Pass	Pass
dEQP-VK.geometry.input.triangle_strip_adjacency.vertex_count_9	Pass	Pass
dEQP-VK.geometry.instanced.draw_1_instances_127_geometry_invocations	NotSupported	Unsupported limit: maxGeometryShaderInvocations < 127 at vktGeometryInstancedRenderingTests.cpp:416
dEQP-VK.geometry.instanced.draw_1_instances_1_geometry_invocations	Pass	OK
dEQP-VK.geometry.instanced.draw_1_instances_2_geometry_invocations	Pass	OK
dEQP-VK.geometry.instanced.draw_1_instances_32_geometry_invocations	Pass	OK
dEQP-VK.geometry.instanced.draw_1_instances_64_geometry_invocations	NotSupported	Unsupported limit: maxGeometryShaderInvocations < 64 at vktGeometryInstancedRenderingTests.cpp:416
dEQP-VK.geometry.instanced.draw_1_instances_8_geometry_invocations	Pass	OK
dEQP-VK.geometry.instanced.draw_2_instances_127_geometry_invocations	NotSupported	Unsupported limit: maxGeometryShaderInvocations < 127 at vktGeometryInstancedRenderingTests.cpp:416
dEQP-VK.geometry.instanced.draw_2_instances_1_geometry_invocations	Pass	OK
dEQP-VK.geometry.instanced.draw_2_instances_2_geometry_invocations	Pass	OK
dEQP-VK.geometry.instanced.draw_2_instances_32_geometry_invocations	Pass	OK
dEQP-VK.geometry.instanced.draw_2_instances_64_geometry_invocations	NotSupported	Unsupported limit: maxGeometryShaderInvocations < 64 at vktGeometryInstancedRenderingTests.cpp:416
dEQP-VK.geometry.instanced.draw_2_instances_8_geometry_invocations	Pass	OK
dEQP-VK.geometry.instanced.draw_4_instances_127_geometry_invocations	NotSupported	Unsupported limit: maxGeometryShaderInvocations < 127 at vktGeometryInstancedRenderingTests.cpp:416
dEQP-VK.geometry.instanced.draw_4_instances_1_geometry_invocations	Pass	OK
dEQP-VK.geometry.instanced.draw_4_instances_2_geometry_invocations	Pass	OK
dEQP-VK.geometry.instanced.draw_4_instances_32_geometry_invocations	Pass	OK
dEQP-VK.geometry.instanced.draw_4_instances_64_geometry_invocations	NotSupported	Unsupported limit: maxGeometryShaderInvocations < 64 at vktGeometryInstancedRenderingTests.cpp:416
dEQP-VK.geometry.instanced.draw_4_instances_8_geometry_invocations	Pass	OK
dEQP-VK.geometry.instanced.draw_8_instances_127_geometry_invocations	NotSupported	Unsupported limit: maxGeometryShaderInvocations < 127 at vktGeometryInstancedRenderingTests.cpp:416
dEQP-VK.geometry.instanced.draw_8_instances_1_geometry_invocations	Pass	OK
dEQP-VK.geometry.instanced.draw_8_instances_2_geometry_invocations	Pass	OK
dEQP-VK.geometry.instanced.draw_8_instances_32_geometry_invocations	Pass	OK
dEQP-VK.geometry.instanced.draw_8_instances_64_geometry_invocations	NotSupported	Unsupported limit: maxGeometryShaderInvocations < 64 at vktGeometryInstancedRenderingTests.cpp:416
dEQP-VK.geometry.instanced.draw_8_instances_8_geometry_invocations	Pass	OK
dEQP-VK.geometry.layered.1d_array.12_1_6.fragment_layer	Pass	OK
dEQP-VK.geometry.layered.1d_array.12_1_6.invocation_per_layer	Pass	OK
dEQP-VK.geometry.layered.1d_array.12_1_6.multiple_layers_per_invocation	Pass	OK
dEQP-VK.geometry.layered.1d_array.12_1_6.readback	Pass	OK
dEQP-VK.geometry.layered.1d_array.12_1_6.render_different_content	Pass	OK
dEQP-VK.geometry.layered.1d_array.12_1_6.render_to_all	Pass	OK
dEQP-VK.geometry.layered.1d_array.12_1_6.render_to_default_layer	Pass	OK
dEQP-VK.geometry.layered.1d_array.12_1_6.render_to_one	Pass	OK
dEQP-VK.geometry.layered.1d_array.12_1_6.secondary_cmd_buffer	Pass	OK
dEQP-VK.geometry.layered.1d_array.12_1_6.secondary_cmd_buffer_inherit_framebuffer	Pass	OK
dEQP-VK.geometry.layered.1d_array.64_1_4.fragment_layer	Pass	OK
dEQP-VK.geometry.layered.1d_array.64_1_4.invocation_per_layer	Pass	OK
dEQP-VK.geometry.layered.1d_array.64_1_4.multiple_layers_per_invocation	Pass	OK
dEQP-VK.geometry.layered.1d_array.64_1_4.readback	Pass	OK
dEQP-VK.geometry.layered.1d_array.64_1_4.render_different_content	Pass	OK
dEQP-VK.geometry.layered.1d_array.64_1_4.render_to_all	Pass	OK
dEQP-VK.geometry.layered.1d_array.64_1_4.render_to_default_layer	Pass	OK
dEQP-VK.geometry.layered.1d_array.64_1_4.render_to_one	Pass	OK
dEQP-VK.geometry.layered.1d_array.64_1_4.secondary_cmd_buffer	Pass	OK
dEQP-VK.geometry.layered.1d_array.64_1_4.secondary_cmd_buffer_inherit_framebuffer	Pass	OK
dEQP-VK.geometry.layered.2d_array.12_36_6.fragment_layer	Pass	OK
dEQP-VK.geometry.layered.2d_array.12_36_6.invocation_per_layer	Pass	OK
dEQP-VK.geometry.layered.2d_array.12_36_6.multiple_layers_per_invocation	Pass	OK
dEQP-VK.geometry.layered.2d_array.12_36_6.readback	Pass	OK
dEQP-VK.geometry.layered.2d_array.12_36_6.render_different_content	Pass	OK
dEQP-VK.geometry.layered.2d_array.12_36_6.render_to_all	Pass	OK
dEQP-VK.geometry.layered.2d_array.12_36_6.render_to_default_layer	Pass	OK
dEQP-VK.geometry.layered.2d_array.12_36_6.render_to_one	Pass	OK
dEQP-VK.geometry.layered.2d_array.12_36_6.secondary_cmd_buffer	Pass	OK
dEQP-VK.geometry.layered.2d_array.12_36_6.secondary_cmd_buffer_inherit_framebuffer	Pass	OK
dEQP-VK.geometry.layered.2d_array.64_64_4.fragment_layer	Pass	OK
dEQP-VK.geometry.layered.2d_array.64_64_4.invocation_per_layer	Pass	OK
dEQP-VK.geometry.layered.2d_array.64_64_4.multiple_layers_per_invocation	Pass	OK
dEQP-VK.geometry.layered.2d_array.64_64_4.readback	Pass	OK
dEQP-VK.geometry.layered.2d_array.64_64_4.render_different_content	Pass	OK
dEQP-VK.geometry.layered.2d_array.64_64_4.render_to_all	Pass	OK
dEQP-VK.geometry.layered.2d_array.64_64_4.render_to_default_layer	Pass	OK
dEQP-VK.geometry.layered.2d_array.64_64_4.render_to_one	Pass	OK
dEQP-VK.geometry.layered.2d_array.64_64_4.secondary_cmd_buffer	Pass	OK
dEQP-VK.geometry.layered.2d_array.64_64_4.secondary_cmd_buffer_inherit_framebuffer	Pass	OK
dEQP-VK.geometry.layered.3d.12_36_6.fragment_layer	Pass	OK
dEQP-VK.geometry.layered.3d.12_36_6.invocation_per_layer	Pass	OK
dEQP-VK.geometry.layered.3d.12_36_6.multiple_layers_per_invocation	Pass	OK
dEQP-VK.geometry.layered.3d.12_36_6.readback	Pass	OK
dEQP-VK.geometry.layered.3d.12_36_6.render_different_content	Pass	OK
dEQP-VK.geometry.layered.3d.12_36_6.render_to_all	Pass	OK
dEQP-VK.geometry.layered.3d.12_36_6.render_to_default_layer	Pass	OK
dEQP-VK.geometry.layered.3d.12_36_6.render_to_one	Pass	OK
dEQP-VK.geometry.layered.3d.12_36_6.secondary_cmd_buffer	Pass	OK
dEQP-VK.geometry.layered.3d.12_36_6.secondary_cmd_buffer_inherit_framebuffer	Pass	OK
dEQP-VK.geometry.layered.3d.64_64_8.fragment_layer	Pass	OK
dEQP-VK.geometry.layered.3d.64_64_8.invocation_per_layer	Pass	OK
dEQP-VK.geometry.layered.3d.64_64_8.multiple_layers_per_invocation	Pass	OK
dEQP-VK.geometry.layered.3d.64_64_8.readback	Pass	OK
dEQP-VK.geometry.layered.3d.64_64_8.render_different_content	Pass	OK
dEQP-VK.geometry.layered.3d.64_64_8.render_to_all	Pass	OK
dEQP-VK.geometry.layered.3d.64_64_8.render_to_default_layer	Pass	OK
dEQP-VK.geometry.layered.3d.64_64_8.render_to_one	Pass	OK
dEQP-VK.geometry.layered.3d.64_64_8.secondary_cmd_buffer	Pass	OK
dEQP-VK.geometry.layered.3d.64_64_8.secondary_cmd_buffer_inherit_framebuffer	Pass	OK
dEQP-VK.geometry.layered.cube.36_36_6.fragment_layer	Pass	OK
dEQP-VK.geometry.layered.cube.36_36_6.invocation_per_layer	Pass	OK
dEQP-VK.geometry.layered.cube.36_36_6.multiple_layers_per_invocation	Pass	OK
dEQP-VK.geometry.layered.cube.36_36_6.readback	Fail	Following parts of image are incorrect: Color Depth Stencil
dEQP-VK.geometry.layered.cube.36_36_6.render_different_content	Pass	OK
dEQP-VK.geometry.layered.cube.36_36_6.render_to_all	Pass	OK
dEQP-VK.geometry.layered.cube.36_36_6.render_to_default_layer	Pass	OK
dEQP-VK.geometry.layered.cube.36_36_6.render_to_one	Pass	OK
dEQP-VK.geometry.layered.cube.36_36_6.secondary_cmd_buffer	Fail	Rendered images are incorrect
dEQP-VK.geometry.layered.cube.36_36_6.secondary_cmd_buffer_inherit_framebuffer	Fail	Rendered images are incorrect
dEQP-VK.geometry.layered.cube.64_64_6.fragment_layer	Pass	OK
dEQP-VK.geometry.layered.cube.64_64_6.invocation_per_layer	Pass	OK
dEQP-VK.geometry.layered.cube.64_64_6.multiple_layers_per_invocation	Pass	OK
dEQP-VK.geometry.layered.cube.64_64_6.readback	Fail	Following parts of image are incorrect: Color Depth Stencil
dEQP-VK.geometry.layered.cube.64_64_6.render_different_content	Pass	OK
dEQP-VK.geometry.layered.cube.64_64_6.render_to_all	Pass	OK
dEQP-VK.geometry.layered.cube.64_64_6.render_to_default_layer	Pass	OK
dEQP-VK.geometry.layered.cube.64_64_6.render_to_one	Pass	OK
dEQP-VK.geometry.layered.cube.64_64_6.secondary_cmd_buffer	Pass	OK
dEQP-VK.geometry.layered.cube.64_64_6.secondary_cmd_buffer_inherit_framebuffer	Pass	OK
dEQP-VK.geometry.layered.cube_array.36_36_12.fragment_layer	Pass	OK
dEQP-VK.geometry.layered.cube_array.36_36_12.invocation_per_layer	Pass	OK
dEQP-VK.geometry.layered.cube_array.36_36_12.multiple_layers_per_invocation	Pass	OK
dEQP-VK.geometry.layered.cube_array.36_36_12.readback	Fail	Following parts of image are incorrect: Color Depth Stencil
dEQP-VK.geometry.layered.cube_array.36_36_12.render_different_content	Pass	OK
dEQP-VK.geometry.layered.cube_array.36_36_12.render_to_all	Pass	OK
dEQP-VK.geometry.layered.cube_array.36_36_12.render_to_default_layer	Pass	OK
dEQP-VK.geometry.layered.cube_array.36_36_12.render_to_one	Pass	OK
dEQP-VK.geometry.layered.cube_array.36_36_12.secondary_cmd_buffer	Fail	Rendered images are incorrect
dEQP-VK.geometry.layered.cube_array.36_36_12.secondary_cmd_buffer_inherit_framebuffer	Fail	Rendered images are incorrect
dEQP-VK.geometry.layered.cube_array.64_64_12.fragment_layer	Pass	OK
dEQP-VK.geometry.layered.cube_array.64_64_12.invocation_per_layer	Pass	OK
dEQP-VK.geometry.layered.cube_array.64_64_12.multiple_layers_per_invocation	Pass	OK
dEQP-VK.geometry.layered.cube_array.64_64_12.readback	Fail	Following parts of image are incorrect: Color Depth Stencil
dEQP-VK.geometry.layered.cube_array.64_64_12.render_different_content	Pass	OK
dEQP-VK.geometry.layered.cube_array.64_64_12.render_to_all	Pass	OK
dEQP-VK.geometry.layered.cube_array.64_64_12.render_to_default_layer	Pass	OK
dEQP-VK.geometry.layered.cube_array.64_64_12.render_to_one	Pass	OK
dEQP-VK.geometry.layered.cube_array.64_64_12.secondary_cmd_buffer	Pass	OK
dEQP-VK.geometry.layered.cube_array.64_64_12.secondary_cmd_buffer_inherit_framebuffer	Pass	OK
dEQP-VK.geometry.varying.vertex_no_op_geometry_out_1	Pass	Pass
dEQP-VK.geometry.varying.vertex_out_0_geometry_out_1	Pass	Pass
dEQP-VK.geometry.varying.vertex_out_0_geometry_out_2	Pass	Pass
dEQP-VK.geometry.varying.vertex_out_1_geometry_out_0	Pass	Pass
dEQP-VK.geometry.varying.vertex_out_1_geometry_out_2	Pass	Pass
