dEQP-VK.robustness.robustness2.bind.notemplate.r32ui.unroll.nonvolatile.storage_texel_buffer.no_fmt_qual.len_12.samples_1.1d.comp	Fail	Fail
dEQP-VK.robustness.robustness2.bind.notemplate.r32ui.unroll.nonvolatile.storage_texel_buffer.no_fmt_qual.len_16.samples_1.1d.frag	Fail	Fail
dEQP-VK.robustness.robustness2.bind.notemplate.r32ui.unroll.nonvolatile.storage_texel_buffer.no_fmt_qual.len_252.samples_1.1d.comp	Fail	Fail
dEQP-VK.robustness.robustness2.bind.notemplate.r32ui.unroll.nonvolatile.storage_texel_buffer.no_fmt_qual.len_256.samples_1.1d.frag	Fail	Fail
dEQP-VK.robustness.robustness2.bind.notemplate.r32ui.unroll.nonvolatile.storage_texel_buffer.no_fmt_qual.len_32.samples_1.1d.comp	Fail	Fail
dEQP-VK.robustness.robustness2.bind.notemplate.r32ui.unroll.nonvolatile.storage_texel_buffer.no_fmt_qual.len_36.samples_1.1d.frag	Fail	Fail
dEQP-VK.robustness.robustness2.bind.notemplate.r32ui.unroll.nonvolatile.storage_texel_buffer.no_fmt_qual.len_41.samples_1.1d.comp	Fail	Fail
dEQP-VK.robustness.robustness2.bind.notemplate.r32ui.unroll.nonvolatile.storage_texel_buffer.no_fmt_qual.len_8.samples_1.1d.frag	Fail	Fail
dEQP-VK.robustness.robustness2.bind.notemplate.r32ui.unroll.nonvolatile.uniform_buffer.no_fmt_qual.len_16.samples_1.1d.comp	Pass	Pass
dEQP-VK.robustness.robustness2.bind.notemplate.r32ui.unroll.nonvolatile.uniform_buffer.no_fmt_qual.len_20.samples_1.1d.frag	Pass	Pass
dEQP-VK.robustness.robustness2.bind.notemplate.r32ui.unroll.nonvolatile.uniform_buffer.no_fmt_qual.len_256.samples_1.1d.comp	Pass	Pass
dEQP-VK.robustness.robustness2.bind.notemplate.r32ui.unroll.nonvolatile.uniform_buffer.no_fmt_qual.len_260.samples_1.1d.frag	Pass	Pass
dEQP-VK.robustness.robustness2.bind.notemplate.r32ui.unroll.nonvolatile.uniform_buffer.no_fmt_qual.len_32.samples_1.1d.comp	Pass	Pass
dEQP-VK.robustness.robustness2.bind.notemplate.r32ui.unroll.nonvolatile.uniform_buffer.no_fmt_qual.len_33.samples_1.1d.frag	Pass	Pass
dEQP-VK.robustness.robustness2.bind.notemplate.r32ui.unroll.nonvolatile.uniform_buffer.no_fmt_qual.len_36.samples_1.1d.comp	Pass	Pass
dEQP-VK.robustness.robustness2.bind.notemplate.r32ui.unroll.nonvolatile.uniform_buffer.no_fmt_qual.len_39.samples_1.1d.frag	Pass	Pass
dEQP-VK.robustness.robustness2.bind.notemplate.r32ui.unroll.nonvolatile.uniform_buffer.no_fmt_qual.len_41.samples_1.1d.comp	Pass	Pass
dEQP-VK.robustness.robustness2.bind.notemplate.r32ui.unroll.nonvolatile.uniform_buffer.no_fmt_qual.len_8.samples_1.1d.frag	Pass	Pass
dEQP-VK.robustness.robustness2.bind.notemplate.r32ui.unroll.nonvolatile.uniform_buffer_dynamic.no_fmt_qual.len_16.samples_1.1d.comp	Pass	Pass
dEQP-VK.robustness.robustness2.bind.notemplate.r32ui.unroll.nonvolatile.uniform_buffer_dynamic.no_fmt_qual.len_20.samples_1.1d.frag	Pass	Pass
dEQP-VK.robustness.robustness2.bind.notemplate.r32ui.unroll.nonvolatile.uniform_buffer_dynamic.no_fmt_qual.len_256.samples_1.1d.comp	Pass	Pass
dEQP-VK.robustness.robustness2.bind.notemplate.r32ui.unroll.nonvolatile.uniform_buffer_dynamic.no_fmt_qual.len_260.samples_1.1d.frag	Pass	Pass
dEQP-VK.robustness.robustness2.bind.notemplate.r32ui.unroll.nonvolatile.uniform_buffer_dynamic.no_fmt_qual.len_32.samples_1.1d.comp	Pass	Pass
dEQP-VK.robustness.robustness2.bind.notemplate.r32ui.unroll.nonvolatile.uniform_buffer_dynamic.no_fmt_qual.len_33.samples_1.1d.frag	Pass	Pass
dEQP-VK.robustness.robustness2.bind.notemplate.r32ui.unroll.nonvolatile.uniform_buffer_dynamic.no_fmt_qual.len_36.samples_1.1d.comp	Pass	Pass
dEQP-VK.robustness.robustness2.bind.notemplate.r32ui.unroll.nonvolatile.uniform_buffer_dynamic.no_fmt_qual.len_39.samples_1.1d.frag	Pass	Pass
dEQP-VK.robustness.robustness2.bind.notemplate.r32ui.unroll.nonvolatile.uniform_buffer_dynamic.no_fmt_qual.len_41.samples_1.1d.comp	Pass	Pass
dEQP-VK.robustness.robustness2.bind.notemplate.r32ui.unroll.nonvolatile.uniform_buffer_dynamic.no_fmt_qual.len_8.samples_1.1d.frag	Pass	Pass
dEQP-VK.robustness.robustness2.bind.notemplate.r32ui.unroll.nonvolatile.uniform_texel_buffer.no_fmt_qual.len_16.samples_1.1d.comp	Fail	Fail
dEQP-VK.robustness.robustness2.bind.notemplate.r32ui.unroll.nonvolatile.uniform_texel_buffer.no_fmt_qual.len_20.samples_1.1d.frag	Fail	Fail
dEQP-VK.robustness.robustness2.bind.notemplate.r32ui.unroll.nonvolatile.uniform_texel_buffer.no_fmt_qual.len_256.samples_1.1d.comp	Fail	Fail
dEQP-VK.robustness.robustness2.bind.notemplate.r32ui.unroll.nonvolatile.uniform_texel_buffer.no_fmt_qual.len_260.samples_1.1d.frag	Fail	Fail
dEQP-VK.robustness.robustness2.bind.notemplate.r32ui.unroll.nonvolatile.uniform_texel_buffer.no_fmt_qual.len_36.samples_1.1d.comp	Fail	Fail
dEQP-VK.robustness.robustness2.bind.notemplate.r32ui.unroll.nonvolatile.uniform_texel_buffer.no_fmt_qual.len_4.samples_1.1d.frag	Fail	Fail
dEQP-VK.robustness.robustness2.bind.notemplate.r32ui.unroll.nonvolatile.uniform_texel_buffer.no_fmt_qual.len_8.samples_1.1d.comp	Fail	Fail
