dEQP-VK.pipeline.monolithic.blend.format.r8g8b8a8_unorm.states.color_1mca_1mca_rsub_alpha_o_1mdc_sub-color_sc_dc_add_alpha_1mcc_ca_add-color_sc_da_rsub_alpha_sa_ca_min-color_o_1msc_max_alpha_ca_1msc_max	Pass	Result image matches reference
dEQP-VK.pipeline.monolithic.blend.format.r8g8b8a8_unorm.states.color_1mca_1mca_sub_alpha_o_1mda_add-color_z_1mcc_max_alpha_sc_1mdc_add-color_1mca_1mdc_add_alpha_sc_sa_min-color_sas_o_max_alpha_1mcc_1mdc_add	Pass	Result image matches reference
dEQP-VK.pipeline.monolithic.blend.format.r8g8b8a8_unorm.states.color_1mca_1mda_add_alpha_1mda_1mcc_add-color_da_1msc_add_alpha_1mca_ca_max-color_cc_da_sub_alpha_dc_da_rsub-color_z_1mdc_rsub_alpha_1mca_1msa_max	Pass	Result image matches reference
dEQP-VK.pipeline.monolithic.blend.format.r8g8b8a8_unorm.states.color_1mca_1mda_sub_alpha_cc_sa_min-color_1mda_da_rsub_alpha_1mdc_1mda_sub-color_sc_1msc_min_alpha_1mdc_1mca_max-color_ca_cc_min_alpha_da_ca_rsub	Pass	Result image matches reference
dEQP-VK.pipeline.monolithic.blend.format.r8g8b8a8_unorm.states.color_1mca_1mdc_add_alpha_1msa_z_add-color_ca_1mdc_sub_alpha_1mcc_sc_max-color_sc_1mdc_rsub_alpha_1mdc_1mdc_rsub-color_1mdc_1msc_sub_alpha_sa_1mcc_max	Pass	Result image matches reference
dEQP-VK.pipeline.monolithic.blend.format.r8g8b8a8_unorm.states.color_1mca_da_add_alpha_sas_1mca_add-color_z_1mda_sub_alpha_ca_1mcc_rsub-color_sa_sa_max_alpha_dc_da_min-color_cc_dc_min_alpha_1msa_da_min	Pass	Result image matches reference
dEQP-VK.pipeline.monolithic.blend.format.r8g8b8a8_unorm.states.color_1mca_dc_add_alpha_1msa_1msc_min-color_1msa_da_sub_alpha_1mca_sa_max-color_ca_1mdc_min_alpha_sa_1msc_min-color_ca_sc_min_alpha_1mcc_1mda_sub	Pass	Result image matches reference
dEQP-VK.pipeline.monolithic.blend.format.r8g8b8a8_unorm.states.color_1mca_sa_min_alpha_cc_sas_rsub-color_dc_sc_min_alpha_sas_dc_min-color_1mda_1msc_max_alpha_sa_1msc_max-color_cc_1mdc_min_alpha_1mda_1msc_rsub	Pass	Result image matches reference
dEQP-VK.pipeline.monolithic.blend.format.r8g8b8a8_unorm.states.color_1mca_z_min_alpha_1mcc_cc_max-color_z_sas_max_alpha_ca_sa_max-color_1mcc_1mca_sub_alpha_sa_o_rsub-color_z_1mdc_sub_alpha_o_1mda_sub	Pass	Result image matches reference
dEQP-VK.pipeline.monolithic.blend.format.r8g8b8a8_unorm.states.color_1mcc_1mcc_rsub_alpha_z_sa_rsub-color_ca_o_max_alpha_z_1mca_sub-color_1mcc_ca_add_alpha_cc_1mdc_rsub-color_dc_dc_rsub_alpha_o_1mcc_sub	Pass	Result image matches reference
dEQP-VK.pipeline.monolithic.blend.format.r8g8b8a8_unorm.states.color_1mcc_1mda_rsub_alpha_da_da_rsub-color_sas_1mdc_rsub_alpha_1msa_sa_add-color_cc_cc_rsub_alpha_sa_1mca_min-color_z_1msa_max_alpha_1msc_cc_rsub	Pass	Result image matches reference
dEQP-VK.pipeline.monolithic.blend.format.r8g8b8a8_unorm.states.color_1mcc_1mdc_max_alpha_sc_1mcc_sub-color_1mda_sa_max_alpha_sc_1msa_add-color_cc_dc_rsub_alpha_o_sa_min-color_sc_sa_max_alpha_1mda_1msa_sub	Pass	Result image matches reference
dEQP-VK.pipeline.monolithic.blend.format.r8g8b8a8_unorm.states.color_1mcc_1mdc_min_alpha_da_sc_sub-color_1mcc_sa_min_alpha_sa_ca_max-color_o_z_add_alpha_1mda_da_add-color_1mdc_sa_min_alpha_1mcc_sc_rsub	Pass	Result image matches reference
dEQP-VK.pipeline.monolithic.blend.format.r8g8b8a8_unorm.states.color_1mcc_1msa_rsub_alpha_1mdc_1mcc_sub-color_1mdc_sc_add_alpha_1mcc_1mca_min-color_z_1msc_sub_alpha_ca_sa_min-color_sa_sa_rsub_alpha_cc_sas_max	Pass	Result image matches reference
dEQP-VK.pipeline.monolithic.blend.format.r8g8b8a8_unorm.states.color_1mcc_ca_min_alpha_z_1mca_sub-color_1msa_z_max_alpha_1mda_z_sub-color_1msc_z_sub_alpha_1mdc_ca_sub-color_o_z_rsub_alpha_1msa_z_rsub	Pass	Result image matches reference
dEQP-VK.pipeline.monolithic.blend.format.r8g8b8a8_unorm.states.color_1mcc_cc_max_alpha_1mdc_o_max-color_sas_dc_rsub_alpha_1msc_1mda_rsub-color_sas_sa_min_alpha_1mda_cc_rsub-color_1mdc_sa_sub_alpha_z_ca_rsub	Pass	Result image matches reference
dEQP-VK.pipeline.monolithic.blend.format.r8g8b8a8_unorm.states.color_1mcc_cc_min_alpha_sc_cc_min-color_o_o_min_alpha_1msc_1msc_add-color_sas_da_add_alpha_1mdc_ca_add-color_cc_1mda_sub_alpha_dc_1mda_add	Pass	Result image matches reference
dEQP-VK.pipeline.monolithic.blend.format.r8g8b8a8_unorm.states.color_1mcc_dc_max_alpha_1mca_1mca_sub-color_1mda_1mdc_max_alpha_sc_sas_rsub-color_1msc_cc_add_alpha_1msc_1msc_max-color_cc_sc_min_alpha_dc_1msc_min	Pass	Result image matches reference
dEQP-VK.pipeline.monolithic.blend.format.r8g8b8a8_unorm.states.color_1mcc_o_add_alpha_1mda_1msa_min-color_sa_da_rsub_alpha_da_o_add-color_1msa_1msc_add_alpha_o_sas_sub-color_1msa_sas_min_alpha_1mdc_1msc_rsub	Pass	Result image matches reference
dEQP-VK.pipeline.monolithic.blend.format.r8g8b8a8_unorm.states.color_1mcc_sc_add_alpha_cc_1mca_sub-color_1mcc_sc_min_alpha_z_1mca_rsub-color_dc_da_sub_alpha_ca_1mdc_add-color_sas_1msc_max_alpha_1msc_ca_rsub	Pass	Result image matches reference
dEQP-VK.pipeline.monolithic.blend.format.r8g8b8a8_unorm.states.color_1mcc_sc_sub_alpha_1mcc_ca_rsub-color_dc_1mda_max_alpha_ca_dc_add-color_1mca_o_rsub_alpha_1mcc_da_add-color_cc_cc_sub_alpha_o_z_max	Pass	Result image matches reference
dEQP-VK.pipeline.monolithic.blend.format.r8g8b8a8_unorm.states.color_1mda_1mdc_sub_alpha_1mca_cc_rsub-color_sas_1msa_rsub_alpha_1mca_ca_rsub-color_1mca_da_sub_alpha_o_1mdc_min-color_1msc_1mcc_sub_alpha_z_ca_sub	Pass	Result image matches reference
dEQP-VK.pipeline.monolithic.blend.format.r8g8b8a8_unorm.states.color_1mda_1msc_rsub_alpha_sa_1mda_min-color_sa_1mcc_rsub_alpha_1msa_1mdc_max-color_ca_1mcc_max_alpha_1mca_1mcc_sub-color_dc_dc_max_alpha_da_sc_max	Pass	Result image matches reference
dEQP-VK.pipeline.monolithic.blend.format.r8g8b8a8_unorm.states.color_1mda_ca_min_alpha_sas_dc_sub-color_ca_ca_max_alpha_1mda_sas_sub-color_sa_1msa_max_alpha_z_1mda_min-color_sc_1mdc_sub_alpha_1msa_da_rsub	Pass	Result image matches reference
dEQP-VK.pipeline.monolithic.blend.format.r8g8b8a8_unorm.states.color_1mda_ca_sub_alpha_1mda_dc_add-color_1msa_z_sub_alpha_o_sa_sub-color_dc_1mcc_max_alpha_sa_dc_max-color_o_da_sub_alpha_1mda_1msc_sub	Pass	Result image matches reference
dEQP-VK.pipeline.monolithic.blend.format.r8g8b8a8_unorm.states.color_1mda_dc_max_alpha_1mca_da_sub-color_1mdc_sa_sub_alpha_1mda_cc_max-color_1msc_sc_rsub_alpha_sa_1msa_add-color_1msa_cc_sub_alpha_dc_z_min	Pass	Result image matches reference
dEQP-VK.pipeline.monolithic.blend.format.r8g8b8a8_unorm.states.color_1mda_sa_min_alpha_cc_ca_add-color_1msa_1mca_min_alpha_1mcc_1msc_min-color_1mda_dc_sub_alpha_sas_sa_add-color_1msc_1mca_add_alpha_z_cc_add	Pass	Result image matches reference
dEQP-VK.pipeline.monolithic.blend.format.r8g8b8a8_unorm.states.color_1mdc_1mcc_sub_alpha_sas_1msc_sub-color_ca_sc_sub_alpha_1mda_cc_max-color_o_ca_sub_alpha_1mda_sas_rsub-color_z_1mdc_rsub_alpha_1msa_z_rsub	Pass	Result image matches reference
dEQP-VK.pipeline.monolithic.blend.format.r8g8b8a8_unorm.states.color_1mdc_cc_sub_alpha_1mdc_1mcc_max-color_z_sc_rsub_alpha_1msc_sas_sub-color_dc_cc_max_alpha_z_1mcc_min-color_1msc_1mda_min_alpha_sa_1mca_add	Pass	Result image matches reference
dEQP-VK.pipeline.monolithic.blend.format.r8g8b8a8_unorm.states.color_1mdc_sas_sub_alpha_da_cc_add-color_1mca_1msc_max_alpha_1mca_sc_max-color_1mcc_1mdc_sub_alpha_1mda_1mca_max-color_1msc_1msa_max_alpha_sas_z_rsub	Pass	Result image matches reference
dEQP-VK.pipeline.monolithic.blend.format.r8g8b8a8_unorm.states.color_1mdc_sc_min_alpha_o_z_min-color_o_1mda_add_alpha_sas_dc_min-color_dc_1mca_rsub_alpha_sc_1msa_add-color_1mda_da_rsub_alpha_1mca_dc_add	Pass	Result image matches reference
dEQP-VK.pipeline.monolithic.blend.format.r8g8b8a8_unorm.states.color_1msa_1mcc_sub_alpha_cc_o_rsub-color_1mca_1mca_max_alpha_dc_1mdc_add-color_dc_sas_rsub_alpha_1mdc_1mdc_max-color_sas_1mca_max_alpha_sas_1msc_rsub	Pass	Result image matches reference
dEQP-VK.pipeline.monolithic.blend.format.r8g8b8a8_unorm.states.color_1msa_1mcc_sub_alpha_o_ca_add-color_da_sa_max_alpha_sa_1mdc_max-color_1mdc_1msc_min_alpha_o_1mda_rsub-color_dc_ca_sub_alpha_sc_1mca_rsub	Pass	Result image matches reference
dEQP-VK.pipeline.monolithic.blend.format.r8g8b8a8_unorm.states.color_1msa_1mdc_add_alpha_1mda_1mcc_sub-color_1mda_1msc_max_alpha_1msc_da_max-color_da_1mca_sub_alpha_z_cc_min-color_sc_da_add_alpha_1mdc_sc_sub	Pass	Result image matches reference
dEQP-VK.pipeline.monolithic.blend.format.r8g8b8a8_unorm.states.color_1msa_dc_rsub_alpha_1mdc_1mcc_sub-color_sc_cc_min_alpha_sa_1mcc_max-color_z_cc_rsub_alpha_da_1msa_max-color_1msc_1msc_add_alpha_1mca_sc_add	Pass	Result image matches reference
dEQP-VK.pipeline.monolithic.blend.format.r8g8b8a8_unorm.states.color_1msa_dc_sub_alpha_ca_o_sub-color_1mda_z_add_alpha_cc_1msa_sub-color_1msa_1mda_min_alpha_da_o_min-color_1mda_1msc_sub_alpha_dc_1msc_sub	Pass	Result image matches reference
dEQP-VK.pipeline.monolithic.blend.format.r8g8b8a8_unorm.states.color_1msa_sa_sub_alpha_ca_1mdc_min-color_1msa_1mcc_sub_alpha_1msa_z_add-color_dc_da_sub_alpha_o_ca_max-color_1mcc_o_sub_alpha_dc_sas_max	Pass	Result image matches reference
dEQP-VK.pipeline.monolithic.blend.format.r8g8b8a8_unorm.states.color_1msa_sas_sub_alpha_1msa_1mca_sub-color_sas_ca_max_alpha_1mda_1msa_add-color_sa_da_sub_alpha_sa_z_rsub-color_ca_1mdc_add_alpha_z_sc_max	Pass	Result image matches reference
dEQP-VK.pipeline.monolithic.blend.format.r8g8b8a8_unorm.states.color_1msa_sc_rsub_alpha_1mcc_cc_sub-color_o_da_rsub_alpha_ca_1mca_sub-color_1msc_sa_sub_alpha_1mca_sc_sub-color_cc_1msa_sub_alpha_sas_ca_min	Pass	Result image matches reference
dEQP-VK.pipeline.monolithic.blend.format.r8g8b8a8_unorm.states.color_1msc_1mdc_min_alpha_z_sc_rsub-color_1mda_o_min_alpha_1mdc_sa_max-color_sc_1mcc_rsub_alpha_z_1mdc_max-color_1mda_z_add_alpha_cc_sa_add	Pass	Result image matches reference
dEQP-VK.pipeline.monolithic.blend.format.r8g8b8a8_unorm.states.color_1msc_cc_max_alpha_z_ca_add-color_da_sa_max_alpha_1msa_sc_sub-color_sa_1mda_add_alpha_1mcc_ca_rsub-color_dc_dc_add_alpha_1mcc_z_rsub	Pass	Result image matches reference
dEQP-VK.pipeline.monolithic.blend.format.r8g8b8a8_unorm.states.color_1msc_da_rsub_alpha_ca_sc_min-color_1mca_ca_min_alpha_da_1msc_sub-color_da_sc_sub_alpha_1msa_ca_rsub-color_1mca_1mca_add_alpha_da_z_max	Pass	Result image matches reference
dEQP-VK.pipeline.monolithic.blend.format.r8g8b8a8_unorm.states.color_1msc_dc_max_alpha_cc_1mca_rsub-color_o_1msa_min_alpha_1mda_1mda_rsub-color_cc_1mdc_add_alpha_sc_1mdc_add-color_sa_1mdc_min_alpha_sc_1mcc_sub	Pass	Result image matches reference
dEQP-VK.pipeline.monolithic.blend.format.r8g8b8a8_unorm.states.color_1msc_sc_max_alpha_1mcc_1msa_max-color_1mdc_sas_min_alpha_1mcc_1msa_sub-color_ca_ca_max_alpha_dc_sc_max-color_1msa_sc_max_alpha_1mdc_o_min	Pass	Result image matches reference
dEQP-VK.pipeline.monolithic.blend.format.r8g8b8a8_unorm.states.color_ca_1mca_rsub_alpha_1mda_z_sub-color_sc_sc_add_alpha_1mca_sa_max-color_sa_1msa_min_alpha_1msc_sa_sub-color_dc_sc_add_alpha_1mdc_1mca_add	Pass	Result image matches reference
dEQP-VK.pipeline.monolithic.blend.format.r8g8b8a8_unorm.states.color_ca_1mcc_rsub_alpha_sa_1msc_rsub-color_1mca_ca_rsub_alpha_1msc_da_rsub-color_1mcc_1mdc_sub_alpha_z_da_sub-color_sc_dc_add_alpha_1mdc_1msa_min	Pass	Result image matches reference
dEQP-VK.pipeline.monolithic.blend.format.r8g8b8a8_unorm.states.color_ca_cc_sub_alpha_1msa_ca_max-color_sa_dc_rsub_alpha_cc_1mca_rsub-color_dc_cc_add_alpha_1mda_1mca_rsub-color_sa_1mcc_add_alpha_1mca_da_max	Pass	Result image matches reference
dEQP-VK.pipeline.monolithic.blend.format.r8g8b8a8_unorm.states.color_ca_sa_min_alpha_1mdc_dc_rsub-color_1mcc_1mca_sub_alpha_1mdc_dc_min-color_o_1mcc_sub_alpha_1msc_z_min-color_sas_1msa_add_alpha_z_1msa_add	Pass	Result image matches reference
dEQP-VK.pipeline.monolithic.blend.format.r8g8b8a8_unorm.states.color_cc_1mcc_sub_alpha_sa_dc_rsub-color_dc_1mdc_min_alpha_1mca_sas_rsub-color_1mda_o_min_alpha_1mca_sa_max-color_1mca_1msa_add_alpha_1mca_1msa_sub	Pass	Result image matches reference
dEQP-VK.pipeline.monolithic.blend.format.r8g8b8a8_unorm.states.color_cc_1mdc_min_alpha_1msa_da_max-color_1mdc_da_sub_alpha_cc_cc_max-color_1msa_sas_add_alpha_sc_dc_sub-color_z_sas_min_alpha_1msa_o_rsub	Pass	Result image matches reference
dEQP-VK.pipeline.monolithic.blend.format.r8g8b8a8_unorm.states.color_cc_cc_rsub_alpha_1mca_1msa_rsub-color_1mca_1msa_max_alpha_1mda_sc_min-color_sc_z_max_alpha_dc_1mca_add-color_1mda_ca_add_alpha_sas_1mdc_sub	Pass	Result image matches reference
dEQP-VK.pipeline.monolithic.blend.format.r8g8b8a8_unorm.states.color_cc_cc_rsub_alpha_sas_1mcc_max-color_da_1mca_max_alpha_da_1msa_sub-color_z_o_rsub_alpha_dc_sas_sub-color_1mda_1msa_add_alpha_1mda_1mdc_rsub	Pass	Result image matches reference
dEQP-VK.pipeline.monolithic.blend.format.r8g8b8a8_unorm.states.color_cc_sa_add_alpha_1msa_ca_rsub-color_cc_1mca_sub_alpha_o_1mcc_max-color_z_z_sub_alpha_sa_sa_rsub-color_cc_sc_rsub_alpha_1mdc_dc_rsub	Pass	Result image matches reference
dEQP-VK.pipeline.monolithic.blend.format.r8g8b8a8_unorm.states.color_da_1mda_add_alpha_cc_1msa_rsub-color_sas_1mca_sub_alpha_1mdc_1mca_rsub-color_da_da_min_alpha_sas_ca_rsub-color_1mca_dc_max_alpha_1mdc_sas_sub	Pass	Result image matches reference
dEQP-VK.pipeline.monolithic.blend.format.r8g8b8a8_unorm.states.color_da_1mdc_min_alpha_da_1mca_rsub-color_1mcc_ca_max_alpha_cc_da_min-color_z_cc_min_alpha_1mca_z_rsub-color_dc_dc_rsub_alpha_z_dc_add	Pass	Result image matches reference
dEQP-VK.pipeline.monolithic.blend.format.r8g8b8a8_unorm.states.color_da_dc_max_alpha_z_z_rsub-color_z_1mca_max_alpha_da_1mcc_max-color_z_sc_rsub_alpha_o_dc_min-color_1mca_o_max_alpha_1mda_ca_sub	Pass	Result image matches reference
dEQP-VK.pipeline.monolithic.blend.format.r8g8b8a8_unorm.states.color_da_sc_max_alpha_cc_1mda_sub-color_sas_z_rsub_alpha_sas_o_rsub-color_1mdc_1msa_rsub_alpha_1mca_1mdc_min-color_1msc_sas_sub_alpha_dc_sa_rsub	Pass	Result image matches reference
dEQP-VK.pipeline.monolithic.blend.format.r8g8b8a8_unorm.states.color_da_sc_rsub_alpha_sa_cc_rsub-color_sas_1mda_sub_alpha_1mcc_dc_sub-color_da_1mca_min_alpha_1mda_o_rsub-color_1msa_da_max_alpha_ca_cc_sub	Pass	Result image matches reference
dEQP-VK.pipeline.monolithic.blend.format.r8g8b8a8_unorm.states.color_dc_1mda_sub_alpha_1mcc_dc_sub-color_1mcc_o_sub_alpha_1mda_ca_sub-color_1mcc_ca_min_alpha_1mcc_cc_add-color_1mdc_da_min_alpha_dc_sa_sub	Pass	Result image matches reference
dEQP-VK.pipeline.monolithic.blend.format.r8g8b8a8_unorm.states.color_dc_1mdc_max_alpha_1mcc_1msc_max-color_1msa_cc_add_alpha_da_z_min-color_sas_dc_max_alpha_z_sc_min-color_da_ca_rsub_alpha_z_z_add	Pass	Result image matches reference
dEQP-VK.pipeline.monolithic.blend.format.r8g8b8a8_unorm.states.color_dc_1msc_min_alpha_ca_cc_min-color_z_1msc_rsub_alpha_sa_z_sub-color_1mdc_1mdc_max_alpha_sa_cc_sub-color_1mcc_1mdc_max_alpha_dc_1mda_max	Pass	Result image matches reference
dEQP-VK.pipeline.monolithic.blend.format.r8g8b8a8_unorm.states.color_dc_cc_sub_alpha_dc_o_max-color_sas_1mcc_sub_alpha_dc_1mdc_add-color_z_ca_max_alpha_sc_1mdc_max-color_1msc_dc_add_alpha_1msa_sas_sub	Pass	Result image matches reference
dEQP-VK.pipeline.monolithic.blend.format.r8g8b8a8_unorm.states.color_dc_dc_add_alpha_o_1msc_add-color_sas_1mdc_max_alpha_sa_1msc_min-color_dc_sas_min_alpha_1mcc_cc_sub-color_z_1mda_add_alpha_o_1mdc_add	Pass	Result image matches reference
dEQP-VK.pipeline.monolithic.blend.format.r8g8b8a8_unorm.states.color_dc_dc_max_alpha_sas_1msc_add-color_sc_sas_sub_alpha_1msa_1mcc_max-color_sc_sc_rsub_alpha_1mdc_dc_sub-color_1msc_sa_rsub_alpha_sa_1mca_add	Pass	Result image matches reference
dEQP-VK.pipeline.monolithic.blend.format.r8g8b8a8_unorm.states.color_dc_dc_rsub_alpha_z_1mdc_sub-color_1msc_1msc_min_alpha_sc_dc_sub-color_da_sc_min_alpha_z_cc_min-color_1msc_sas_max_alpha_z_ca_rsub	Pass	Result image matches reference
dEQP-VK.pipeline.monolithic.blend.format.r8g8b8a8_unorm.states.color_dc_sas_rsub_alpha_1mdc_1msc_sub-color_1msa_1msc_add_alpha_ca_da_min-color_1msc_da_sub_alpha_1mca_ca_sub-color_o_1mda_max_alpha_sa_dc_min	Pass	Result image matches reference
dEQP-VK.pipeline.monolithic.blend.format.r8g8b8a8_unorm.states.color_o_1mcc_max_alpha_sa_ca_rsub-color_1mdc_1mda_max_alpha_1mdc_sa_sub-color_1mdc_1mda_sub_alpha_sa_o_sub-color_1mcc_1msa_add_alpha_1mdc_1mdc_min	Pass	Result image matches reference
dEQP-VK.pipeline.monolithic.blend.format.r8g8b8a8_unorm.states.color_o_1msa_add_alpha_o_1mda_max-color_da_1msa_sub_alpha_dc_sc_rsub-color_sc_ca_max_alpha_1mcc_sa_max-color_dc_ca_min_alpha_z_sc_rsub	Pass	Result image matches reference
dEQP-VK.pipeline.monolithic.blend.format.r8g8b8a8_unorm.states.color_o_1msa_min_alpha_1mcc_1mdc_max-color_z_sas_add_alpha_1mda_dc_add-color_sc_1mda_add_alpha_sc_cc_rsub-color_1msc_1msc_max_alpha_z_o_max	Pass	Result image matches reference
dEQP-VK.pipeline.monolithic.blend.format.r8g8b8a8_unorm.states.color_o_ca_sub_alpha_cc_cc_add-color_da_1msc_min_alpha_sa_ca_sub-color_sas_sa_sub_alpha_1mdc_z_max-color_sa_z_add_alpha_sc_1mca_min	Pass	Result image matches reference
dEQP-VK.pipeline.monolithic.blend.format.r8g8b8a8_unorm.states.color_o_sc_max_alpha_cc_1mca_add-color_da_1mca_add_alpha_1mcc_1msa_min-color_sa_z_rsub_alpha_1mca_dc_rsub-color_1msa_1mca_sub_alpha_cc_o_rsub	Pass	Result image matches reference
dEQP-VK.pipeline.monolithic.blend.format.r8g8b8a8_unorm.states.color_sa_1mcc_sub_alpha_dc_o_rsub-color_cc_1mdc_rsub_alpha_1mdc_da_add-color_o_1mcc_min_alpha_sas_sas_max-color_1msa_sc_max_alpha_1msc_sa_max	Pass	Result image matches reference
dEQP-VK.pipeline.monolithic.blend.format.r8g8b8a8_unorm.states.color_sa_dc_sub_alpha_1mdc_sa_sub-color_sa_sc_max_alpha_ca_o_add-color_1mcc_1mda_max_alpha_z_ca_max-color_1mca_1msa_min_alpha_1mca_sas_add	Pass	Result image matches reference
dEQP-VK.pipeline.monolithic.blend.format.r8g8b8a8_unorm.states.color_sa_o_sub_alpha_1mca_z_min-color_1mcc_ca_max_alpha_1msa_1mcc_max-color_cc_1mda_rsub_alpha_1mca_sa_max-color_1mcc_da_sub_alpha_o_1mda_rsub	Pass	Result image matches reference
dEQP-VK.pipeline.monolithic.blend.format.r8g8b8a8_unorm.states.color_sa_sas_sub_alpha_da_ca_add-color_1msc_o_add_alpha_o_1mca_sub-color_dc_1msc_max_alpha_da_1mdc_sub-color_1msa_1mdc_add_alpha_sc_1msa_max	Pass	Result image matches reference
dEQP-VK.pipeline.monolithic.blend.format.r8g8b8a8_unorm.states.color_sa_z_sub_alpha_ca_cc_sub-color_sas_1msa_rsub_alpha_ca_da_sub-color_1mca_ca_min_alpha_1msc_1mcc_rsub-color_dc_da_sub_alpha_1mcc_1mda_add	Pass	Result image matches reference
dEQP-VK.pipeline.monolithic.blend.format.r8g8b8a8_unorm.states.color_sas_1mcc_add_alpha_1msc_sa_min-color_sc_da_max_alpha_sa_da_min-color_1msa_dc_max_alpha_ca_o_sub-color_sas_sas_max_alpha_da_da_max	Pass	Result image matches reference
dEQP-VK.pipeline.monolithic.blend.format.r8g8b8a8_unorm.states.color_sas_1mcc_min_alpha_dc_1mdc_min-color_1mda_1mcc_add_alpha_1mca_1msa_max-color_1mda_sc_add_alpha_sc_1msa_sub-color_dc_sa_min_alpha_1mdc_1mcc_add	Pass	Result image matches reference
dEQP-VK.pipeline.monolithic.blend.format.r8g8b8a8_unorm.states.color_sas_1mda_add_alpha_1msa_sas_rsub-color_1mda_cc_min_alpha_cc_cc_min-color_1mcc_1mca_rsub_alpha_1mca_1mda_min-color_sc_1mda_sub_alpha_sa_cc_min	Pass	Result image matches reference
dEQP-VK.pipeline.monolithic.blend.format.r8g8b8a8_unorm.states.color_sas_1mda_rsub_alpha_1mda_1mcc_sub-color_1mda_1mca_min_alpha_o_cc_min-color_1mdc_da_min_alpha_1mda_da_min-color_sas_1msa_max_alpha_sas_o_min	Pass	Result image matches reference
dEQP-VK.pipeline.monolithic.blend.format.r8g8b8a8_unorm.states.color_sas_1msc_min_alpha_dc_1mda_sub-color_o_1msc_max_alpha_1mda_1mca_add-color_cc_sc_add_alpha_ca_1mcc_rsub-color_1mca_dc_min_alpha_sc_o_sub	Pass	Result image matches reference
dEQP-VK.pipeline.monolithic.blend.format.r8g8b8a8_unorm.states.color_sas_ca_sub_alpha_1mcc_da_min-color_cc_o_min_alpha_1mcc_sa_add-color_o_sas_add_alpha_ca_sc_sub-color_1msa_da_rsub_alpha_1mda_sc_min	Pass	Result image matches reference
dEQP-VK.pipeline.monolithic.blend.format.r8g8b8a8_unorm.states.color_sas_ca_sub_alpha_sas_sas_sub-color_1mda_o_max_alpha_1msa_sas_sub-color_1mdc_o_sub_alpha_sas_sc_max-color_1mdc_1mcc_add_alpha_sa_z_min	Pass	Result image matches reference
dEQP-VK.pipeline.monolithic.blend.format.r8g8b8a8_unorm.states.color_sas_cc_sub_alpha_1mcc_z_rsub-color_z_o_rsub_alpha_sa_1mdc_add-color_1mda_1msc_max_alpha_1mca_sa_sub-color_1msa_sa_rsub_alpha_z_sa_add	Pass	Result image matches reference
dEQP-VK.pipeline.monolithic.blend.format.r8g8b8a8_unorm.states.color_sas_sa_min_alpha_ca_1mda_max-color_1mdc_dc_add_alpha_1mda_sas_rsub-color_sas_1mca_max_alpha_1mca_1mcc_min-color_o_1msa_rsub_alpha_dc_da_min	Pass	Result image matches reference
dEQP-VK.pipeline.monolithic.blend.format.r8g8b8a8_unorm.states.color_sas_sa_min_alpha_sa_sas_sub-color_1mda_dc_max_alpha_1mdc_sa_add-color_1mdc_cc_min_alpha_1mcc_dc_max-color_da_z_rsub_alpha_1mda_cc_sub	Pass	Result image matches reference
dEQP-VK.pipeline.monolithic.blend.format.r8g8b8a8_unorm.states.color_sas_sas_add_alpha_1msa_1msa_min-color_1mda_dc_rsub_alpha_da_da_min-color_sas_o_add_alpha_sa_ca_min-color_da_1mda_sub_alpha_da_1mdc_max	Pass	Result image matches reference
dEQP-VK.pipeline.monolithic.blend.format.r8g8b8a8_unorm.states.color_sas_sas_min_alpha_1msa_1mda_min-color_ca_sc_min_alpha_da_1mdc_sub-color_z_1mdc_max_alpha_cc_z_rsub-color_z_dc_rsub_alpha_sc_1msc_add	Pass	Result image matches reference
dEQP-VK.pipeline.monolithic.blend.format.r8g8b8a8_unorm.states.color_sc_1mcc_min_alpha_1msc_sc_rsub-color_1mda_1mca_min_alpha_1msa_sc_sub-color_1mcc_dc_min_alpha_1mdc_1msa_max-color_1mda_da_rsub_alpha_1mca_z_min	Pass	Result image matches reference
dEQP-VK.pipeline.monolithic.blend.format.r8g8b8a8_unorm.states.color_sc_1mdc_rsub_alpha_sa_1msc_min-color_1mca_ca_max_alpha_sc_sc_max-color_sa_dc_sub_alpha_cc_sas_sub-color_z_1mca_sub_alpha_da_da_add	Pass	Result image matches reference
dEQP-VK.pipeline.monolithic.blend.format.r8g8b8a8_unorm.states.color_sc_ca_add_alpha_sas_1mcc_sub-color_1msc_1mdc_add_alpha_o_o_rsub-color_sc_1mcc_min_alpha_1mda_cc_sub-color_o_cc_min_alpha_z_ca_min	Pass	Result image matches reference
dEQP-VK.pipeline.monolithic.blend.format.r8g8b8a8_unorm.states.color_z_1mca_max_alpha_o_dc_max-color_sas_sa_max_alpha_sc_z_rsub-color_ca_sc_max_alpha_1msc_1msc_add-color_sc_o_add_alpha_dc_1mda_min	Pass	Result image matches reference
dEQP-VK.pipeline.monolithic.blend.format.r8g8b8a8_unorm.states.color_z_1mdc_add_alpha_dc_1mdc_sub-color_1msa_o_max_alpha_1msc_1msa_sub-color_1mda_z_max_alpha_z_sa_min-color_sas_1mdc_min_alpha_1mcc_sa_min	Pass	Result image matches reference
dEQP-VK.pipeline.monolithic.blend.format.r8g8b8a8_unorm.states.color_z_1mdc_rsub_alpha_1msa_cc_sub-color_da_1msc_min_alpha_1msc_sc_add-color_sa_sas_add_alpha_z_o_sub-color_dc_1msc_max_alpha_sa_da_sub	Pass	Result image matches reference
dEQP-VK.pipeline.monolithic.blend.format.r8g8b8a8_unorm.states.color_z_1mdc_sub_alpha_cc_cc_max-color_1mca_1msc_max_alpha_1mcc_sas_max-color_1mdc_1mda_sub_alpha_1msa_1mda_sub-color_sas_da_max_alpha_da_o_min	Pass	Result image matches reference
dEQP-VK.pipeline.monolithic.blend.format.r8g8b8a8_unorm.states.color_z_1msa_sub_alpha_z_o_rsub-color_o_sc_sub_alpha_1mdc_1mda_rsub-color_1mcc_1mdc_rsub_alpha_1mcc_z_min-color_cc_sa_max_alpha_o_da_add	Pass	Result image matches reference
dEQP-VK.pipeline.monolithic.blend.format.r8g8b8a8_unorm.states.color_z_cc_min_alpha_da_1mda_sub-color_o_1mca_rsub_alpha_1msc_ca_add-color_1mcc_1msc_rsub_alpha_sa_sa_min-color_1msa_1mda_rsub_alpha_1msa_sas_min	Pass	Result image matches reference
dEQP-VK.pipeline.monolithic.blend.format.r8g8b8a8_unorm.states.color_z_dc_rsub_alpha_z_ca_min-color_sa_ca_rsub_alpha_sas_z_max-color_ca_sas_max_alpha_1mda_sas_max-color_1mda_sc_max_alpha_sc_1mda_min	Pass	Result image matches reference
dEQP-VK.pipeline.monolithic.blend.format.r8g8b8a8_unorm.states.color_z_o_rsub_alpha_dc_1mca_sub-color_1mca_sas_rsub_alpha_da_1msc_sub-color_1mca_da_rsub_alpha_ca_1msc_sub-color_o_1msa_min_alpha_1msc_1msc_add	Pass	Result image matches reference
dEQP-VK.pipeline.monolithic.blend.format.r8g8b8a8_unorm.states.color_z_o_sub_alpha_1msa_1msa_sub-color_1mca_o_add_alpha_sa_sc_max-color_o_ca_rsub_alpha_o_dc_max-color_cc_1mdc_rsub_alpha_sas_z_rsub	Pass	Result image matches reference
