tex_optimal_nearest_exact	Pass	exit 0
tex_optimal_nearest_repeat	Pass	exit 0
tex_optimal_nearest_mirror	Pass	exit 0
tex_optimal_nearest_clamp	Pass	exit 0
tex_optimal_nearest_border	Pass	exit 0
tex_optimal_linear_repeat	Pass	exit 0
tex_optimal_linear_clamp	Pass	exit 0
tex_optimal_linear_mirror	Pass	exit 0
tex_linear_nearest_exact	Pass	exit 0
tex_linear_nearest_repeat	Pass	exit 0
tex_linear_nearest_mirror	Pass	exit 0
tex_linear_nearest_clamp	Pass	exit 0
tex_linear_nearest_border	Pass	exit 0
tex_linear_linear_repeat	Pass	exit 0
tex_linear_linear_clamp	Pass	exit 0
tex_linear_linear_mirror	Pass	exit 0
stencil_d24s8_replace	Pass	exit 0
stencil_d24s8_incr_clamp	Pass	exit 0
stencil_d24s8_incr_wrap	Pass	exit 0
stencil_d24s8_decr_clamp	Pass	exit 0
stencil_d24s8_decr_wrap	Pass	exit 0
stencil_d24s8_invert	Pass	exit 0
stencil_d24s8_zero	Pass	exit 0
stencil_d24s8_pass_fail	Pass	exit 0
stencil_d24s8_greater	Pass	exit 0
stencil_d24s8_write_mask	Pass	exit 0
stencil_d24s8_compare_mask	Pass	exit 0
stencil_d24s8_depth_fail	Pass	exit 0
stencil_d32s8_replace	Pass	exit 0
stencil_d32s8_incr_clamp	Pass	exit 0
stencil_d32s8_incr_wrap	Pass	exit 0
stencil_d32s8_decr_clamp	Pass	exit 0
stencil_d32s8_decr_wrap	Pass	exit 0
stencil_d32s8_invert	Pass	exit 0
stencil_d32s8_zero	Pass	exit 0
stencil_d32s8_pass_fail	Pass	exit 0
stencil_d32s8_greater	Pass	exit 0
stencil_d32s8_write_mask	Pass	exit 0
stencil_d32s8_compare_mask	Pass	exit 0
stencil_d32s8_depth_fail	Pass	exit 0
stencil_s8_replace	Pass	exit 0
stencil_s8_incr_clamp	Pass	exit 0
stencil_s8_incr_wrap	Pass	exit 0
stencil_s8_decr_clamp	Pass	exit 0
stencil_s8_decr_wrap	Pass	exit 0
stencil_s8_invert	Pass	exit 0
stencil_s8_zero	Pass	exit 0
stencil_s8_pass_fail	Pass	exit 0
stencil_s8_greater	Pass	exit 0
stencil_s8_write_mask	Pass	exit 0
stencil_s8_compare_mask	Pass	exit 0
stencil_s8_depth_fail	NotSupported	exit 3
blend_alpha	Pass	exit 0
blend_additive	Pass	exit 0
blend_subtract	Pass	exit 0
blend_rev_subtract	Pass	exit 0
blend_min	Pass	exit 0
blend_max	Pass	exit 0
blend_multiply	Pass	exit 0
blend_constant	Pass	exit 0
blend_separate	Pass	exit 0
blend_dst_alpha	Pass	exit 0
blend_saturate	Pass	exit 0
blend_write_mask	Pass	exit 0
blend_mask_blend	Pass	exit 0
depth_off_ab	Pass	exit 0
depth_off_ba	Pass	exit 0
depth_less_ab	Pass	exit 0
depth_less_ba	Pass	exit 0
depth_greater_ba	Pass	exit 0
depth_less_clear05	Pass	exit 0
depth_less_clear01	Pass	exit 0
depth_less_nowrite	Pass	exit 0
depth_equal_clear025	Pass	exit 0
copy_b2b	Pass	exit 0
copy_upd	Pass	exit 0
copy_b2i_lin	Pass	exit 0
copy_i2b_lin	Pass	exit 0
cube_optimal	Pass	exit 0
cube_linear	Pass	exit 0
fence_default	Pass	exit 0
fence_empty	Pass	exit 0
