dEQP-VK.query_pool.occlusion_query.basic_conservative	Pass	Query result verification passed
dEQP-VK.query_pool.occlusion_query.basic_precise	Pass	Query result verification passed
dEQP-VK.query_pool.occlusion_query.blit	Pass	Query result verification passed
dEQP-VK.query_pool.occlusion_query.clear_attachments_only	Pass	Query result verification passed
dEQP-VK.query_pool.occlusion_query.clear_attachments_with_draw	Pass	Query result verification passed
dEQP-VK.query_pool.occlusion_query.copy_reset_results_conservative_size_32_wait_query_with_availability_draw_points	Pass	Query result verification passed
dEQP-VK.query_pool.occlusion_query.copy_reset_results_conservative_size_32_wait_query_with_availability_draw_triangles	Pass	Query result verification passed
dEQP-VK.query_pool.occlusion_query.copy_reset_results_conservative_size_32_wait_query_with_availability_draw_triangles_discard	Pass	Query result verification passed
dEQP-VK.query_pool.occlusion_query.copy_reset_results_conservative_size_32_wait_queue_with_availability_draw_points	Pass	Query result verification passed
dEQP-VK.query_pool.occlusion_query.copy_reset_results_conservative_size_32_wait_queue_with_availability_draw_triangles	Pass	Query result verification passed
dEQP-VK.query_pool.occlusion_query.copy_reset_results_conservative_size_32_wait_queue_with_availability_draw_triangles_discard	Pass	Query result verification passed
dEQP-VK.query_pool.occlusion_query.copy_reset_results_conservative_size_64_wait_query_with_availability_draw_points	Pass	Query result verification passed
dEQP-VK.query_pool.occlusion_query.copy_reset_results_conservative_size_64_wait_query_with_availability_draw_triangles	Pass	Query result verification passed
dEQP-VK.query_pool.occlusion_query.copy_reset_results_conservative_size_64_wait_query_with_availability_draw_triangles_discard	Pass	Query result verification passed
dEQP-VK.query_pool.occlusion_query.copy_reset_results_conservative_size_64_wait_queue_with_availability_draw_points	Pass	Query result verification passed
dEQP-VK.query_pool.occlusion_query.copy_reset_results_conservative_size_64_wait_queue_with_availability_draw_triangles	Pass	Query result verification passed
dEQP-VK.query_pool.occlusion_query.copy_reset_results_conservative_size_64_wait_queue_with_availability_draw_triangles_discard	Pass	Query result verification passed
dEQP-VK.query_pool.occlusion_query.copy_reset_results_precise_size_32_wait_query_with_availability_draw_points	Pass	Query result verification passed
dEQP-VK.query_pool.occlusion_query.copy_reset_results_precise_size_32_wait_query_with_availability_draw_triangles	Pass	Query result verification passed
dEQP-VK.query_pool.occlusion_query.copy_reset_results_precise_size_32_wait_query_with_availability_draw_triangles_discard	Pass	Query result verification passed
dEQP-VK.query_pool.occlusion_query.copy_reset_results_precise_size_32_wait_queue_with_availability_draw_points	Pass	Query result verification passed
dEQP-VK.query_pool.occlusion_query.copy_reset_results_precise_size_32_wait_queue_with_availability_draw_triangles	Pass	Query result verification passed
dEQP-VK.query_pool.occlusion_query.copy_reset_results_precise_size_32_wait_queue_with_availability_draw_triangles_discard	Pass	Query result verification passed
dEQP-VK.query_pool.occlusion_query.copy_reset_results_precise_size_64_wait_query_with_availability_draw_points	Pass	Query result verification passed
dEQP-VK.query_pool.occlusion_query.copy_reset_results_precise_size_64_wait_query_with_availability_draw_triangles	Pass	Query result verification passed
dEQP-VK.query_pool.occlusion_query.copy_reset_results_precise_size_64_wait_query_with_availability_draw_triangles_discard	Pass	Query result verification passed
dEQP-VK.query_pool.occlusion_query.copy_reset_results_precise_size_64_wait_queue_with_availability_draw_points	Pass	Query result verification passed
dEQP-VK.query_pool.occlusion_query.copy_reset_results_precise_size_64_wait_queue_with_availability_draw_triangles	Pass	Query result verification passed
dEQP-VK.query_pool.occlusion_query.copy_reset_results_precise_size_64_wait_queue_with_availability_draw_triangles_discard	Pass	Query result verification passed
dEQP-VK.query_pool.occlusion_query.copy_reset_results_size_32_stride_12_with_availability	Pass	Query result verification passed
dEQP-VK.query_pool.occlusion_query.copy_reset_results_size_32_stride_12_with_availability_dstoffset	Pass	Query result verification passed
dEQP-VK.query_pool.occlusion_query.copy_reset_results_size_32_stride_16_with_availability	Pass	Query result verification passed
dEQP-VK.query_pool.occlusion_query.copy_reset_results_size_32_stride_16_with_availability_dstoffset	Pass	Query result verification passed
dEQP-VK.query_pool.occlusion_query.copy_reset_results_size_32_stride_20_with_availability	Pass	Query result verification passed
dEQP-VK.query_pool.occlusion_query.copy_reset_results_size_32_stride_20_with_availability_dstoffset	Pass	Query result verification passed
dEQP-VK.query_pool.occlusion_query.copy_reset_results_size_32_stride_4096_with_availability	Pass	Query result verification passed
dEQP-VK.query_pool.occlusion_query.copy_reset_results_size_32_stride_4096_with_availability_dstoffset	Pass	Query result verification passed
dEQP-VK.query_pool.occlusion_query.copy_reset_results_size_32_stride_52_with_availability	Pass	Query result verification passed
dEQP-VK.query_pool.occlusion_query.copy_reset_results_size_32_stride_52_with_availability_dstoffset	Pass	Query result verification passed
dEQP-VK.query_pool.occlusion_query.copy_reset_results_size_32_stride_8_with_availability	Pass	Query result verification passed
dEQP-VK.query_pool.occlusion_query.copy_reset_results_size_32_stride_8_with_availability_dstoffset	Pass	Query result verification passed
dEQP-VK.query_pool.occlusion_query.copy_reset_results_size_64_stride_104_with_availability	Pass	Query result verification passed
dEQP-VK.query_pool.occlusion_query.copy_reset_results_size_64_stride_104_with_availability_dstoffset	Pass	Query result verification passed
dEQP-VK.query_pool.occlusion_query.copy_reset_results_size_64_stride_16_with_availability	Pass	Query result verification passed
dEQP-VK.query_pool.occlusion_query.copy_reset_results_size_64_stride_16_with_availability_dstoffset	Pass	Query result verification passed
dEQP-VK.query_pool.occlusion_query.copy_reset_results_size_64_stride_24_with_availability	Pass	Query result verification passed
dEQP-VK.query_pool.occlusion_query.copy_reset_results_size_64_stride_24_with_availability_dstoffset	Pass	Query result verification passed
dEQP-VK.query_pool.occlusion_query.copy_reset_results_size_64_stride_32_with_availability	Pass	Query result verification passed
dEQP-VK.query_pool.occlusion_query.copy_reset_results_size_64_stride_32_with_availability_dstoffset	Pass	Query result verification passed
dEQP-VK.query_pool.occlusion_query.copy_reset_results_size_64_stride_32_with_availability_dstoffset_device_address	NotSupported	VK_KHR_device_address_commands is not supported at vktTestCase.cpp:1394
dEQP-VK.query_pool.occlusion_query.copy_reset_results_size_64_stride_40_with_availability	Pass	Query result verification passed
dEQP-VK.query_pool.occlusion_query.copy_reset_results_size_64_stride_40_with_availability_device_address	NotSupported	VK_KHR_device_address_commands is not supported at vktTestCase.cpp:1394
dEQP-VK.query_pool.occlusion_query.copy_reset_results_size_64_stride_40_with_availability_dstoffset	Pass	Query result verification passed
dEQP-VK.query_pool.occlusion_query.copy_reset_results_size_64_stride_8192_with_availability	Pass	Query result verification passed
dEQP-VK.query_pool.occlusion_query.copy_reset_results_size_64_stride_8192_with_availability_dstoffset	Pass	Query result verification passed
dEQP-VK.query_pool.occlusion_query.copy_results_conservative_size_32_wait_query_with_availability_draw_points	Pass	Query result verification passed
dEQP-VK.query_pool.occlusion_query.copy_results_conservative_size_32_wait_query_with_availability_draw_triangles	Pass	Query result verification passed
dEQP-VK.query_pool.occlusion_query.copy_results_conservative_size_32_wait_query_with_availability_draw_triangles_discard	Pass	Query result verification passed
dEQP-VK.query_pool.occlusion_query.copy_results_conservative_size_32_wait_query_without_availability_draw_points	Pass	Query result verification passed
dEQP-VK.query_pool.occlusion_query.copy_results_conservative_size_32_wait_query_without_availability_draw_triangles	Pass	Query result verification passed
dEQP-VK.query_pool.occlusion_query.copy_results_conservative_size_32_wait_query_without_availability_draw_triangles_discard	Pass	Query result verification passed
dEQP-VK.query_pool.occlusion_query.copy_results_conservative_size_32_wait_queue_with_availability_draw_points	Pass	Query result verification passed
dEQP-VK.query_pool.occlusion_query.copy_results_conservative_size_32_wait_queue_with_availability_draw_triangles	Pass	Query result verification passed
dEQP-VK.query_pool.occlusion_query.copy_results_conservative_size_32_wait_queue_with_availability_draw_triangles_discard	Pass	Query result verification passed
dEQP-VK.query_pool.occlusion_query.copy_results_conservative_size_32_wait_queue_without_availability_draw_points	Pass	Query result verification passed
dEQP-VK.query_pool.occlusion_query.copy_results_conservative_size_32_wait_queue_without_availability_draw_triangles	Pass	Query result verification passed
dEQP-VK.query_pool.occlusion_query.copy_results_conservative_size_32_wait_queue_without_availability_draw_triangles_discard	Pass	Query result verification passed
dEQP-VK.query_pool.occlusion_query.copy_results_conservative_size_64_wait_query_with_availability_draw_points	Pass	Query result verification passed
dEQP-VK.query_pool.occlusion_query.copy_results_conservative_size_64_wait_query_with_availability_draw_triangles	Pass	Query result verification passed
dEQP-VK.query_pool.occlusion_query.copy_results_conservative_size_64_wait_query_with_availability_draw_triangles_discard	Pass	Query result verification passed
dEQP-VK.query_pool.occlusion_query.copy_results_conservative_size_64_wait_query_without_availability_draw_points	Pass	Query result verification passed
dEQP-VK.query_pool.occlusion_query.copy_results_conservative_size_64_wait_query_without_availability_draw_triangles	Pass	Query result verification passed
dEQP-VK.query_pool.occlusion_query.copy_results_conservative_size_64_wait_query_without_availability_draw_triangles_discard	Pass	Query result verification passed
dEQP-VK.query_pool.occlusion_query.copy_results_conservative_size_64_wait_queue_with_availability_draw_points	Pass	Query result verification passed
dEQP-VK.query_pool.occlusion_query.copy_results_conservative_size_64_wait_queue_with_availability_draw_triangles	Pass	Query result verification passed
dEQP-VK.query_pool.occlusion_query.copy_results_conservative_size_64_wait_queue_with_availability_draw_triangles_discard	Pass	Query result verification passed
dEQP-VK.query_pool.occlusion_query.copy_results_conservative_size_64_wait_queue_without_availability_draw_points	Pass	Query result verification passed
dEQP-VK.query_pool.occlusion_query.copy_results_conservative_size_64_wait_queue_without_availability_draw_triangles	Pass	Query result verification passed
dEQP-VK.query_pool.occlusion_query.copy_results_conservative_size_64_wait_queue_without_availability_draw_triangles_discard	Pass	Query result verification passed
dEQP-VK.query_pool.occlusion_query.copy_results_precise_size_32_wait_query_with_availability_draw_points	Pass	Query result verification passed
dEQP-VK.query_pool.occlusion_query.copy_results_precise_size_32_wait_query_with_availability_draw_triangles	Pass	Query result verification passed
dEQP-VK.query_pool.occlusion_query.copy_results_precise_size_32_wait_query_with_availability_draw_triangles_discard	Pass	Query result verification passed
dEQP-VK.query_pool.occlusion_query.copy_results_precise_size_32_wait_query_without_availability_draw_points	Pass	Query result verification passed
dEQP-VK.query_pool.occlusion_query.copy_results_precise_size_32_wait_query_without_availability_draw_triangles	Pass	Query result verification passed
dEQP-VK.query_pool.occlusion_query.copy_results_precise_size_32_wait_query_without_availability_draw_triangles_discard	Pass	Query result verification passed
dEQP-VK.query_pool.occlusion_query.copy_results_precise_size_32_wait_queue_with_availability_draw_points	Pass	Query result verification passed
dEQP-VK.query_pool.occlusion_query.copy_results_precise_size_32_wait_queue_with_availability_draw_triangles	Pass	Query result verification passed
dEQP-VK.query_pool.occlusion_query.copy_results_precise_size_32_wait_queue_with_availability_draw_triangles_discard	Pass	Query result verification passed
dEQP-VK.query_pool.occlusion_query.copy_results_precise_size_32_wait_queue_without_availability_draw_points	Pass	Query result verification passed
dEQP-VK.query_pool.occlusion_query.copy_results_precise_size_32_wait_queue_without_availability_draw_triangles	Pass	Query result verification passed
dEQP-VK.query_pool.occlusion_query.copy_results_precise_size_32_wait_queue_without_availability_draw_triangles_discard	Pass	Query result verification passed
dEQP-VK.query_pool.occlusion_query.copy_results_precise_size_64_wait_query_with_availability_draw_points	Pass	Query result verification passed
dEQP-VK.query_pool.occlusion_query.copy_results_precise_size_64_wait_query_with_availability_draw_triangles	Pass	Query result verification passed
dEQP-VK.query_pool.occlusion_query.copy_results_precise_size_64_wait_query_with_availability_draw_triangles_discard	Pass	Query result verification passed
dEQP-VK.query_pool.occlusion_query.copy_results_precise_size_64_wait_query_without_availability_draw_points	Pass	Query result verification passed
dEQP-VK.query_pool.occlusion_query.copy_results_precise_size_64_wait_query_without_availability_draw_triangles	Pass	Query result verification passed
dEQP-VK.query_pool.occlusion_query.copy_results_precise_size_64_wait_query_without_availability_draw_triangles_discard	Pass	Query result verification passed
dEQP-VK.query_pool.occlusion_query.copy_results_precise_size_64_wait_queue_with_availability_draw_points	Pass	Query result verification passed
dEQP-VK.query_pool.occlusion_query.copy_results_precise_size_64_wait_queue_with_availability_draw_triangles	Pass	Query result verification passed
dEQP-VK.query_pool.occlusion_query.copy_results_precise_size_64_wait_queue_with_availability_draw_triangles_discard	Pass	Query result verification passed
dEQP-VK.query_pool.occlusion_query.copy_results_precise_size_64_wait_queue_without_availability_draw_points	Pass	Query result verification passed
dEQP-VK.query_pool.occlusion_query.copy_results_precise_size_64_wait_queue_without_availability_draw_triangles	Pass	Query result verification passed
dEQP-VK.query_pool.occlusion_query.copy_results_precise_size_64_wait_queue_without_availability_draw_triangles_discard	Pass	Query result verification passed
dEQP-VK.query_pool.occlusion_query.copy_results_size_32_stride_0_with_availability	Pass	Query result verification passed
dEQP-VK.query_pool.occlusion_query.copy_results_size_32_stride_0_without_availability	Pass	Query result verification passed
dEQP-VK.query_pool.occlusion_query.copy_results_size_32_stride_12_with_availability	Pass	Query result verification passed
dEQP-VK.query_pool.occlusion_query.copy_results_size_32_stride_12_with_availability_dstoffset	Pass	Query result verification passed
dEQP-VK.query_pool.occlusion_query.copy_results_size_32_stride_12_without_availability	Pass	Query result verification passed
dEQP-VK.query_pool.occlusion_query.copy_results_size_32_stride_12_without_availability_dstoffset	Pass	Query result verification passed
dEQP-VK.query_pool.occlusion_query.copy_results_size_32_stride_16_with_availability	Pass	Query result verification passed
dEQP-VK.query_pool.occlusion_query.copy_results_size_32_stride_16_with_availability_dstoffset	Pass	Query result verification passed
dEQP-VK.query_pool.occlusion_query.copy_results_size_32_stride_16_without_availability	Pass	Query result verification passed
dEQP-VK.query_pool.occlusion_query.copy_results_size_32_stride_16_without_availability_dstoffset	Pass	Query result verification passed
dEQP-VK.query_pool.occlusion_query.copy_results_size_32_stride_16_without_availability_dstoffset_device_address	NotSupported	VK_KHR_device_address_commands is not supported at vktTestCase.cpp:1394
dEQP-VK.query_pool.occlusion_query.copy_results_size_32_stride_20_with_availability	Pass	Query result verification passed
dEQP-VK.query_pool.occlusion_query.copy_results_size_32_stride_20_with_availability_dstoffset	Pass	Query result verification passed
dEQP-VK.query_pool.occlusion_query.copy_results_size_32_stride_20_without_availability	Pass	Query result verification passed
dEQP-VK.query_pool.occlusion_query.copy_results_size_32_stride_20_without_availability_device_address	NotSupported	VK_KHR_device_address_commands is not supported at vktTestCase.cpp:1394
dEQP-VK.query_pool.occlusion_query.copy_results_size_32_stride_20_without_availability_dstoffset	Pass	Query result verification passed
dEQP-VK.query_pool.occlusion_query.copy_results_size_32_stride_4096_with_availability	Pass	Query result verification passed
dEQP-VK.query_pool.occlusion_query.copy_results_size_32_stride_4096_with_availability_dstoffset	Pass	Query result verification passed
dEQP-VK.query_pool.occlusion_query.copy_results_size_32_stride_4096_without_availability	Pass	Query result verification passed
dEQP-VK.query_pool.occlusion_query.copy_results_size_32_stride_4096_without_availability_dstoffset	Pass	Query result verification passed
dEQP-VK.query_pool.occlusion_query.copy_results_size_32_stride_4_without_availability	Pass	Query result verification passed
dEQP-VK.query_pool.occlusion_query.copy_results_size_32_stride_4_without_availability_device_address	NotSupported	VK_KHR_device_address_commands is not supported at vktTestCase.cpp:1394
dEQP-VK.query_pool.occlusion_query.copy_results_size_32_stride_4_without_availability_dstoffset	Pass	Query result verification passed
dEQP-VK.query_pool.occlusion_query.copy_results_size_32_stride_52_with_availability	Pass	Query result verification passed
dEQP-VK.query_pool.occlusion_query.copy_results_size_32_stride_52_with_availability_dstoffset	Pass	Query result verification passed
dEQP-VK.query_pool.occlusion_query.copy_results_size_32_stride_52_without_availability	Pass	Query result verification passed
dEQP-VK.query_pool.occlusion_query.copy_results_size_32_stride_52_without_availability_dstoffset	Pass	Query result verification passed
dEQP-VK.query_pool.occlusion_query.copy_results_size_32_stride_8_with_availability	Pass	Query result verification passed
dEQP-VK.query_pool.occlusion_query.copy_results_size_32_stride_8_with_availability_dstoffset	Pass	Query result verification passed
dEQP-VK.query_pool.occlusion_query.copy_results_size_32_stride_8_without_availability	Pass	Query result verification passed
dEQP-VK.query_pool.occlusion_query.copy_results_size_32_stride_8_without_availability_dstoffset	Pass	Query result verification passed
dEQP-VK.query_pool.occlusion_query.copy_results_size_64_stride_0_with_availability	Pass	Query result verification passed
dEQP-VK.query_pool.occlusion_query.copy_results_size_64_stride_0_without_availability	Pass	Query result verification passed
dEQP-VK.query_pool.occlusion_query.copy_results_size_64_stride_104_with_availability	Pass	Query result verification passed
dEQP-VK.query_pool.occlusion_query.copy_results_size_64_stride_104_with_availability_dstoffset	Pass	Query result verification passed
dEQP-VK.query_pool.occlusion_query.copy_results_size_64_stride_104_without_availability	Pass	Query result verification passed
dEQP-VK.query_pool.occlusion_query.copy_results_size_64_stride_104_without_availability_dstoffset	Pass	Query result verification passed
dEQP-VK.query_pool.occlusion_query.copy_results_size_64_stride_16_with_availability	Pass	Query result verification passed
dEQP-VK.query_pool.occlusion_query.copy_results_size_64_stride_16_with_availability_dstoffset	Pass	Query result verification passed
dEQP-VK.query_pool.occlusion_query.copy_results_size_64_stride_16_without_availability	Pass	Query result verification passed
dEQP-VK.query_pool.occlusion_query.copy_results_size_64_stride_16_without_availability_dstoffset	Pass	Query result verification passed
dEQP-VK.query_pool.occlusion_query.copy_results_size_64_stride_24_with_availability	Pass	Query result verification passed
dEQP-VK.query_pool.occlusion_query.copy_results_size_64_stride_24_with_availability_dstoffset	Pass	Query result verification passed
dEQP-VK.query_pool.occlusion_query.copy_results_size_64_stride_24_without_availability	Pass	Query result verification passed
dEQP-VK.query_pool.occlusion_query.copy_results_size_64_stride_24_without_availability_dstoffset	Pass	Query result verification passed
dEQP-VK.query_pool.occlusion_query.copy_results_size_64_stride_32_with_availability	Pass	Query result verification passed
dEQP-VK.query_pool.occlusion_query.copy_results_size_64_stride_32_with_availability_dstoffset	Pass	Query result verification passed
dEQP-VK.query_pool.occlusion_query.copy_results_size_64_stride_32_with_availability_dstoffset_device_address	NotSupported	VK_KHR_device_address_commands is not supported at vktTestCase.cpp:1394
dEQP-VK.query_pool.occlusion_query.copy_results_size_64_stride_32_without_availability	Pass	Query result verification passed
dEQP-VK.query_pool.occlusion_query.copy_results_size_64_stride_32_without_availability_dstoffset	Pass	Query result verification passed
dEQP-VK.query_pool.occlusion_query.copy_results_size_64_stride_40_with_availability	Pass	Query result verification passed
dEQP-VK.query_pool.occlusion_query.copy_results_size_64_stride_40_with_availability_device_address	NotSupported	VK_KHR_device_address_commands is not supported at vktTestCase.cpp:1394
dEQP-VK.query_pool.occlusion_query.copy_results_size_64_stride_40_with_availability_dstoffset	Pass	Query result verification passed
dEQP-VK.query_pool.occlusion_query.copy_results_size_64_stride_40_without_availability	Pass	Query result verification passed
dEQP-VK.query_pool.occlusion_query.copy_results_size_64_stride_40_without_availability_dstoffset	Pass	Query result verification passed
dEQP-VK.query_pool.occlusion_query.copy_results_size_64_stride_8192_with_availability	Pass	Query result verification passed
dEQP-VK.query_pool.occlusion_query.copy_results_size_64_stride_8192_with_availability_dstoffset	Pass	Query result verification passed
dEQP-VK.query_pool.occlusion_query.copy_results_size_64_stride_8192_without_availability	Pass	Query result verification passed
dEQP-VK.query_pool.occlusion_query.copy_results_size_64_stride_8192_without_availability_dstoffset	Pass	Query result verification passed
dEQP-VK.query_pool.occlusion_query.copy_results_size_64_stride_8_without_availability	Pass	Query result verification passed
dEQP-VK.query_pool.occlusion_query.copy_results_size_64_stride_8_without_availability_dstoffset	Pass	Query result verification passed
dEQP-VK.query_pool.occlusion_query.get_create_reset_results_conservative_size_32_wait_query_with_availability_draw_points	Pass	Query result verification passed
dEQP-VK.query_pool.occlusion_query.get_create_reset_results_conservative_size_32_wait_query_with_availability_draw_triangles	Pass	Query result verification passed
dEQP-VK.query_pool.occlusion_query.get_create_reset_results_conservative_size_32_wait_query_with_availability_draw_triangles_discard	Pass	Query result verification passed
dEQP-VK.query_pool.occlusion_query.get_create_reset_results_conservative_size_32_wait_query_without_availability_draw_points	Pass	Query result verification passed
dEQP-VK.query_pool.occlusion_query.get_create_reset_results_conservative_size_32_wait_query_without_availability_draw_triangles	Pass	Query result verification passed
dEQP-VK.query_pool.occlusion_query.get_create_reset_results_conservative_size_32_wait_query_without_availability_draw_triangles_discard	Pass	Query result verification passed
dEQP-VK.query_pool.occlusion_query.get_create_reset_results_conservative_size_32_wait_queue_with_availability_draw_points	Pass	Query result verification passed
dEQP-VK.query_pool.occlusion_query.get_create_reset_results_conservative_size_32_wait_queue_with_availability_draw_triangles	Pass	Query result verification passed
dEQP-VK.query_pool.occlusion_query.get_create_reset_results_conservative_size_32_wait_queue_with_availability_draw_triangles_discard	Pass	Query result verification passed
dEQP-VK.query_pool.occlusion_query.get_create_reset_results_conservative_size_32_wait_queue_without_availability_draw_points	Pass	Query result verification passed
dEQP-VK.query_pool.occlusion_query.get_create_reset_results_conservative_size_32_wait_queue_without_availability_draw_triangles	Pass	Query result verification passed
dEQP-VK.query_pool.occlusion_query.get_create_reset_results_conservative_size_32_wait_queue_without_availability_draw_triangles_discard	Pass	Query result verification passed
dEQP-VK.query_pool.occlusion_query.get_create_reset_results_conservative_size_64_wait_query_with_availability_draw_points	Pass	Query result verification passed
dEQP-VK.query_pool.occlusion_query.get_create_reset_results_conservative_size_64_wait_query_with_availability_draw_triangles	Pass	Query result verification passed
dEQP-VK.query_pool.occlusion_query.get_create_reset_results_conservative_size_64_wait_query_with_availability_draw_triangles_discard	Pass	Query result verification passed
dEQP-VK.query_pool.occlusion_query.get_create_reset_results_conservative_size_64_wait_query_without_availability_draw_points	Pass	Query result verification passed
dEQP-VK.query_pool.occlusion_query.get_create_reset_results_conservative_size_64_wait_query_without_availability_draw_triangles	Pass	Query result verification passed
dEQP-VK.query_pool.occlusion_query.get_create_reset_results_conservative_size_64_wait_query_without_availability_draw_triangles_discard	Pass	Query result verification passed
dEQP-VK.query_pool.occlusion_query.get_create_reset_results_conservative_size_64_wait_queue_with_availability_draw_points	Pass	Query result verification passed
dEQP-VK.query_pool.occlusion_query.get_create_reset_results_conservative_size_64_wait_queue_with_availability_draw_triangles	Pass	Query result verification passed
dEQP-VK.query_pool.occlusion_query.get_create_reset_results_conservative_size_64_wait_queue_with_availability_draw_triangles_discard	Pass	Query result verification passed
dEQP-VK.query_pool.occlusion_query.get_create_reset_results_conservative_size_64_wait_queue_without_availability_draw_points	Pass	Query result verification passed
dEQP-VK.query_pool.occlusion_query.get_create_reset_results_conservative_size_64_wait_queue_without_availability_draw_triangles	Pass	Query result verification passed
dEQP-VK.query_pool.occlusion_query.get_create_reset_results_conservative_size_64_wait_queue_without_availability_draw_triangles_discard	Pass	Query result verification passed
dEQP-VK.query_pool.occlusion_query.get_create_reset_results_precise_size_32_wait_query_with_availability_draw_points	Pass	Query result verification passed
dEQP-VK.query_pool.occlusion_query.get_create_reset_results_precise_size_32_wait_query_with_availability_draw_triangles	Pass	Query result verification passed
dEQP-VK.query_pool.occlusion_query.get_create_reset_results_precise_size_32_wait_query_with_availability_draw_triangles_discard	Pass	Query result verification passed
dEQP-VK.query_pool.occlusion_query.get_create_reset_results_precise_size_32_wait_query_without_availability_draw_points	Pass	Query result verification passed
dEQP-VK.query_pool.occlusion_query.get_create_reset_results_precise_size_32_wait_query_without_availability_draw_triangles	Pass	Query result verification passed
dEQP-VK.query_pool.occlusion_query.get_create_reset_results_precise_size_32_wait_query_without_availability_draw_triangles_discard	Pass	Query result verification passed
dEQP-VK.query_pool.occlusion_query.get_create_reset_results_precise_size_32_wait_queue_with_availability_draw_points	Pass	Query result verification passed
dEQP-VK.query_pool.occlusion_query.get_create_reset_results_precise_size_32_wait_queue_with_availability_draw_triangles	Pass	Query result verification passed
dEQP-VK.query_pool.occlusion_query.get_create_reset_results_precise_size_32_wait_queue_with_availability_draw_triangles_discard	Pass	Query result verification passed
dEQP-VK.query_pool.occlusion_query.get_create_reset_results_precise_size_32_wait_queue_without_availability_draw_points	Pass	Query result verification passed
dEQP-VK.query_pool.occlusion_query.get_create_reset_results_precise_size_32_wait_queue_without_availability_draw_triangles	Pass	Query result verification passed
dEQP-VK.query_pool.occlusion_query.get_create_reset_results_precise_size_32_wait_queue_without_availability_draw_triangles_discard	Pass	Query result verification passed
dEQP-VK.query_pool.occlusion_query.get_create_reset_results_precise_size_64_wait_query_with_availability_draw_points	Pass	Query result verification passed
dEQP-VK.query_pool.occlusion_query.get_create_reset_results_precise_size_64_wait_query_with_availability_draw_triangles	Pass	Query result verification passed
dEQP-VK.query_pool.occlusion_query.get_create_reset_results_precise_size_64_wait_query_with_availability_draw_triangles_discard	Pass	Query result verification passed
dEQP-VK.query_pool.occlusion_query.get_create_reset_results_precise_size_64_wait_query_without_availability_draw_points	Pass	Query result verification passed
dEQP-VK.query_pool.occlusion_query.get_create_reset_results_precise_size_64_wait_query_without_availability_draw_triangles	Pass	Query result verification passed
dEQP-VK.query_pool.occlusion_query.get_create_reset_results_precise_size_64_wait_query_without_availability_draw_triangles_discard	Pass	Query result verification passed
dEQP-VK.query_pool.occlusion_query.get_create_reset_results_precise_size_64_wait_queue_with_availability_draw_points	Pass	Query result verification passed
dEQP-VK.query_pool.occlusion_query.get_create_reset_results_precise_size_64_wait_queue_with_availability_draw_triangles	Pass	Query result verification passed
dEQP-VK.query_pool.occlusion_query.get_create_reset_results_precise_size_64_wait_queue_with_availability_draw_triangles_discard	Pass	Query result verification passed
dEQP-VK.query_pool.occlusion_query.get_create_reset_results_precise_size_64_wait_queue_without_availability_draw_points	Pass	Query result verification passed
dEQP-VK.query_pool.occlusion_query.get_create_reset_results_precise_size_64_wait_queue_without_availability_draw_triangles	Pass	Query result verification passed
dEQP-VK.query_pool.occlusion_query.get_create_reset_results_precise_size_64_wait_queue_without_availability_draw_triangles_discard	Pass	Query result verification passed
dEQP-VK.query_pool.occlusion_query.get_reset_results_conservative_size_32_wait_queue_with_availability_draw_points	Pass	Query result verification passed
dEQP-VK.query_pool.occlusion_query.get_reset_results_conservative_size_32_wait_queue_with_availability_draw_triangles	Pass	Query result verification passed
dEQP-VK.query_pool.occlusion_query.get_reset_results_conservative_size_32_wait_queue_with_availability_draw_triangles_discard	Pass	Query result verification passed
dEQP-VK.query_pool.occlusion_query.get_reset_results_conservative_size_32_wait_queue_without_availability_draw_points	Pass	Query result verification passed
dEQP-VK.query_pool.occlusion_query.get_reset_results_conservative_size_32_wait_queue_without_availability_draw_triangles	Pass	Query result verification passed
dEQP-VK.query_pool.occlusion_query.get_reset_results_conservative_size_32_wait_queue_without_availability_draw_triangles_discard	Pass	Query result verification passed
dEQP-VK.query_pool.occlusion_query.get_reset_results_conservative_size_64_wait_queue_with_availability_draw_points	Pass	Query result verification passed
dEQP-VK.query_pool.occlusion_query.get_reset_results_conservative_size_64_wait_queue_with_availability_draw_triangles	Pass	Query result verification passed
dEQP-VK.query_pool.occlusion_query.get_reset_results_conservative_size_64_wait_queue_with_availability_draw_triangles_discard	Pass	Query result verification passed
dEQP-VK.query_pool.occlusion_query.get_reset_results_conservative_size_64_wait_queue_without_availability_draw_points	Pass	Query result verification passed
dEQP-VK.query_pool.occlusion_query.get_reset_results_conservative_size_64_wait_queue_without_availability_draw_triangles	Pass	Query result verification passed
dEQP-VK.query_pool.occlusion_query.get_reset_results_conservative_size_64_wait_queue_without_availability_draw_triangles_discard	Pass	Query result verification passed
dEQP-VK.query_pool.occlusion_query.get_reset_results_precise_size_32_wait_queue_with_availability_draw_points	Pass	Query result verification passed
dEQP-VK.query_pool.occlusion_query.get_reset_results_precise_size_32_wait_queue_with_availability_draw_triangles	Pass	Query result verification passed
dEQP-VK.query_pool.occlusion_query.get_reset_results_precise_size_32_wait_queue_with_availability_draw_triangles_discard	Pass	Query result verification passed
dEQP-VK.query_pool.occlusion_query.get_reset_results_precise_size_32_wait_queue_without_availability_draw_points	Pass	Query result verification passed
dEQP-VK.query_pool.occlusion_query.get_reset_results_precise_size_32_wait_queue_without_availability_draw_triangles	Pass	Query result verification passed
dEQP-VK.query_pool.occlusion_query.get_reset_results_precise_size_32_wait_queue_without_availability_draw_triangles_discard	Pass	Query result verification passed
dEQP-VK.query_pool.occlusion_query.get_reset_results_precise_size_64_wait_queue_with_availability_draw_points	Pass	Query result verification passed
dEQP-VK.query_pool.occlusion_query.get_reset_results_precise_size_64_wait_queue_with_availability_draw_triangles	Pass	Query result verification passed
dEQP-VK.query_pool.occlusion_query.get_reset_results_precise_size_64_wait_queue_with_availability_draw_triangles_discard	Pass	Query result verification passed
dEQP-VK.query_pool.occlusion_query.get_reset_results_precise_size_64_wait_queue_without_availability_draw_points	Pass	Query result verification passed
dEQP-VK.query_pool.occlusion_query.get_reset_results_precise_size_64_wait_queue_without_availability_draw_triangles	Pass	Query result verification passed
dEQP-VK.query_pool.occlusion_query.get_reset_results_precise_size_64_wait_queue_without_availability_draw_triangles_discard	Pass	Query result verification passed
dEQP-VK.query_pool.occlusion_query.get_reset_results_size_32_stride_12_with_availability	Pass	Query result verification passed
dEQP-VK.query_pool.occlusion_query.get_reset_results_size_32_stride_12_with_availability_dstoffset	Pass	Query result verification passed
dEQP-VK.query_pool.occlusion_query.get_reset_results_size_32_stride_12_without_availability	Pass	Query result verification passed
dEQP-VK.query_pool.occlusion_query.get_reset_results_size_32_stride_12_without_availability_dstoffset	Pass	Query result verification passed
dEQP-VK.query_pool.occlusion_query.get_reset_results_size_32_stride_16_with_availability	Pass	Query result verification passed
dEQP-VK.query_pool.occlusion_query.get_reset_results_size_32_stride_16_with_availability_dstoffset	Pass	Query result verification passed
dEQP-VK.query_pool.occlusion_query.get_reset_results_size_32_stride_16_without_availability	Pass	Query result verification passed
dEQP-VK.query_pool.occlusion_query.get_reset_results_size_32_stride_16_without_availability_dstoffset	Pass	Query result verification passed
dEQP-VK.query_pool.occlusion_query.get_reset_results_size_32_stride_20_with_availability	Pass	Query result verification passed
dEQP-VK.query_pool.occlusion_query.get_reset_results_size_32_stride_20_with_availability_dstoffset	Pass	Query result verification passed
dEQP-VK.query_pool.occlusion_query.get_reset_results_size_32_stride_20_without_availability	Pass	Query result verification passed
dEQP-VK.query_pool.occlusion_query.get_reset_results_size_32_stride_20_without_availability_dstoffset	Pass	Query result verification passed
dEQP-VK.query_pool.occlusion_query.get_reset_results_size_32_stride_4096_with_availability	Pass	Query result verification passed
dEQP-VK.query_pool.occlusion_query.get_reset_results_size_32_stride_4096_with_availability_dstoffset	Pass	Query result verification passed
dEQP-VK.query_pool.occlusion_query.get_reset_results_size_32_stride_4096_without_availability	Pass	Query result verification passed
dEQP-VK.query_pool.occlusion_query.get_reset_results_size_32_stride_4096_without_availability_dstoffset	Pass	Query result verification passed
dEQP-VK.query_pool.occlusion_query.get_reset_results_size_32_stride_4_without_availability	Pass	Query result verification passed
dEQP-VK.query_pool.occlusion_query.get_reset_results_size_32_stride_4_without_availability_dstoffset	Pass	Query result verification passed
dEQP-VK.query_pool.occlusion_query.get_reset_results_size_32_stride_52_with_availability	Pass	Query result verification passed
dEQP-VK.query_pool.occlusion_query.get_reset_results_size_32_stride_52_with_availability_dstoffset	Pass	Query result verification passed
dEQP-VK.query_pool.occlusion_query.get_reset_results_size_32_stride_52_without_availability	Pass	Query result verification passed
dEQP-VK.query_pool.occlusion_query.get_reset_results_size_32_stride_52_without_availability_dstoffset	Pass	Query result verification passed
dEQP-VK.query_pool.occlusion_query.get_reset_results_size_32_stride_8_with_availability	Pass	Query result verification passed
dEQP-VK.query_pool.occlusion_query.get_reset_results_size_32_stride_8_with_availability_dstoffset	Pass	Query result verification passed
dEQP-VK.query_pool.occlusion_query.get_reset_results_size_32_stride_8_without_availability	Pass	Query result verification passed
dEQP-VK.query_pool.occlusion_query.get_reset_results_size_32_stride_8_without_availability_dstoffset	Pass	Query result verification passed
dEQP-VK.query_pool.occlusion_query.get_reset_results_size_64_stride_104_with_availability	Pass	Query result verification passed
dEQP-VK.query_pool.occlusion_query.get_reset_results_size_64_stride_104_with_availability_dstoffset	Pass	Query result verification passed
dEQP-VK.query_pool.occlusion_query.get_reset_results_size_64_stride_104_without_availability	Pass	Query result verification passed
dEQP-VK.query_pool.occlusion_query.get_reset_results_size_64_stride_104_without_availability_dstoffset	Pass	Query result verification passed
dEQP-VK.query_pool.occlusion_query.get_reset_results_size_64_stride_16_with_availability	Pass	Query result verification passed
dEQP-VK.query_pool.occlusion_query.get_reset_results_size_64_stride_16_with_availability_dstoffset	Pass	Query result verification passed
dEQP-VK.query_pool.occlusion_query.get_reset_results_size_64_stride_16_without_availability	Pass	Query result verification passed
dEQP-VK.query_pool.occlusion_query.get_reset_results_size_64_stride_16_without_availability_dstoffset	Pass	Query result verification passed
dEQP-VK.query_pool.occlusion_query.get_reset_results_size_64_stride_24_with_availability	Pass	Query result verification passed
dEQP-VK.query_pool.occlusion_query.get_reset_results_size_64_stride_24_with_availability_dstoffset	Pass	Query result verification passed
dEQP-VK.query_pool.occlusion_query.get_reset_results_size_64_stride_24_without_availability	Pass	Query result verification passed
dEQP-VK.query_pool.occlusion_query.get_reset_results_size_64_stride_24_without_availability_dstoffset	Pass	Query result verification passed
dEQP-VK.query_pool.occlusion_query.get_reset_results_size_64_stride_32_with_availability	Pass	Query result verification passed
dEQP-VK.query_pool.occlusion_query.get_reset_results_size_64_stride_32_with_availability_dstoffset	Pass	Query result verification passed
dEQP-VK.query_pool.occlusion_query.get_reset_results_size_64_stride_32_without_availability	Pass	Query result verification passed
dEQP-VK.query_pool.occlusion_query.get_reset_results_size_64_stride_32_without_availability_dstoffset	Pass	Query result verification passed
dEQP-VK.query_pool.occlusion_query.get_reset_results_size_64_stride_40_with_availability	Pass	Query result verification passed
dEQP-VK.query_pool.occlusion_query.get_reset_results_size_64_stride_40_with_availability_dstoffset	Pass	Query result verification passed
dEQP-VK.query_pool.occlusion_query.get_reset_results_size_64_stride_40_without_availability	Pass	Query result verification passed
dEQP-VK.query_pool.occlusion_query.get_reset_results_size_64_stride_40_without_availability_dstoffset	Pass	Query result verification passed
dEQP-VK.query_pool.occlusion_query.get_reset_results_size_64_stride_8192_with_availability	Pass	Query result verification passed
dEQP-VK.query_pool.occlusion_query.get_reset_results_size_64_stride_8192_with_availability_dstoffset	Pass	Query result verification passed
dEQP-VK.query_pool.occlusion_query.get_reset_results_size_64_stride_8192_without_availability	Pass	Query result verification passed
dEQP-VK.query_pool.occlusion_query.get_reset_results_size_64_stride_8192_without_availability_dstoffset	Pass	Query result verification passed
dEQP-VK.query_pool.occlusion_query.get_reset_results_size_64_stride_8_without_availability	Pass	Query result verification passed
dEQP-VK.query_pool.occlusion_query.get_reset_results_size_64_stride_8_without_availability_dstoffset	Pass	Query result verification passed
dEQP-VK.query_pool.occlusion_query.get_results_conservative_size_32_wait_query_with_availability_draw_points	Pass	Query result verification passed
dEQP-VK.query_pool.occlusion_query.get_results_conservative_size_32_wait_query_with_availability_draw_triangles	Pass	Query result verification passed
dEQP-VK.query_pool.occlusion_query.get_results_conservative_size_32_wait_query_with_availability_draw_triangles_discard	Pass	Query result verification passed
dEQP-VK.query_pool.occlusion_query.get_results_conservative_size_32_wait_query_without_availability_draw_points	Pass	Query result verification passed
dEQP-VK.query_pool.occlusion_query.get_results_conservative_size_32_wait_query_without_availability_draw_points_clear_color	Pass	Query result verification passed
dEQP-VK.query_pool.occlusion_query.get_results_conservative_size_32_wait_query_without_availability_draw_points_clear_depth	Pass	Query result verification passed
dEQP-VK.query_pool.occlusion_query.get_results_conservative_size_32_wait_query_without_availability_draw_points_no_color_attachments	Pass	Query result verification passed
dEQP-VK.query_pool.occlusion_query.get_results_conservative_size_32_wait_query_without_availability_draw_triangles	Pass	Query result verification passed
dEQP-VK.query_pool.occlusion_query.get_results_conservative_size_32_wait_query_without_availability_draw_triangles_clear_color	Pass	Query result verification passed
dEQP-VK.query_pool.occlusion_query.get_results_conservative_size_32_wait_query_without_availability_draw_triangles_clear_depth	Pass	Query result verification passed
dEQP-VK.query_pool.occlusion_query.get_results_conservative_size_32_wait_query_without_availability_draw_triangles_discard	Pass	Query result verification passed
dEQP-VK.query_pool.occlusion_query.get_results_conservative_size_32_wait_query_without_availability_draw_triangles_no_color_attachments	Pass	Query result verification passed
dEQP-VK.query_pool.occlusion_query.get_results_conservative_size_32_wait_queue_with_availability_draw_points	Pass	Query result verification passed
dEQP-VK.query_pool.occlusion_query.get_results_conservative_size_32_wait_queue_with_availability_draw_triangles	Pass	Query result verification passed
dEQP-VK.query_pool.occlusion_query.get_results_conservative_size_32_wait_queue_with_availability_draw_triangles_discard	Pass	Query result verification passed
dEQP-VK.query_pool.occlusion_query.get_results_conservative_size_32_wait_queue_without_availability_draw_points	Pass	Query result verification passed
dEQP-VK.query_pool.occlusion_query.get_results_conservative_size_32_wait_queue_without_availability_draw_points_clear_color	Pass	Query result verification passed
dEQP-VK.query_pool.occlusion_query.get_results_conservative_size_32_wait_queue_without_availability_draw_points_clear_depth	Pass	Query result verification passed
dEQP-VK.query_pool.occlusion_query.get_results_conservative_size_32_wait_queue_without_availability_draw_points_no_color_attachments	Pass	Query result verification passed
dEQP-VK.query_pool.occlusion_query.get_results_conservative_size_32_wait_queue_without_availability_draw_triangles	Pass	Query result verification passed
dEQP-VK.query_pool.occlusion_query.get_results_conservative_size_32_wait_queue_without_availability_draw_triangles_clear_color	Pass	Query result verification passed
dEQP-VK.query_pool.occlusion_query.get_results_conservative_size_32_wait_queue_without_availability_draw_triangles_clear_depth	Pass	Query result verification passed
dEQP-VK.query_pool.occlusion_query.get_results_conservative_size_32_wait_queue_without_availability_draw_triangles_discard	Pass	Query result verification passed
dEQP-VK.query_pool.occlusion_query.get_results_conservative_size_32_wait_queue_without_availability_draw_triangles_no_color_attachments	Pass	Query result verification passed
dEQP-VK.query_pool.occlusion_query.get_results_conservative_size_64_wait_query_with_availability_draw_points	Pass	Query result verification passed
dEQP-VK.query_pool.occlusion_query.get_results_conservative_size_64_wait_query_with_availability_draw_triangles	Pass	Query result verification passed
dEQP-VK.query_pool.occlusion_query.get_results_conservative_size_64_wait_query_with_availability_draw_triangles_discard	Pass	Query result verification passed
dEQP-VK.query_pool.occlusion_query.get_results_conservative_size_64_wait_query_without_availability_draw_points	Pass	Query result verification passed
dEQP-VK.query_pool.occlusion_query.get_results_conservative_size_64_wait_query_without_availability_draw_points_clear_color	Pass	Query result verification passed
dEQP-VK.query_pool.occlusion_query.get_results_conservative_size_64_wait_query_without_availability_draw_points_clear_depth	Pass	Query result verification passed
dEQP-VK.query_pool.occlusion_query.get_results_conservative_size_64_wait_query_without_availability_draw_points_no_color_attachments	Pass	Query result verification passed
dEQP-VK.query_pool.occlusion_query.get_results_conservative_size_64_wait_query_without_availability_draw_triangles	Pass	Query result verification passed
dEQP-VK.query_pool.occlusion_query.get_results_conservative_size_64_wait_query_without_availability_draw_triangles_clear_color	Pass	Query result verification passed
dEQP-VK.query_pool.occlusion_query.get_results_conservative_size_64_wait_query_without_availability_draw_triangles_clear_depth	Pass	Query result verification passed
dEQP-VK.query_pool.occlusion_query.get_results_conservative_size_64_wait_query_without_availability_draw_triangles_discard	Pass	Query result verification passed
dEQP-VK.query_pool.occlusion_query.get_results_conservative_size_64_wait_query_without_availability_draw_triangles_no_color_attachments	Pass	Query result verification passed
dEQP-VK.query_pool.occlusion_query.get_results_conservative_size_64_wait_queue_with_availability_draw_points	Pass	Query result verification passed
dEQP-VK.query_pool.occlusion_query.get_results_conservative_size_64_wait_queue_with_availability_draw_triangles	Pass	Query result verification passed
dEQP-VK.query_pool.occlusion_query.get_results_conservative_size_64_wait_queue_with_availability_draw_triangles_discard	Pass	Query result verification passed
dEQP-VK.query_pool.occlusion_query.get_results_conservative_size_64_wait_queue_without_availability_draw_points	Pass	Query result verification passed
dEQP-VK.query_pool.occlusion_query.get_results_conservative_size_64_wait_queue_without_availability_draw_points_clear_color	Pass	Query result verification passed
dEQP-VK.query_pool.occlusion_query.get_results_conservative_size_64_wait_queue_without_availability_draw_points_clear_depth	Pass	Query result verification passed
dEQP-VK.query_pool.occlusion_query.get_results_conservative_size_64_wait_queue_without_availability_draw_points_no_color_attachments	Pass	Query result verification passed
dEQP-VK.query_pool.occlusion_query.get_results_conservative_size_64_wait_queue_without_availability_draw_triangles	Pass	Query result verification passed
dEQP-VK.query_pool.occlusion_query.get_results_conservative_size_64_wait_queue_without_availability_draw_triangles_clear_color	Pass	Query result verification passed
dEQP-VK.query_pool.occlusion_query.get_results_conservative_size_64_wait_queue_without_availability_draw_triangles_clear_depth	Pass	Query result verification passed
dEQP-VK.query_pool.occlusion_query.get_results_conservative_size_64_wait_queue_without_availability_draw_triangles_discard	Pass	Query result verification passed
dEQP-VK.query_pool.occlusion_query.get_results_conservative_size_64_wait_queue_without_availability_draw_triangles_no_color_attachments	Pass	Query result verification passed
dEQP-VK.query_pool.occlusion_query.get_results_precise_size_32_wait_query_with_availability_draw_points	Pass	Query result verification passed
dEQP-VK.query_pool.occlusion_query.get_results_precise_size_32_wait_query_with_availability_draw_triangles	Pass	Query result verification passed
dEQP-VK.query_pool.occlusion_query.get_results_precise_size_32_wait_query_with_availability_draw_triangles_discard	Pass	Query result verification passed
dEQP-VK.query_pool.occlusion_query.get_results_precise_size_32_wait_query_without_availability_draw_points	Pass	Query result verification passed
dEQP-VK.query_pool.occlusion_query.get_results_precise_size_32_wait_query_without_availability_draw_points_clear_color	Pass	Query result verification passed
dEQP-VK.query_pool.occlusion_query.get_results_precise_size_32_wait_query_without_availability_draw_points_clear_depth	Pass	Query result verification passed
dEQP-VK.query_pool.occlusion_query.get_results_precise_size_32_wait_query_without_availability_draw_points_no_color_attachments	Pass	Query result verification passed
dEQP-VK.query_pool.occlusion_query.get_results_precise_size_32_wait_query_without_availability_draw_triangles	Pass	Query result verification passed
dEQP-VK.query_pool.occlusion_query.get_results_precise_size_32_wait_query_without_availability_draw_triangles_clear_color	Pass	Query result verification passed
dEQP-VK.query_pool.occlusion_query.get_results_precise_size_32_wait_query_without_availability_draw_triangles_clear_depth	Pass	Query result verification passed
dEQP-VK.query_pool.occlusion_query.get_results_precise_size_32_wait_query_without_availability_draw_triangles_discard	Pass	Query result verification passed
dEQP-VK.query_pool.occlusion_query.get_results_precise_size_32_wait_query_without_availability_draw_triangles_no_color_attachments	Pass	Query result verification passed
dEQP-VK.query_pool.occlusion_query.get_results_precise_size_32_wait_queue_with_availability_draw_points	Pass	Query result verification passed
dEQP-VK.query_pool.occlusion_query.get_results_precise_size_32_wait_queue_with_availability_draw_triangles	Pass	Query result verification passed
dEQP-VK.query_pool.occlusion_query.get_results_precise_size_32_wait_queue_with_availability_draw_triangles_discard	Pass	Query result verification passed
dEQP-VK.query_pool.occlusion_query.get_results_precise_size_32_wait_queue_without_availability_draw_points	Pass	Query result verification passed
dEQP-VK.query_pool.occlusion_query.get_results_precise_size_32_wait_queue_without_availability_draw_points_clear_color	Pass	Query result verification passed
dEQP-VK.query_pool.occlusion_query.get_results_precise_size_32_wait_queue_without_availability_draw_points_clear_depth	Pass	Query result verification passed
dEQP-VK.query_pool.occlusion_query.get_results_precise_size_32_wait_queue_without_availability_draw_points_no_color_attachments	Pass	Query result verification passed
dEQP-VK.query_pool.occlusion_query.get_results_precise_size_32_wait_queue_without_availability_draw_triangles	Pass	Query result verification passed
dEQP-VK.query_pool.occlusion_query.get_results_precise_size_32_wait_queue_without_availability_draw_triangles_clear_color	Pass	Query result verification passed
dEQP-VK.query_pool.occlusion_query.get_results_precise_size_32_wait_queue_without_availability_draw_triangles_clear_depth	Pass	Query result verification passed
dEQP-VK.query_pool.occlusion_query.get_results_precise_size_32_wait_queue_without_availability_draw_triangles_discard	Pass	Query result verification passed
dEQP-VK.query_pool.occlusion_query.get_results_precise_size_32_wait_queue_without_availability_draw_triangles_no_color_attachments	Pass	Query result verification passed
dEQP-VK.query_pool.occlusion_query.get_results_precise_size_64_wait_query_with_availability_draw_points	Pass	Query result verification passed
dEQP-VK.query_pool.occlusion_query.get_results_precise_size_64_wait_query_with_availability_draw_triangles	Pass	Query result verification passed
dEQP-VK.query_pool.occlusion_query.get_results_precise_size_64_wait_query_with_availability_draw_triangles_discard	Pass	Query result verification passed
dEQP-VK.query_pool.occlusion_query.get_results_precise_size_64_wait_query_without_availability_draw_points	Pass	Query result verification passed
dEQP-VK.query_pool.occlusion_query.get_results_precise_size_64_wait_query_without_availability_draw_points_clear_color	Pass	Query result verification passed
dEQP-VK.query_pool.occlusion_query.get_results_precise_size_64_wait_query_without_availability_draw_points_clear_depth	Pass	Query result verification passed
dEQP-VK.query_pool.occlusion_query.get_results_precise_size_64_wait_query_without_availability_draw_points_no_color_attachments	Pass	Query result verification passed
dEQP-VK.query_pool.occlusion_query.get_results_precise_size_64_wait_query_without_availability_draw_triangles	Pass	Query result verification passed
dEQP-VK.query_pool.occlusion_query.get_results_precise_size_64_wait_query_without_availability_draw_triangles_clear_color	Pass	Query result verification passed
dEQP-VK.query_pool.occlusion_query.get_results_precise_size_64_wait_query_without_availability_draw_triangles_clear_depth	Pass	Query result verification passed
dEQP-VK.query_pool.occlusion_query.get_results_precise_size_64_wait_query_without_availability_draw_triangles_discard	Pass	Query result verification passed
dEQP-VK.query_pool.occlusion_query.get_results_precise_size_64_wait_query_without_availability_draw_triangles_no_color_attachments	Pass	Query result verification passed
dEQP-VK.query_pool.occlusion_query.get_results_precise_size_64_wait_queue_with_availability_draw_points	Pass	Query result verification passed
dEQP-VK.query_pool.occlusion_query.get_results_precise_size_64_wait_queue_with_availability_draw_triangles	Pass	Query result verification passed
dEQP-VK.query_pool.occlusion_query.get_results_precise_size_64_wait_queue_with_availability_draw_triangles_discard	Pass	Query result verification passed
dEQP-VK.query_pool.occlusion_query.get_results_precise_size_64_wait_queue_without_availability_draw_points	Pass	Query result verification passed
dEQP-VK.query_pool.occlusion_query.get_results_precise_size_64_wait_queue_without_availability_draw_points_clear_color	Pass	Query result verification passed
dEQP-VK.query_pool.occlusion_query.get_results_precise_size_64_wait_queue_without_availability_draw_points_clear_depth	Pass	Query result verification passed
dEQP-VK.query_pool.occlusion_query.get_results_precise_size_64_wait_queue_without_availability_draw_points_no_color_attachments	Pass	Query result verification passed
dEQP-VK.query_pool.occlusion_query.get_results_precise_size_64_wait_queue_without_availability_draw_triangles	Pass	Query result verification passed
dEQP-VK.query_pool.occlusion_query.get_results_precise_size_64_wait_queue_without_availability_draw_triangles_clear_color	Pass	Query result verification passed
dEQP-VK.query_pool.occlusion_query.get_results_precise_size_64_wait_queue_without_availability_draw_triangles_clear_depth	Pass	Query result verification passed
dEQP-VK.query_pool.occlusion_query.get_results_precise_size_64_wait_queue_without_availability_draw_triangles_discard	Pass	Query result verification passed
dEQP-VK.query_pool.occlusion_query.get_results_precise_size_64_wait_queue_without_availability_draw_triangles_no_color_attachments	Pass	Query result verification passed
dEQP-VK.query_pool.occlusion_query.get_results_size_32_stride_12_with_availability	Pass	Query result verification passed
dEQP-VK.query_pool.occlusion_query.get_results_size_32_stride_12_with_availability_dstoffset	Pass	Query result verification passed
dEQP-VK.query_pool.occlusion_query.get_results_size_32_stride_12_without_availability	Pass	Query result verification passed
dEQP-VK.query_pool.occlusion_query.get_results_size_32_stride_12_without_availability_dstoffset	Pass	Query result verification passed
dEQP-VK.query_pool.occlusion_query.get_results_size_32_stride_16_with_availability	Pass	Query result verification passed
dEQP-VK.query_pool.occlusion_query.get_results_size_32_stride_16_with_availability_dstoffset	Pass	Query result verification passed
dEQP-VK.query_pool.occlusion_query.get_results_size_32_stride_16_without_availability	Pass	Query result verification passed
dEQP-VK.query_pool.occlusion_query.get_results_size_32_stride_16_without_availability_dstoffset	Pass	Query result verification passed
dEQP-VK.query_pool.occlusion_query.get_results_size_32_stride_20_with_availability	Pass	Query result verification passed
dEQP-VK.query_pool.occlusion_query.get_results_size_32_stride_20_with_availability_dstoffset	Pass	Query result verification passed
dEQP-VK.query_pool.occlusion_query.get_results_size_32_stride_20_without_availability	Pass	Query result verification passed
dEQP-VK.query_pool.occlusion_query.get_results_size_32_stride_20_without_availability_dstoffset	Pass	Query result verification passed
dEQP-VK.query_pool.occlusion_query.get_results_size_32_stride_4096_with_availability	Pass	Query result verification passed
dEQP-VK.query_pool.occlusion_query.get_results_size_32_stride_4096_with_availability_dstoffset	Pass	Query result verification passed
dEQP-VK.query_pool.occlusion_query.get_results_size_32_stride_4096_without_availability	Pass	Query result verification passed
dEQP-VK.query_pool.occlusion_query.get_results_size_32_stride_4096_without_availability_dstoffset	Pass	Query result verification passed
dEQP-VK.query_pool.occlusion_query.get_results_size_32_stride_4_without_availability	Pass	Query result verification passed
dEQP-VK.query_pool.occlusion_query.get_results_size_32_stride_4_without_availability_dstoffset	Pass	Query result verification passed
dEQP-VK.query_pool.occlusion_query.get_results_size_32_stride_52_with_availability	Pass	Query result verification passed
dEQP-VK.query_pool.occlusion_query.get_results_size_32_stride_52_with_availability_dstoffset	Pass	Query result verification passed
dEQP-VK.query_pool.occlusion_query.get_results_size_32_stride_52_without_availability	Pass	Query result verification passed
dEQP-VK.query_pool.occlusion_query.get_results_size_32_stride_52_without_availability_dstoffset	Pass	Query result verification passed
dEQP-VK.query_pool.occlusion_query.get_results_size_32_stride_8_with_availability	Pass	Query result verification passed
dEQP-VK.query_pool.occlusion_query.get_results_size_32_stride_8_with_availability_dstoffset	Pass	Query result verification passed
dEQP-VK.query_pool.occlusion_query.get_results_size_32_stride_8_without_availability	Pass	Query result verification passed
dEQP-VK.query_pool.occlusion_query.get_results_size_32_stride_8_without_availability_dstoffset	Pass	Query result verification passed
dEQP-VK.query_pool.occlusion_query.get_results_size_64_stride_104_with_availability	Pass	Query result verification passed
dEQP-VK.query_pool.occlusion_query.get_results_size_64_stride_104_with_availability_dstoffset	Pass	Query result verification passed
dEQP-VK.query_pool.occlusion_query.get_results_size_64_stride_104_without_availability	Pass	Query result verification passed
dEQP-VK.query_pool.occlusion_query.get_results_size_64_stride_104_without_availability_dstoffset	Pass	Query result verification passed
dEQP-VK.query_pool.occlusion_query.get_results_size_64_stride_16_with_availability	Pass	Query result verification passed
dEQP-VK.query_pool.occlusion_query.get_results_size_64_stride_16_with_availability_dstoffset	Pass	Query result verification passed
dEQP-VK.query_pool.occlusion_query.get_results_size_64_stride_16_without_availability	Pass	Query result verification passed
dEQP-VK.query_pool.occlusion_query.get_results_size_64_stride_16_without_availability_dstoffset	Pass	Query result verification passed
dEQP-VK.query_pool.occlusion_query.get_results_size_64_stride_24_with_availability	Pass	Query result verification passed
dEQP-VK.query_pool.occlusion_query.get_results_size_64_stride_24_with_availability_dstoffset	Pass	Query result verification passed
dEQP-VK.query_pool.occlusion_query.get_results_size_64_stride_24_without_availability	Pass	Query result verification passed
dEQP-VK.query_pool.occlusion_query.get_results_size_64_stride_24_without_availability_dstoffset	Pass	Query result verification passed
dEQP-VK.query_pool.occlusion_query.get_results_size_64_stride_32_with_availability	Pass	Query result verification passed
dEQP-VK.query_pool.occlusion_query.get_results_size_64_stride_32_with_availability_dstoffset	Pass	Query result verification passed
dEQP-VK.query_pool.occlusion_query.get_results_size_64_stride_32_without_availability	Pass	Query result verification passed
dEQP-VK.query_pool.occlusion_query.get_results_size_64_stride_32_without_availability_dstoffset	Pass	Query result verification passed
dEQP-VK.query_pool.occlusion_query.get_results_size_64_stride_40_with_availability	Pass	Query result verification passed
dEQP-VK.query_pool.occlusion_query.get_results_size_64_stride_40_with_availability_dstoffset	Pass	Query result verification passed
dEQP-VK.query_pool.occlusion_query.get_results_size_64_stride_40_without_availability	Pass	Query result verification passed
dEQP-VK.query_pool.occlusion_query.get_results_size_64_stride_40_without_availability_dstoffset	Pass	Query result verification passed
dEQP-VK.query_pool.occlusion_query.get_results_size_64_stride_8192_with_availability	Pass	Query result verification passed
dEQP-VK.query_pool.occlusion_query.get_results_size_64_stride_8192_with_availability_dstoffset	Pass	Query result verification passed
dEQP-VK.query_pool.occlusion_query.get_results_size_64_stride_8192_without_availability	Pass	Query result verification passed
dEQP-VK.query_pool.occlusion_query.get_results_size_64_stride_8192_without_availability_dstoffset	Pass	Query result verification passed
dEQP-VK.query_pool.occlusion_query.get_results_size_64_stride_8_without_availability	Pass	Query result verification passed
dEQP-VK.query_pool.occlusion_query.get_results_size_64_stride_8_without_availability_dstoffset	Pass	Query result verification passed
dEQP-VK.query_pool.occlusion_query.no_attachments_multisample	Pass	Pass
dEQP-VK.query_pool.occlusion_query.no_attachments_single_sample	Pass	Pass
dEQP-VK.query_pool.occlusion_query.resolve	Pass	Query result verification passed
dEQP-VK.query_pool.occlusion_query.stride_max	Pass	Query result verification passed
dEQP-VK.query_pool.occlusion_query.stride_zero	Pass	Query result verification passed
