dEQP-VK.query_pool.statistics_query.clipping_invocations.primary.32bits_cmdcopyquerypoolresults_line_list_clear_color_geometry	Pass	Pass
dEQP-VK.query_pool.statistics_query.clipping_invocations.primary.32bits_cmdcopyquerypoolresults_line_list_with_no_color_attachments_vertex	Pass	Pass
dEQP-VK.query_pool.statistics_query.clipping_invocations.primary.32bits_cmdcopyquerypoolresults_line_strip_with_no_color_attachments_geometry	Pass	Pass
dEQP-VK.query_pool.statistics_query.clipping_invocations.primary.32bits_cmdcopyquerypoolresults_point_list_vertex	Pass	Pass
dEQP-VK.query_pool.statistics_query.clipping_invocations.primary.32bits_cmdcopyquerypoolresults_triangle_list_geometry	Pass	Pass
dEQP-VK.query_pool.statistics_query.clipping_invocations.primary.32bits_cmdcopyquerypoolresults_triangle_strip_clear_depth_vertex	Pass	Pass
dEQP-VK.query_pool.statistics_query.clipping_invocations.primary.32bits_dstoffset_cmdcopyquerypoolresults_line_list_clear_depth_geometry	Pass	Pass
dEQP-VK.query_pool.statistics_query.clipping_invocations.primary.32bits_dstoffset_cmdcopyquerypoolresults_line_strip_clear_color_vertex	Pass	Pass
dEQP-VK.query_pool.statistics_query.clipping_invocations.primary.32bits_dstoffset_cmdcopyquerypoolresults_patch_list_clear_color_tessellation	Pass	Pass
dEQP-VK.query_pool.statistics_query.clipping_invocations.primary.32bits_dstoffset_cmdcopyquerypoolresults_point_list_with_no_color_attachments_vertex	Pass	Pass
dEQP-VK.query_pool.statistics_query.clipping_invocations.primary.32bits_dstoffset_cmdcopyquerypoolresults_triangle_list_with_adjacency_clear_color_geometry	Pass	Pass
dEQP-VK.query_pool.statistics_query.clipping_invocations.primary.32bits_dstoffset_cmdcopyquerypoolresults_triangle_strip_vertex	Pass	Pass
dEQP-VK.query_pool.statistics_query.clipping_invocations.primary.32bits_line_list_geometry	Pass	Pass
dEQP-VK.query_pool.statistics_query.clipping_invocations.primary.32bits_line_strip_clear_depth_vertex	Pass	Pass
dEQP-VK.query_pool.statistics_query.clipping_invocations.primary.32bits_patch_list_clear_depth_tessellation	Pass	Pass
dEQP-VK.query_pool.statistics_query.clipping_invocations.primary.32bits_triangle_fan_clear_color_vertex	Pass	Pass
dEQP-VK.query_pool.statistics_query.clipping_invocations.primary.32bits_triangle_list_with_adjacency_clear_depth_geometry	Pass	Pass
dEQP-VK.query_pool.statistics_query.clipping_invocations.primary.32bits_triangle_strip_with_adjacency_clear_color_vertex	Pass	Pass
dEQP-VK.query_pool.statistics_query.clipping_invocations.primary.64bits_cmdcopyquerypoolresults_line_list_with_adjacency_clear_color_geometry	Pass	Pass
dEQP-VK.query_pool.statistics_query.clipping_invocations.primary.64bits_cmdcopyquerypoolresults_line_strip_vertex	Pass	Pass
dEQP-VK.query_pool.statistics_query.clipping_invocations.primary.64bits_cmdcopyquerypoolresults_patch_list_tessellation	Pass	Pass
dEQP-VK.query_pool.statistics_query.clipping_invocations.primary.64bits_cmdcopyquerypoolresults_triangle_fan_clear_depth_vertex	Pass	Pass
dEQP-VK.query_pool.statistics_query.clipping_invocations.primary.64bits_cmdcopyquerypoolresults_triangle_list_with_adjacency_geometry	Pass	Pass
dEQP-VK.query_pool.statistics_query.clipping_invocations.primary.64bits_cmdcopyquerypoolresults_triangle_strip_with_adjacency_clear_depth_vertex	Pass	Pass
dEQP-VK.query_pool.statistics_query.clipping_invocations.primary.64bits_dstoffset_cmdcopyquerypoolresults_line_list_with_adjacency_clear_depth_geometry	Pass	Pass
dEQP-VK.query_pool.statistics_query.clipping_invocations.primary.64bits_dstoffset_cmdcopyquerypoolresults_line_strip_with_adjacency_clear_color_vertex	Pass	Pass
dEQP-VK.query_pool.statistics_query.clipping_invocations.primary.64bits_dstoffset_cmdcopyquerypoolresults_patch_list_with_no_color_attachments_tessellation	Pass	Pass
dEQP-VK.query_pool.statistics_query.clipping_invocations.primary.64bits_dstoffset_cmdcopyquerypoolresults_triangle_fan_vertex	Pass	Pass
dEQP-VK.query_pool.statistics_query.clipping_invocations.primary.64bits_dstoffset_cmdcopyquerypoolresults_triangle_list_with_adjacency_with_no_color_attachments_geometry	Pass	Pass
dEQP-VK.query_pool.statistics_query.clipping_invocations.primary.64bits_dstoffset_cmdcopyquerypoolresults_triangle_strip_with_adjacency_vertex	Pass	Pass
dEQP-VK.query_pool.statistics_query.clipping_invocations.primary.64bits_line_list_with_adjacency_geometry	Pass	Pass
dEQP-VK.query_pool.statistics_query.clipping_invocations.primary.64bits_line_strip_with_adjacency_clear_depth_vertex	Pass	Pass
dEQP-VK.query_pool.statistics_query.clipping_invocations.primary.64bits_point_list_clear_color_geometry	Pass	Pass
dEQP-VK.query_pool.statistics_query.clipping_invocations.primary.64bits_triangle_fan_with_no_color_attachments_vertex	Pass	Pass
dEQP-VK.query_pool.statistics_query.clipping_invocations.primary.64bits_triangle_list_with_no_color_attachments_geometry	Pass	Pass
dEQP-VK.query_pool.statistics_query.clipping_invocations.primary.64bits_triangle_strip_with_adjacency_with_no_color_attachments_vertex	Pass	Pass
dEQP-VK.query_pool.statistics_query.clipping_invocations.secondary.32bits_cmdcopyquerypoolresults_line_strip_clear_color_geometry	Pass	Pass
dEQP-VK.query_pool.statistics_query.clipping_invocations.secondary.32bits_cmdcopyquerypoolresults_patch_list_clear_depth_tessellation_geometry	Pass	Pass
dEQP-VK.query_pool.statistics_query.clipping_invocations.secondary.32bits_cmdcopyquerypoolresults_triangle_list_clear_color_geometry	Pass	Pass
dEQP-VK.query_pool.statistics_query.clipping_invocations.secondary.32bits_cmdcopyquerypoolresults_triangle_strip_clear_depth_vertex	Pass	Pass
