dEQP-VK.tessellation.geometry_interaction.limits.output_required_max_geometry	Pass	OK
dEQP-VK.tessellation.geometry_interaction.limits.output_required_max_invocations	Pass	OK
dEQP-VK.tessellation.geometry_interaction.limits.output_required_max_tessellation	Pass	OK
dEQP-VK.tessellation.geometry_interaction.passthrough.passthrough_tessellation_geometry_shade_isolines_no_change	Pass	OK
dEQP-VK.tessellation.geometry_interaction.passthrough.passthrough_tessellation_geometry_shade_triangles_no_change	Pass	OK
dEQP-VK.tessellation.geometry_interaction.passthrough.tessellate_isolines_passthrough_geometry_no_change	Pass	OK
dEQP-VK.tessellation.geometry_interaction.passthrough.tessellate_quads_passthrough_geometry_no_change	Pass	OK
dEQP-VK.tessellation.geometry_interaction.passthrough.tessellate_triangles_passthrough_geometry_no_change	Pass	OK
dEQP-VK.tessellation.geometry_interaction.point_size.evaluation_set	Pass	OK
dEQP-VK.tessellation.geometry_interaction.point_size.geometry_set	Pass	OK
dEQP-VK.tessellation.geometry_interaction.point_size.vertex_set	Pass	OK
dEQP-VK.tessellation.geometry_interaction.point_size.vertex_set_control_pass_eval_add_geometry_add	Pass	OK
dEQP-VK.tessellation.geometry_interaction.point_size.vertex_set_evaluation_set	Pass	OK
dEQP-VK.tessellation.geometry_interaction.point_size.vertex_set_evaluation_set_geometry_set	Pass	OK
dEQP-VK.tessellation.geometry_interaction.point_size.vertex_set_geometry_set	Pass	OK
dEQP-VK.tessellation.geometry_interaction.scatter.geometry_scatter_instances	Pass	OK
dEQP-VK.tessellation.geometry_interaction.scatter.geometry_scatter_layers	Pass	OK
dEQP-VK.tessellation.geometry_interaction.scatter.geometry_scatter_primitives	Pass	OK
dEQP-VK.tessellation.misc_draw.switch_domain_origin_lower_left_to_upper_left_with_geom_shader	Pass	Pass
dEQP-VK.tessellation.misc_draw.switch_domain_origin_lower_left_to_upper_left_with_geom_shader_fast_lib	Pass	Pass
dEQP-VK.tessellation.misc_draw.switch_domain_origin_lower_left_to_upper_left_with_geom_shader_shader_objects	NotSupported	VK_EXT_shader_object not supported at vkPipelineConstructionUtil.cpp:207
dEQP-VK.tessellation.misc_draw.switch_domain_origin_upper_left_to_lower_left_with_geom_shader	Pass	Pass
dEQP-VK.tessellation.misc_draw.switch_domain_origin_upper_left_to_lower_left_with_geom_shader_fast_lib	Pass	Pass
dEQP-VK.tessellation.misc_draw.switch_domain_origin_upper_left_to_lower_left_with_geom_shader_shader_objects	NotSupported	VK_EXT_shader_object not supported at vkPipelineConstructionUtil.cpp:207
dEQP-VK.tessellation.misc_draw.switch_out_vertices_3_to_4_with_geom_shader	Pass	Pass
dEQP-VK.tessellation.misc_draw.switch_out_vertices_3_to_4_with_geom_shader_fast_lib	Pass	Pass
dEQP-VK.tessellation.misc_draw.switch_out_vertices_3_to_4_with_geom_shader_shader_objects	NotSupported	VK_EXT_shader_object not supported at vkPipelineConstructionUtil.cpp:207
dEQP-VK.tessellation.misc_draw.switch_out_vertices_4_to_3_with_geom_shader	Pass	Pass
dEQP-VK.tessellation.misc_draw.switch_out_vertices_4_to_3_with_geom_shader_fast_lib	Pass	Pass
dEQP-VK.tessellation.misc_draw.switch_out_vertices_4_to_3_with_geom_shader_shader_objects	NotSupported	VK_EXT_shader_object not supported at vkPipelineConstructionUtil.cpp:207
dEQP-VK.tessellation.misc_draw.switch_primitive_quads_to_triangles_with_geom_shader	Pass	Pass
dEQP-VK.tessellation.misc_draw.switch_primitive_quads_to_triangles_with_geom_shader_fast_lib	Pass	Pass
dEQP-VK.tessellation.misc_draw.switch_primitive_quads_to_triangles_with_geom_shader_shader_objects	NotSupported	VK_EXT_shader_object not supported at vkPipelineConstructionUtil.cpp:207
dEQP-VK.tessellation.misc_draw.switch_primitive_triangles_to_quads_with_geom_shader	Pass	Pass
dEQP-VK.tessellation.misc_draw.switch_primitive_triangles_to_quads_with_geom_shader_fast_lib	Pass	Pass
dEQP-VK.tessellation.misc_draw.switch_primitive_triangles_to_quads_with_geom_shader_shader_objects	NotSupported	VK_EXT_shader_object not supported at vkPipelineConstructionUtil.cpp:207
dEQP-VK.tessellation.misc_draw.switch_spacing_mode_equal_spacing_to_fractional_even_spacing_with_geom_shader	Pass	Pass
dEQP-VK.tessellation.misc_draw.switch_spacing_mode_equal_spacing_to_fractional_even_spacing_with_geom_shader_fast_lib	Pass	Pass
dEQP-VK.tessellation.misc_draw.switch_spacing_mode_equal_spacing_to_fractional_even_spacing_with_geom_shader_shader_objects	NotSupported	VK_EXT_shader_object not supported at vkPipelineConstructionUtil.cpp:207
dEQP-VK.tessellation.misc_draw.switch_spacing_mode_equal_spacing_to_fractional_odd_spacing_with_geom_shader	Pass	Pass
dEQP-VK.tessellation.misc_draw.switch_spacing_mode_equal_spacing_to_fractional_odd_spacing_with_geom_shader_fast_lib	Pass	Pass
dEQP-VK.tessellation.misc_draw.switch_spacing_mode_equal_spacing_to_fractional_odd_spacing_with_geom_shader_shader_objects	NotSupported	VK_EXT_shader_object not supported at vkPipelineConstructionUtil.cpp:207
dEQP-VK.tessellation.misc_draw.switch_spacing_mode_fractional_even_spacing_to_equal_spacing_with_geom_shader	Pass	Pass
dEQP-VK.tessellation.misc_draw.switch_spacing_mode_fractional_even_spacing_to_equal_spacing_with_geom_shader_fast_lib	Pass	Pass
dEQP-VK.tessellation.misc_draw.switch_spacing_mode_fractional_even_spacing_to_equal_spacing_with_geom_shader_shader_objects	NotSupported	VK_EXT_shader_object not supported at vkPipelineConstructionUtil.cpp:207
dEQP-VK.tessellation.misc_draw.switch_spacing_mode_fractional_even_spacing_to_fractional_odd_spacing_with_geom_shader	Pass	Pass
dEQP-VK.tessellation.misc_draw.switch_spacing_mode_fractional_even_spacing_to_fractional_odd_spacing_with_geom_shader_fast_lib	Pass	Pass
dEQP-VK.tessellation.misc_draw.switch_spacing_mode_fractional_even_spacing_to_fractional_odd_spacing_with_geom_shader_shader_objects	NotSupported	VK_EXT_shader_object not supported at vkPipelineConstructionUtil.cpp:207
dEQP-VK.tessellation.misc_draw.switch_spacing_mode_fractional_odd_spacing_to_equal_spacing_with_geom_shader	Pass	Pass
dEQP-VK.tessellation.misc_draw.switch_spacing_mode_fractional_odd_spacing_to_equal_spacing_with_geom_shader_fast_lib	Pass	Pass
dEQP-VK.tessellation.misc_draw.switch_spacing_mode_fractional_odd_spacing_to_equal_spacing_with_geom_shader_shader_objects	NotSupported	VK_EXT_shader_object not supported at vkPipelineConstructionUtil.cpp:207
dEQP-VK.tessellation.misc_draw.switch_spacing_mode_fractional_odd_spacing_to_fractional_even_spacing_with_geom_shader	Pass	Pass
dEQP-VK.tessellation.misc_draw.switch_spacing_mode_fractional_odd_spacing_to_fractional_even_spacing_with_geom_shader_fast_lib	Pass	Pass
dEQP-VK.tessellation.misc_draw.switch_spacing_mode_fractional_odd_spacing_to_fractional_even_spacing_with_geom_shader_shader_objects	NotSupported	VK_EXT_shader_object not supported at vkPipelineConstructionUtil.cpp:207
