dEQP-VK.transform_feedback.simple.holes_extra_draw_geom	Pass	Pass
dEQP-VK.transform_feedback.simple.holes_extra_draw_vert	Pass	Pass
dEQP-VK.transform_feedback.simple.holes_geom	Pass	Pass
dEQP-VK.transform_feedback.simple.holes_vert	Pass	Pass
dEQP-VK.transform_feedback.simple.lines_or_triangles_line_strip_1	Pass	Pass
dEQP-VK.transform_feedback.simple.lines_or_triangles_line_strip_14	NotSupported	maxTransformFeedbackStreams=4, while test requires 15 at vktTransformFeedbackSimpleTests.cpp:3737
dEQP-VK.transform_feedback.simple.lines_or_triangles_line_strip_14_ptsz	NotSupported	maxTransformFeedbackStreams=4, while test requires 15 at vktTransformFeedbackSimpleTests.cpp:3737
dEQP-VK.transform_feedback.simple.lines_or_triangles_line_strip_1_ptsz	Pass	Pass
dEQP-VK.transform_feedback.simple.lines_or_triangles_line_strip_3	Pass	Pass
dEQP-VK.transform_feedback.simple.lines_or_triangles_line_strip_3_ptsz	Pass	Pass
dEQP-VK.transform_feedback.simple.lines_or_triangles_line_strip_6	NotSupported	maxTransformFeedbackStreams=4, while test requires 7 at vktTransformFeedbackSimpleTests.cpp:3737
dEQP-VK.transform_feedback.simple.lines_or_triangles_line_strip_6_ptsz	NotSupported	maxTransformFeedbackStreams=4, while test requires 7 at vktTransformFeedbackSimpleTests.cpp:3737
dEQP-VK.transform_feedback.simple.lines_or_triangles_triangle_strip_1	Pass	Pass
dEQP-VK.transform_feedback.simple.lines_or_triangles_triangle_strip_14	NotSupported	maxTransformFeedbackStreams=4, while test requires 15 at vktTransformFeedbackSimpleTests.cpp:3737
dEQP-VK.transform_feedback.simple.lines_or_triangles_triangle_strip_14_ptsz	NotSupported	maxTransformFeedbackStreams=4, while test requires 15 at vktTransformFeedbackSimpleTests.cpp:3737
dEQP-VK.transform_feedback.simple.lines_or_triangles_triangle_strip_1_ptsz	Pass	Pass
dEQP-VK.transform_feedback.simple.lines_or_triangles_triangle_strip_3	Pass	Pass
dEQP-VK.transform_feedback.simple.lines_or_triangles_triangle_strip_3_ptsz	Pass	Pass
dEQP-VK.transform_feedback.simple.lines_or_triangles_triangle_strip_6	NotSupported	maxTransformFeedbackStreams=4, while test requires 7 at vktTransformFeedbackSimpleTests.cpp:3737
dEQP-VK.transform_feedback.simple.lines_or_triangles_triangle_strip_6_ptsz	NotSupported	maxTransformFeedbackStreams=4, while test requires 7 at vktTransformFeedbackSimpleTests.cpp:3737
dEQP-VK.transform_feedback.simple.maintenance5	Pass	Pass
dEQP-VK.transform_feedback.simple.max_output_components_128	Pass	Pass
dEQP-VK.transform_feedback.simple.max_output_components_64	Pass	Pass
dEQP-VK.transform_feedback.simple.multi_stream_single_raster	Pass	Pass
dEQP-VK.transform_feedback.simple.multi_stream_single_raster_non_zero	Pass	Pass
dEQP-VK.transform_feedback.simple.multistreams_1	Pass	Pass
dEQP-VK.transform_feedback.simple.multistreams_14	NotSupported	maxTransformFeedbackStreams=4, while test requires 15 at vktTransformFeedbackSimpleTests.cpp:2172
dEQP-VK.transform_feedback.simple.multistreams_14_ptsz	NotSupported	maxTransformFeedbackStreams=4, while test requires 15 at vktTransformFeedbackSimpleTests.cpp:2172
dEQP-VK.transform_feedback.simple.multistreams_1_ptsz	Pass	Pass
dEQP-VK.transform_feedback.simple.multistreams_3	Pass	Pass
dEQP-VK.transform_feedback.simple.multistreams_3_ptsz	Pass	Pass
dEQP-VK.transform_feedback.simple.multistreams_6	NotSupported	maxTransformFeedbackStreams=4, while test requires 7 at vktTransformFeedbackSimpleTests.cpp:2172
dEQP-VK.transform_feedback.simple.multistreams_6_ptsz	NotSupported	maxTransformFeedbackStreams=4, while test requires 7 at vktTransformFeedbackSimpleTests.cpp:2172
dEQP-VK.transform_feedback.simple.multistreams_same_location_1	Pass	Pass
dEQP-VK.transform_feedback.simple.multistreams_same_location_14	NotSupported	maxTransformFeedbackStreams=4, while test requires 15 at vktTransformFeedbackSimpleTests.cpp:2353
dEQP-VK.transform_feedback.simple.multistreams_same_location_14_ptsz	NotSupported	maxTransformFeedbackStreams=4, while test requires 15 at vktTransformFeedbackSimpleTests.cpp:2353
dEQP-VK.transform_feedback.simple.multistreams_same_location_1_ptsz	Pass	Pass
dEQP-VK.transform_feedback.simple.multistreams_same_location_3	Pass	Pass
dEQP-VK.transform_feedback.simple.multistreams_same_location_3_ptsz	Pass	Pass
dEQP-VK.transform_feedback.simple.multistreams_same_location_6	NotSupported	maxTransformFeedbackStreams=4, while test requires 7 at vktTransformFeedbackSimpleTests.cpp:2353
dEQP-VK.transform_feedback.simple.multistreams_same_location_6_ptsz	NotSupported	maxTransformFeedbackStreams=4, while test requires 7 at vktTransformFeedbackSimpleTests.cpp:2353
dEQP-VK.transform_feedback.simple.shader_object_rebind	NotSupported	VK_EXT_shader_object is not supported at vktTestCase.cpp:1394
dEQP-VK.transform_feedback.simple.streams_1	Pass	Pass
dEQP-VK.transform_feedback.simple.streams_14	NotSupported	maxTransformFeedbackStreams=4, while test requires 15 at vktTransformFeedbackSimpleTests.cpp:2481
dEQP-VK.transform_feedback.simple.streams_14_ptsz	NotSupported	maxTransformFeedbackStreams=4, while test requires 15 at vktTransformFeedbackSimpleTests.cpp:2481
dEQP-VK.transform_feedback.simple.streams_1_ptsz	Pass	Pass
dEQP-VK.transform_feedback.simple.streams_3	Pass	Pass
dEQP-VK.transform_feedback.simple.streams_3_ptsz	Pass	Pass
dEQP-VK.transform_feedback.simple.streams_6	NotSupported	maxTransformFeedbackStreams=4, while test requires 7 at vktTransformFeedbackSimpleTests.cpp:2481
dEQP-VK.transform_feedback.simple.streams_6_ptsz	NotSupported	maxTransformFeedbackStreams=4, while test requires 7 at vktTransformFeedbackSimpleTests.cpp:2481
dEQP-VK.transform_feedback.simple.streams_clipdistance_1	Pass	Pass
dEQP-VK.transform_feedback.simple.streams_clipdistance_14	NotSupported	maxTransformFeedbackStreams=4, while test requires 15 at vktTransformFeedbackSimpleTests.cpp:2481
dEQP-VK.transform_feedback.simple.streams_clipdistance_14_ptsz	NotSupported	maxTransformFeedbackStreams=4, while test requires 15 at vktTransformFeedbackSimpleTests.cpp:2481
dEQP-VK.transform_feedback.simple.streams_clipdistance_1_ptsz	Pass	Pass
dEQP-VK.transform_feedback.simple.streams_clipdistance_3	Pass	Pass
dEQP-VK.transform_feedback.simple.streams_clipdistance_3_ptsz	Pass	Pass
dEQP-VK.transform_feedback.simple.streams_clipdistance_6	NotSupported	maxTransformFeedbackStreams=4, while test requires 7 at vktTransformFeedbackSimpleTests.cpp:2481
dEQP-VK.transform_feedback.simple.streams_clipdistance_6_ptsz	NotSupported	maxTransformFeedbackStreams=4, while test requires 7 at vktTransformFeedbackSimpleTests.cpp:2481
dEQP-VK.transform_feedback.simple.streams_culldistance_1	Pass	Pass
dEQP-VK.transform_feedback.simple.streams_culldistance_14	NotSupported	maxTransformFeedbackStreams=4, while test requires 15 at vktTransformFeedbackSimpleTests.cpp:2481
dEQP-VK.transform_feedback.simple.streams_culldistance_14_ptsz	NotSupported	maxTransformFeedbackStreams=4, while test requires 15 at vktTransformFeedbackSimpleTests.cpp:2481
dEQP-VK.transform_feedback.simple.streams_culldistance_1_ptsz	Pass	Pass
dEQP-VK.transform_feedback.simple.streams_culldistance_3	Pass	Pass
dEQP-VK.transform_feedback.simple.streams_culldistance_3_ptsz	Pass	Pass
dEQP-VK.transform_feedback.simple.streams_culldistance_6	NotSupported	maxTransformFeedbackStreams=4, while test requires 7 at vktTransformFeedbackSimpleTests.cpp:2481
dEQP-VK.transform_feedback.simple.streams_culldistance_6_ptsz	NotSupported	maxTransformFeedbackStreams=4, while test requires 7 at vktTransformFeedbackSimpleTests.cpp:2481
dEQP-VK.transform_feedback.simple.streams_pointsize_1	Pass	Pass
dEQP-VK.transform_feedback.simple.streams_pointsize_14	NotSupported	maxTransformFeedbackStreams=4, while test requires 15 at vktTransformFeedbackSimpleTests.cpp:2481
dEQP-VK.transform_feedback.simple.streams_pointsize_3	Pass	Pass
dEQP-VK.transform_feedback.simple.streams_pointsize_6	NotSupported	maxTransformFeedbackStreams=4, while test requires 7 at vktTransformFeedbackSimpleTests.cpp:2481
