dEQP-VK.pipeline.monolithic.input_assembly.misc.null_state_dynamic_primitive_rast_discard	NotSupported	dynamicPrimitiveTopologyUnrestricted not supported at vktPipelineInputAssemblyTests.cpp:2255
dEQP-VK.pipeline.monolithic.input_assembly.misc.null_state_dynamic_primitive_rast_discard_dynamic	NotSupported	dynamicPrimitiveTopologyUnrestricted not supported at vktPipelineInputAssemblyTests.cpp:2255
dEQP-VK.pipeline.monolithic.input_assembly.primitive_restart.index_type_uint16.divide_draw_line_list	Pass	Result image matches reference
dEQP-VK.pipeline.monolithic.input_assembly.primitive_restart.index_type_uint16.divide_draw_line_list_with_adjacency	NotSupported	Requested core feature is not supported: geometryShader at vktTestCase.cpp:1498
dEQP-VK.pipeline.monolithic.input_assembly.primitive_restart.index_type_uint16.divide_draw_patch_list	NotSupported	Primitive topology patch list restart feature not supported at vktPipelineInputAssemblyTests.cpp:777
dEQP-VK.pipeline.monolithic.input_assembly.primitive_restart.index_type_uint16.divide_draw_point_list	Pass	Result image matches reference
dEQP-VK.pipeline.monolithic.input_assembly.primitive_restart.index_type_uint16.divide_draw_triangle_list	Pass	Result image matches reference
dEQP-VK.pipeline.monolithic.input_assembly.primitive_restart.index_type_uint16.divide_draw_triangle_list_with_adjacency	NotSupported	Requested core feature is not supported: geometryShader at vktTestCase.cpp:1498
dEQP-VK.pipeline.monolithic.input_assembly.primitive_restart.index_type_uint16.line_list	Pass	Result image matches reference
dEQP-VK.pipeline.monolithic.input_assembly.primitive_restart.index_type_uint16.line_list_with_adjacency	NotSupported	Requested core feature is not supported: geometryShader at vktTestCase.cpp:1498
dEQP-VK.pipeline.monolithic.input_assembly.primitive_restart.index_type_uint16.line_strip	Pass	Result image matches reference
dEQP-VK.pipeline.monolithic.input_assembly.primitive_restart.index_type_uint16.line_strip_with_adjacency	NotSupported	Requested core feature is not supported: geometryShader at vktTestCase.cpp:1498
dEQP-VK.pipeline.monolithic.input_assembly.primitive_restart.index_type_uint16.no_restart_line_list	Pass	Result image matches reference
dEQP-VK.pipeline.monolithic.input_assembly.primitive_restart.index_type_uint16.no_restart_line_list_with_adjacency	NotSupported	Requested core feature is not supported: geometryShader at vktTestCase.cpp:1498
dEQP-VK.pipeline.monolithic.input_assembly.primitive_restart.index_type_uint16.no_restart_line_strip	Pass	Result image matches reference
dEQP-VK.pipeline.monolithic.input_assembly.primitive_restart.index_type_uint16.no_restart_line_strip_with_adjacency	NotSupported	Requested core feature is not supported: geometryShader at vktTestCase.cpp:1498
dEQP-VK.pipeline.monolithic.input_assembly.primitive_restart.index_type_uint16.no_restart_patch_list	NotSupported	Primitive topology patch list restart feature not supported at vktPipelineInputAssemblyTests.cpp:777
dEQP-VK.pipeline.monolithic.input_assembly.primitive_restart.index_type_uint16.no_restart_point_list	Pass	Result image matches reference
dEQP-VK.pipeline.monolithic.input_assembly.primitive_restart.index_type_uint16.no_restart_triangle_fan	Pass	Result image matches reference
dEQP-VK.pipeline.monolithic.input_assembly.primitive_restart.index_type_uint16.no_restart_triangle_list	Pass	Result image matches reference
dEQP-VK.pipeline.monolithic.input_assembly.primitive_restart.index_type_uint16.no_restart_triangle_list_with_adjacency	NotSupported	Requested core feature is not supported: geometryShader at vktTestCase.cpp:1498
dEQP-VK.pipeline.monolithic.input_assembly.primitive_restart.index_type_uint16.no_restart_triangle_strip	Pass	Result image matches reference
dEQP-VK.pipeline.monolithic.input_assembly.primitive_restart.index_type_uint16.no_restart_triangle_strip_with_adjacency	NotSupported	Requested core feature is not supported: geometryShader at vktTestCase.cpp:1498
dEQP-VK.pipeline.monolithic.input_assembly.primitive_restart.index_type_uint16.patch_list	NotSupported	Primitive topology patch list restart feature not supported at vktPipelineInputAssemblyTests.cpp:777
dEQP-VK.pipeline.monolithic.input_assembly.primitive_restart.index_type_uint16.point_list	Pass	Result image matches reference
dEQP-VK.pipeline.monolithic.input_assembly.primitive_restart.index_type_uint16.restart_all_line_list	Pass	Result image matches reference
dEQP-VK.pipeline.monolithic.input_assembly.primitive_restart.index_type_uint16.restart_all_line_list_with_adjacency	NotSupported	Requested core feature is not supported: geometryShader at vktTestCase.cpp:1498
dEQP-VK.pipeline.monolithic.input_assembly.primitive_restart.index_type_uint16.restart_all_line_strip	Pass	Result image matches reference
dEQP-VK.pipeline.monolithic.input_assembly.primitive_restart.index_type_uint16.restart_all_line_strip_with_adjacency	NotSupported	Requested core feature is not supported: geometryShader at vktTestCase.cpp:1498
dEQP-VK.pipeline.monolithic.input_assembly.primitive_restart.index_type_uint16.restart_all_patch_list	NotSupported	Primitive topology patch list restart feature not supported at vktPipelineInputAssemblyTests.cpp:777
dEQP-VK.pipeline.monolithic.input_assembly.primitive_restart.index_type_uint16.restart_all_triangle_fan	Pass	Result image matches reference
dEQP-VK.pipeline.monolithic.input_assembly.primitive_restart.index_type_uint16.restart_all_triangle_list	Pass	Result image matches reference
dEQP-VK.pipeline.monolithic.input_assembly.primitive_restart.index_type_uint16.restart_all_triangle_list_with_adjacency	NotSupported	Requested core feature is not supported: geometryShader at vktTestCase.cpp:1498
dEQP-VK.pipeline.monolithic.input_assembly.primitive_restart.index_type_uint16.restart_all_triangle_strip	Pass	Result image matches reference
dEQP-VK.pipeline.monolithic.input_assembly.primitive_restart.index_type_uint16.restart_all_triangle_strip_with_adjacency	NotSupported	Requested core feature is not supported: geometryShader at vktTestCase.cpp:1498
dEQP-VK.pipeline.monolithic.input_assembly.primitive_restart.index_type_uint16.restart_disabled_line_list	Pass	Pass
dEQP-VK.pipeline.monolithic.input_assembly.primitive_restart.index_type_uint16.restart_disabled_line_list_with_adjacency	NotSupported	Test requires unsupported features: Features.geometryShader at vktAmberTestCase.cpp:248
dEQP-VK.pipeline.monolithic.input_assembly.primitive_restart.index_type_uint16.restart_disabled_line_strip	Pass	Pass
dEQP-VK.pipeline.monolithic.input_assembly.primitive_restart.index_type_uint16.restart_disabled_line_strip_with_adjacency	NotSupported	Test requires unsupported features: Features.geometryShader at vktAmberTestCase.cpp:248
dEQP-VK.pipeline.monolithic.input_assembly.primitive_restart.index_type_uint16.restart_disabled_patch_list	Pass	Pass
dEQP-VK.pipeline.monolithic.input_assembly.primitive_restart.index_type_uint16.restart_disabled_point_list	Pass	Pass
dEQP-VK.pipeline.monolithic.input_assembly.primitive_restart.index_type_uint16.restart_disabled_triangle_fan	Pass	Pass
dEQP-VK.pipeline.monolithic.input_assembly.primitive_restart.index_type_uint16.restart_disabled_triangle_list	Pass	Pass
dEQP-VK.pipeline.monolithic.input_assembly.primitive_restart.index_type_uint16.restart_disabled_triangle_list_with_adjacency	NotSupported	Test requires unsupported features: Features.geometryShader at vktAmberTestCase.cpp:248
dEQP-VK.pipeline.monolithic.input_assembly.primitive_restart.index_type_uint16.restart_disabled_triangle_strip	Pass	Pass
dEQP-VK.pipeline.monolithic.input_assembly.primitive_restart.index_type_uint16.restart_disabled_triangle_strip_with_adjacency	NotSupported	Test requires unsupported features: Features.geometryShader at vktAmberTestCase.cpp:248
dEQP-VK.pipeline.monolithic.input_assembly.primitive_restart.index_type_uint16.second_pass_line_list	Pass	Result image matches reference
dEQP-VK.pipeline.monolithic.input_assembly.primitive_restart.index_type_uint16.second_pass_line_list_with_adjacency	NotSupported	Requested core feature is not supported: geometryShader at vktTestCase.cpp:1498
dEQP-VK.pipeline.monolithic.input_assembly.primitive_restart.index_type_uint16.second_pass_patch_list	NotSupported	Primitive topology patch list restart feature not supported at vktPipelineInputAssemblyTests.cpp:777
dEQP-VK.pipeline.monolithic.input_assembly.primitive_restart.index_type_uint16.second_pass_point_list	Pass	Result image matches reference
dEQP-VK.pipeline.monolithic.input_assembly.primitive_restart.index_type_uint16.second_pass_triangle_list	Pass	Result image matches reference
dEQP-VK.pipeline.monolithic.input_assembly.primitive_restart.index_type_uint16.second_pass_triangle_list_with_adjacency	NotSupported	Requested core feature is not supported: geometryShader at vktTestCase.cpp:1498
dEQP-VK.pipeline.monolithic.input_assembly.primitive_restart.index_type_uint16.triangle_fan	Pass	Result image matches reference
dEQP-VK.pipeline.monolithic.input_assembly.primitive_restart.index_type_uint16.triangle_list	Pass	Result image matches reference
dEQP-VK.pipeline.monolithic.input_assembly.primitive_restart.index_type_uint16.triangle_list_with_adjacency	NotSupported	Requested core feature is not supported: geometryShader at vktTestCase.cpp:1498
dEQP-VK.pipeline.monolithic.input_assembly.primitive_restart.index_type_uint16.triangle_strip	Pass	Result image matches reference
dEQP-VK.pipeline.monolithic.input_assembly.primitive_restart.index_type_uint16.triangle_strip_with_adjacency	NotSupported	Requested core feature is not supported: geometryShader at vktTestCase.cpp:1498
dEQP-VK.pipeline.monolithic.input_assembly.primitive_restart.index_type_uint32.divide_draw_line_list	Pass	Result image matches reference
dEQP-VK.pipeline.monolithic.input_assembly.primitive_restart.index_type_uint32.divide_draw_line_list_with_adjacency	NotSupported	Requested core feature is not supported: geometryShader at vktTestCase.cpp:1498
dEQP-VK.pipeline.monolithic.input_assembly.primitive_restart.index_type_uint32.divide_draw_patch_list	NotSupported	Primitive topology patch list restart feature not supported at vktPipelineInputAssemblyTests.cpp:777
dEQP-VK.pipeline.monolithic.input_assembly.primitive_restart.index_type_uint32.divide_draw_point_list	Pass	Result image matches reference
dEQP-VK.pipeline.monolithic.input_assembly.primitive_restart.index_type_uint32.divide_draw_triangle_list	Pass	Result image matches reference
dEQP-VK.pipeline.monolithic.input_assembly.primitive_restart.index_type_uint32.divide_draw_triangle_list_with_adjacency	NotSupported	Requested core feature is not supported: geometryShader at vktTestCase.cpp:1498
dEQP-VK.pipeline.monolithic.input_assembly.primitive_restart.index_type_uint32.line_list	Pass	Result image matches reference
dEQP-VK.pipeline.monolithic.input_assembly.primitive_restart.index_type_uint32.line_list_with_adjacency	NotSupported	Requested core feature is not supported: geometryShader at vktTestCase.cpp:1498
dEQP-VK.pipeline.monolithic.input_assembly.primitive_restart.index_type_uint32.line_strip	Pass	Result image matches reference
dEQP-VK.pipeline.monolithic.input_assembly.primitive_restart.index_type_uint32.line_strip_with_adjacency	NotSupported	Requested core feature is not supported: geometryShader at vktTestCase.cpp:1498
dEQP-VK.pipeline.monolithic.input_assembly.primitive_restart.index_type_uint32.no_restart_line_list	Pass	Result image matches reference
dEQP-VK.pipeline.monolithic.input_assembly.primitive_restart.index_type_uint32.no_restart_line_list_with_adjacency	NotSupported	Requested core feature is not supported: geometryShader at vktTestCase.cpp:1498
dEQP-VK.pipeline.monolithic.input_assembly.primitive_restart.index_type_uint32.no_restart_line_strip	Pass	Result image matches reference
dEQP-VK.pipeline.monolithic.input_assembly.primitive_restart.index_type_uint32.no_restart_line_strip_with_adjacency	NotSupported	Requested core feature is not supported: geometryShader at vktTestCase.cpp:1498
dEQP-VK.pipeline.monolithic.input_assembly.primitive_restart.index_type_uint32.no_restart_patch_list	NotSupported	Primitive topology patch list restart feature not supported at vktPipelineInputAssemblyTests.cpp:777
dEQP-VK.pipeline.monolithic.input_assembly.primitive_restart.index_type_uint32.no_restart_point_list	Pass	Result image matches reference
dEQP-VK.pipeline.monolithic.input_assembly.primitive_restart.index_type_uint32.no_restart_triangle_fan	Pass	Result image matches reference
dEQP-VK.pipeline.monolithic.input_assembly.primitive_restart.index_type_uint32.no_restart_triangle_list	Pass	Result image matches reference
dEQP-VK.pipeline.monolithic.input_assembly.primitive_restart.index_type_uint32.no_restart_triangle_list_with_adjacency	NotSupported	Requested core feature is not supported: geometryShader at vktTestCase.cpp:1498
dEQP-VK.pipeline.monolithic.input_assembly.primitive_restart.index_type_uint32.no_restart_triangle_strip	Pass	Result image matches reference
dEQP-VK.pipeline.monolithic.input_assembly.primitive_restart.index_type_uint32.no_restart_triangle_strip_with_adjacency	NotSupported	Requested core feature is not supported: geometryShader at vktTestCase.cpp:1498
dEQP-VK.pipeline.monolithic.input_assembly.primitive_restart.index_type_uint32.patch_list	NotSupported	Primitive topology patch list restart feature not supported at vktPipelineInputAssemblyTests.cpp:777
dEQP-VK.pipeline.monolithic.input_assembly.primitive_restart.index_type_uint32.point_list	Pass	Result image matches reference
dEQP-VK.pipeline.monolithic.input_assembly.primitive_restart.index_type_uint32.restart_all_line_list	Pass	Result image matches reference
dEQP-VK.pipeline.monolithic.input_assembly.primitive_restart.index_type_uint32.restart_all_line_list_with_adjacency	NotSupported	Requested core feature is not supported: geometryShader at vktTestCase.cpp:1498
dEQP-VK.pipeline.monolithic.input_assembly.primitive_restart.index_type_uint32.restart_all_line_strip	Pass	Result image matches reference
dEQP-VK.pipeline.monolithic.input_assembly.primitive_restart.index_type_uint32.restart_all_line_strip_with_adjacency	NotSupported	Requested core feature is not supported: geometryShader at vktTestCase.cpp:1498
dEQP-VK.pipeline.monolithic.input_assembly.primitive_restart.index_type_uint32.restart_all_patch_list	NotSupported	Primitive topology patch list restart feature not supported at vktPipelineInputAssemblyTests.cpp:777
dEQP-VK.pipeline.monolithic.input_assembly.primitive_restart.index_type_uint32.restart_all_triangle_fan	Pass	Result image matches reference
dEQP-VK.pipeline.monolithic.input_assembly.primitive_restart.index_type_uint32.restart_all_triangle_list	Pass	Result image matches reference
dEQP-VK.pipeline.monolithic.input_assembly.primitive_restart.index_type_uint32.restart_all_triangle_list_with_adjacency	NotSupported	Requested core feature is not supported: geometryShader at vktTestCase.cpp:1498
dEQP-VK.pipeline.monolithic.input_assembly.primitive_restart.index_type_uint32.restart_all_triangle_strip	Pass	Result image matches reference
dEQP-VK.pipeline.monolithic.input_assembly.primitive_restart.index_type_uint32.restart_all_triangle_strip_with_adjacency	NotSupported	Requested core feature is not supported: geometryShader at vktTestCase.cpp:1498
dEQP-VK.pipeline.monolithic.input_assembly.primitive_restart.index_type_uint32.second_pass_line_list	Pass	Result image matches reference
dEQP-VK.pipeline.monolithic.input_assembly.primitive_restart.index_type_uint32.second_pass_line_list_with_adjacency	NotSupported	Requested core feature is not supported: geometryShader at vktTestCase.cpp:1498
dEQP-VK.pipeline.monolithic.input_assembly.primitive_restart.index_type_uint32.second_pass_patch_list	NotSupported	Primitive topology patch list restart feature not supported at vktPipelineInputAssemblyTests.cpp:777
dEQP-VK.pipeline.monolithic.input_assembly.primitive_restart.index_type_uint32.second_pass_point_list	Pass	Result image matches reference
dEQP-VK.pipeline.monolithic.input_assembly.primitive_restart.index_type_uint32.second_pass_triangle_list	Pass	Result image matches reference
dEQP-VK.pipeline.monolithic.input_assembly.primitive_restart.index_type_uint32.second_pass_triangle_list_with_adjacency	NotSupported	Requested core feature is not supported: geometryShader at vktTestCase.cpp:1498
dEQP-VK.pipeline.monolithic.input_assembly.primitive_restart.index_type_uint32.triangle_fan	Pass	Result image matches reference
dEQP-VK.pipeline.monolithic.input_assembly.primitive_restart.index_type_uint32.triangle_list	Pass	Result image matches reference
dEQP-VK.pipeline.monolithic.input_assembly.primitive_restart.index_type_uint32.triangle_list_with_adjacency	NotSupported	Requested core feature is not supported: geometryShader at vktTestCase.cpp:1498
dEQP-VK.pipeline.monolithic.input_assembly.primitive_restart.index_type_uint32.triangle_strip	Pass	Result image matches reference
dEQP-VK.pipeline.monolithic.input_assembly.primitive_restart.index_type_uint32.triangle_strip_with_adjacency	NotSupported	Requested core feature is not supported: geometryShader at vktTestCase.cpp:1498
dEQP-VK.pipeline.monolithic.input_assembly.primitive_restart.index_type_uint8.divide_draw_line_list	Pass	Result image matches reference
dEQP-VK.pipeline.monolithic.input_assembly.primitive_restart.index_type_uint8.divide_draw_line_list_with_adjacency	NotSupported	Requested core feature is not supported: geometryShader at vktTestCase.cpp:1498
dEQP-VK.pipeline.monolithic.input_assembly.primitive_restart.index_type_uint8.divide_draw_patch_list	NotSupported	Primitive topology patch list restart feature not supported at vktPipelineInputAssemblyTests.cpp:777
dEQP-VK.pipeline.monolithic.input_assembly.primitive_restart.index_type_uint8.divide_draw_point_list	Pass	Result image matches reference
dEQP-VK.pipeline.monolithic.input_assembly.primitive_restart.index_type_uint8.divide_draw_triangle_list	Pass	Result image matches reference
dEQP-VK.pipeline.monolithic.input_assembly.primitive_restart.index_type_uint8.divide_draw_triangle_list_with_adjacency	NotSupported	Requested core feature is not supported: geometryShader at vktTestCase.cpp:1498
dEQP-VK.pipeline.monolithic.input_assembly.primitive_restart.index_type_uint8.line_list	Pass	Result image matches reference
dEQP-VK.pipeline.monolithic.input_assembly.primitive_restart.index_type_uint8.line_list_with_adjacency	NotSupported	Requested core feature is not supported: geometryShader at vktTestCase.cpp:1498
dEQP-VK.pipeline.monolithic.input_assembly.primitive_restart.index_type_uint8.line_strip	Pass	Result image matches reference
dEQP-VK.pipeline.monolithic.input_assembly.primitive_restart.index_type_uint8.line_strip_with_adjacency	NotSupported	Requested core feature is not supported: geometryShader at vktTestCase.cpp:1498
dEQP-VK.pipeline.monolithic.input_assembly.primitive_restart.index_type_uint8.no_restart_line_list	Pass	Result image matches reference
dEQP-VK.pipeline.monolithic.input_assembly.primitive_restart.index_type_uint8.no_restart_line_list_with_adjacency	NotSupported	Requested core feature is not supported: geometryShader at vktTestCase.cpp:1498
dEQP-VK.pipeline.monolithic.input_assembly.primitive_restart.index_type_uint8.no_restart_line_strip	Pass	Result image matches reference
dEQP-VK.pipeline.monolithic.input_assembly.primitive_restart.index_type_uint8.no_restart_line_strip_with_adjacency	NotSupported	Requested core feature is not supported: geometryShader at vktTestCase.cpp:1498
dEQP-VK.pipeline.monolithic.input_assembly.primitive_restart.index_type_uint8.no_restart_patch_list	NotSupported	Primitive topology patch list restart feature not supported at vktPipelineInputAssemblyTests.cpp:777
dEQP-VK.pipeline.monolithic.input_assembly.primitive_restart.index_type_uint8.no_restart_point_list	Pass	Result image matches reference
dEQP-VK.pipeline.monolithic.input_assembly.primitive_restart.index_type_uint8.no_restart_triangle_fan	Pass	Result image matches reference
dEQP-VK.pipeline.monolithic.input_assembly.primitive_restart.index_type_uint8.no_restart_triangle_list	Pass	Result image matches reference
dEQP-VK.pipeline.monolithic.input_assembly.primitive_restart.index_type_uint8.no_restart_triangle_list_with_adjacency	NotSupported	Requested core feature is not supported: geometryShader at vktTestCase.cpp:1498
dEQP-VK.pipeline.monolithic.input_assembly.primitive_restart.index_type_uint8.no_restart_triangle_strip	Pass	Result image matches reference
dEQP-VK.pipeline.monolithic.input_assembly.primitive_restart.index_type_uint8.no_restart_triangle_strip_with_adjacency	NotSupported	Requested core feature is not supported: geometryShader at vktTestCase.cpp:1498
dEQP-VK.pipeline.monolithic.input_assembly.primitive_restart.index_type_uint8.patch_list	NotSupported	Primitive topology patch list restart feature not supported at vktPipelineInputAssemblyTests.cpp:777
dEQP-VK.pipeline.monolithic.input_assembly.primitive_restart.index_type_uint8.point_list	Pass	Result image matches reference
dEQP-VK.pipeline.monolithic.input_assembly.primitive_restart.index_type_uint8.restart_all_line_list	Pass	Result image matches reference
dEQP-VK.pipeline.monolithic.input_assembly.primitive_restart.index_type_uint8.restart_all_line_list_with_adjacency	NotSupported	Requested core feature is not supported: geometryShader at vktTestCase.cpp:1498
dEQP-VK.pipeline.monolithic.input_assembly.primitive_restart.index_type_uint8.restart_all_line_strip	Pass	Result image matches reference
dEQP-VK.pipeline.monolithic.input_assembly.primitive_restart.index_type_uint8.restart_all_line_strip_with_adjacency	NotSupported	Requested core feature is not supported: geometryShader at vktTestCase.cpp:1498
dEQP-VK.pipeline.monolithic.input_assembly.primitive_restart.index_type_uint8.restart_all_patch_list	NotSupported	Primitive topology patch list restart feature not supported at vktPipelineInputAssemblyTests.cpp:777
dEQP-VK.pipeline.monolithic.input_assembly.primitive_restart.index_type_uint8.restart_all_triangle_fan	Pass	Result image matches reference
dEQP-VK.pipeline.monolithic.input_assembly.primitive_restart.index_type_uint8.restart_all_triangle_list	Pass	Result image matches reference
dEQP-VK.pipeline.monolithic.input_assembly.primitive_restart.index_type_uint8.restart_all_triangle_list_with_adjacency	NotSupported	Requested core feature is not supported: geometryShader at vktTestCase.cpp:1498
dEQP-VK.pipeline.monolithic.input_assembly.primitive_restart.index_type_uint8.restart_all_triangle_strip	Pass	Result image matches reference
dEQP-VK.pipeline.monolithic.input_assembly.primitive_restart.index_type_uint8.restart_all_triangle_strip_with_adjacency	NotSupported	Requested core feature is not supported: geometryShader at vktTestCase.cpp:1498
dEQP-VK.pipeline.monolithic.input_assembly.primitive_restart.index_type_uint8.restart_disabled_line_list	Pass	Pass
dEQP-VK.pipeline.monolithic.input_assembly.primitive_restart.index_type_uint8.restart_disabled_line_list_with_adjacency	NotSupported	Test requires unsupported features: Features.geometryShader at vktAmberTestCase.cpp:248
dEQP-VK.pipeline.monolithic.input_assembly.primitive_restart.index_type_uint8.restart_disabled_line_strip	Pass	Pass
dEQP-VK.pipeline.monolithic.input_assembly.primitive_restart.index_type_uint8.restart_disabled_line_strip_with_adjacency	NotSupported	Test requires unsupported features: Features.geometryShader at vktAmberTestCase.cpp:248
dEQP-VK.pipeline.monolithic.input_assembly.primitive_restart.index_type_uint8.restart_disabled_patch_list	Pass	Pass
dEQP-VK.pipeline.monolithic.input_assembly.primitive_restart.index_type_uint8.restart_disabled_point_list	Pass	Pass
dEQP-VK.pipeline.monolithic.input_assembly.primitive_restart.index_type_uint8.restart_disabled_triangle_fan	Pass	Pass
dEQP-VK.pipeline.monolithic.input_assembly.primitive_restart.index_type_uint8.restart_disabled_triangle_list	Pass	Pass
dEQP-VK.pipeline.monolithic.input_assembly.primitive_restart.index_type_uint8.restart_disabled_triangle_list_with_adjacency	NotSupported	Test requires unsupported features: Features.geometryShader at vktAmberTestCase.cpp:248
dEQP-VK.pipeline.monolithic.input_assembly.primitive_restart.index_type_uint8.restart_disabled_triangle_strip	Pass	Pass
dEQP-VK.pipeline.monolithic.input_assembly.primitive_restart.index_type_uint8.restart_disabled_triangle_strip_with_adjacency	NotSupported	Test requires unsupported features: Features.geometryShader at vktAmberTestCase.cpp:248
dEQP-VK.pipeline.monolithic.input_assembly.primitive_restart.index_type_uint8.second_pass_line_list	Pass	Result image matches reference
dEQP-VK.pipeline.monolithic.input_assembly.primitive_restart.index_type_uint8.second_pass_line_list_with_adjacency	NotSupported	Requested core feature is not supported: geometryShader at vktTestCase.cpp:1498
dEQP-VK.pipeline.monolithic.input_assembly.primitive_restart.index_type_uint8.second_pass_patch_list	NotSupported	Primitive topology patch list restart feature not supported at vktPipelineInputAssemblyTests.cpp:777
dEQP-VK.pipeline.monolithic.input_assembly.primitive_restart.index_type_uint8.second_pass_point_list	Pass	Result image matches reference
dEQP-VK.pipeline.monolithic.input_assembly.primitive_restart.index_type_uint8.second_pass_triangle_list	Pass	Result image matches reference
dEQP-VK.pipeline.monolithic.input_assembly.primitive_restart.index_type_uint8.second_pass_triangle_list_with_adjacency	NotSupported	Requested core feature is not supported: geometryShader at vktTestCase.cpp:1498
dEQP-VK.pipeline.monolithic.input_assembly.primitive_restart.index_type_uint8.triangle_fan	Pass	Result image matches reference
dEQP-VK.pipeline.monolithic.input_assembly.primitive_restart.index_type_uint8.triangle_list	Pass	Result image matches reference
dEQP-VK.pipeline.monolithic.input_assembly.primitive_restart.index_type_uint8.triangle_list_with_adjacency	NotSupported	Requested core feature is not supported: geometryShader at vktTestCase.cpp:1498
dEQP-VK.pipeline.monolithic.input_assembly.primitive_restart.index_type_uint8.triangle_strip	Pass	Result image matches reference
dEQP-VK.pipeline.monolithic.input_assembly.primitive_restart.index_type_uint8.triangle_strip_with_adjacency	NotSupported	Requested core feature is not supported: geometryShader at vktTestCase.cpp:1498
dEQP-VK.pipeline.monolithic.input_assembly.primitive_restart.restart_mix.restart_mix	Pass	Pass
dEQP-VK.pipeline.monolithic.input_assembly.primitive_restart.restart_mix.restart_mix_dynamic_topo	Pass	Pass
dEQP-VK.pipeline.monolithic.input_assembly.primitive_restart.restart_mix.restart_mix_extra_draw	Pass	Pass
dEQP-VK.pipeline.monolithic.input_assembly.primitive_restart.restart_mix.restart_mix_extra_draw_dynamic_topo	Pass	Pass
dEQP-VK.pipeline.monolithic.input_assembly.primitive_restart.restart_mix.restart_mix_extra_draw_triangle_list	Pass	Pass
dEQP-VK.pipeline.monolithic.input_assembly.primitive_restart.restart_mix.restart_mix_extra_draw_triangle_list_dynamic_topo	Pass	Pass
dEQP-VK.pipeline.monolithic.input_assembly.primitive_restart.restart_mix.restart_mix_extra_draw_triangle_list_dynamic_topo_large_non_indexed_draw	Pass	Pass
dEQP-VK.pipeline.monolithic.input_assembly.primitive_restart.restart_mix.restart_mix_extra_draw_triangle_list_large_non_indexed_draw	Pass	Pass
dEQP-VK.pipeline.monolithic.input_assembly.primitive_restart.restart_mix.restart_mix_triangle_list	Pass	Pass
dEQP-VK.pipeline.monolithic.input_assembly.primitive_restart.restart_mix.restart_mix_triangle_list_dynamic_topo	Pass	Pass
dEQP-VK.pipeline.monolithic.input_assembly.primitive_restart.restart_mix.restart_mix_triangle_list_dynamic_topo_large_non_indexed_draw	Pass	Pass
dEQP-VK.pipeline.monolithic.input_assembly.primitive_restart.restart_mix.restart_mix_triangle_list_large_non_indexed_draw	Pass	Pass
dEQP-VK.pipeline.monolithic.input_assembly.primitive_topology.index_type_uint16.line_list	Pass	Result image matches reference
dEQP-VK.pipeline.monolithic.input_assembly.primitive_topology.index_type_uint16.line_list_with_adjacency	NotSupported	Requested core feature is not supported: geometryShader at vktTestCase.cpp:1498
dEQP-VK.pipeline.monolithic.input_assembly.primitive_topology.index_type_uint16.line_strip	Pass	Result image matches reference
dEQP-VK.pipeline.monolithic.input_assembly.primitive_topology.index_type_uint16.line_strip_with_adjacency	NotSupported	Requested core feature is not supported: geometryShader at vktTestCase.cpp:1498
dEQP-VK.pipeline.monolithic.input_assembly.primitive_topology.index_type_uint16.point_list	Pass	Result image matches reference
dEQP-VK.pipeline.monolithic.input_assembly.primitive_topology.index_type_uint16.triangle_fan	Pass	Result image matches reference
dEQP-VK.pipeline.monolithic.input_assembly.primitive_topology.index_type_uint16.triangle_list	Pass	Result image matches reference
dEQP-VK.pipeline.monolithic.input_assembly.primitive_topology.index_type_uint16.triangle_list_with_adjacency	NotSupported	Requested core feature is not supported: geometryShader at vktTestCase.cpp:1498
dEQP-VK.pipeline.monolithic.input_assembly.primitive_topology.index_type_uint16.triangle_strip	Pass	Result image matches reference
dEQP-VK.pipeline.monolithic.input_assembly.primitive_topology.index_type_uint16.triangle_strip_with_adjacency	NotSupported	Requested core feature is not supported: geometryShader at vktTestCase.cpp:1498
dEQP-VK.pipeline.monolithic.input_assembly.primitive_topology.index_type_uint32.line_list	Pass	Result image matches reference
dEQP-VK.pipeline.monolithic.input_assembly.primitive_topology.index_type_uint32.line_list_with_adjacency	NotSupported	Requested core feature is not supported: geometryShader at vktTestCase.cpp:1498
dEQP-VK.pipeline.monolithic.input_assembly.primitive_topology.index_type_uint32.line_strip	Pass	Result image matches reference
dEQP-VK.pipeline.monolithic.input_assembly.primitive_topology.index_type_uint32.line_strip_with_adjacency	NotSupported	Requested core feature is not supported: geometryShader at vktTestCase.cpp:1498
dEQP-VK.pipeline.monolithic.input_assembly.primitive_topology.index_type_uint32.point_list	Pass	Result image matches reference
dEQP-VK.pipeline.monolithic.input_assembly.primitive_topology.index_type_uint32.triangle_fan	Pass	Result image matches reference
dEQP-VK.pipeline.monolithic.input_assembly.primitive_topology.index_type_uint32.triangle_list	Pass	Result image matches reference
dEQP-VK.pipeline.monolithic.input_assembly.primitive_topology.index_type_uint32.triangle_list_with_adjacency	NotSupported	Requested core feature is not supported: geometryShader at vktTestCase.cpp:1498
dEQP-VK.pipeline.monolithic.input_assembly.primitive_topology.index_type_uint32.triangle_strip	Pass	Result image matches reference
dEQP-VK.pipeline.monolithic.input_assembly.primitive_topology.index_type_uint32.triangle_strip_with_adjacency	NotSupported	Requested core feature is not supported: geometryShader at vktTestCase.cpp:1498
dEQP-VK.pipeline.monolithic.input_assembly.primitive_topology.index_type_uint8.line_list	Pass	Result image matches reference
dEQP-VK.pipeline.monolithic.input_assembly.primitive_topology.index_type_uint8.line_list_with_adjacency	NotSupported	Requested core feature is not supported: geometryShader at vktTestCase.cpp:1498
dEQP-VK.pipeline.monolithic.input_assembly.primitive_topology.index_type_uint8.line_strip	Pass	Result image matches reference
dEQP-VK.pipeline.monolithic.input_assembly.primitive_topology.index_type_uint8.line_strip_with_adjacency	NotSupported	Requested core feature is not supported: geometryShader at vktTestCase.cpp:1498
dEQP-VK.pipeline.monolithic.input_assembly.primitive_topology.index_type_uint8.point_list	Pass	Result image matches reference
dEQP-VK.pipeline.monolithic.input_assembly.primitive_topology.index_type_uint8.triangle_fan	Pass	Result image matches reference
dEQP-VK.pipeline.monolithic.input_assembly.primitive_topology.index_type_uint8.triangle_list	Pass	Result image matches reference
dEQP-VK.pipeline.monolithic.input_assembly.primitive_topology.index_type_uint8.triangle_list_with_adjacency	NotSupported	Requested core feature is not supported: geometryShader at vktTestCase.cpp:1498
dEQP-VK.pipeline.monolithic.input_assembly.primitive_topology.index_type_uint8.triangle_strip	Pass	Result image matches reference
dEQP-VK.pipeline.monolithic.input_assembly.primitive_topology.index_type_uint8.triangle_strip_with_adjacency	NotSupported	Requested core feature is not supported: geometryShader at vktTestCase.cpp:1498
