dEQP-VK.tessellation.misc_draw.fill_cover_quads_equal_spacing_draw_indirect	Fail	Failure
dEQP-VK.tessellation.misc_draw.fill_cover_quads_fractional_even_spacing_draw_indirect	Fail	Failure
dEQP-VK.tessellation.misc_draw.fill_cover_quads_fractional_odd_spacing_draw_indirect	Fail	Failure
dEQP-VK.tessellation.misc_draw.fill_cover_triangles_equal_spacing_draw_indirect	Fail	Failure
dEQP-VK.tessellation.misc_draw.fill_cover_triangles_fractional_even_spacing_draw_indirect	Fail	Failure
dEQP-VK.tessellation.misc_draw.fill_cover_triangles_fractional_odd_spacing_draw_indirect	Fail	Failure
dEQP-VK.tessellation.misc_draw.fill_overlap_quads_equal_spacing_draw_indirect	Fail	Failure
dEQP-VK.tessellation.misc_draw.fill_overlap_quads_fractional_even_spacing_draw_indirect	Fail	Failure
dEQP-VK.tessellation.misc_draw.fill_overlap_quads_fractional_odd_spacing_draw_indirect	Fail	Failure
dEQP-VK.tessellation.misc_draw.fill_overlap_triangles_equal_spacing_draw_indirect	Fail	Failure
dEQP-VK.tessellation.misc_draw.fill_overlap_triangles_fractional_even_spacing_draw_indirect	Fail	Failure
dEQP-VK.tessellation.misc_draw.fill_overlap_triangles_fractional_odd_spacing_draw_indirect	Fail	Failure
dEQP-VK.tessellation.misc_draw.isolines_equal_spacing_draw_indirect	Fail	Failure
dEQP-VK.tessellation.misc_draw.isolines_fractional_even_spacing_draw_indirect	Fail	Failure
dEQP-VK.tessellation.misc_draw.isolines_fractional_odd_spacing_draw_indirect	Fail	Failure
dEQP-VK.tessellation.misc_draw.non_zero_vertex_instance_indirect_draw	Fail	Unexpectd results in color buffer; check log for details -- at vktTessellationMiscDrawTests.cpp:2623
