dEQP-VK.glsl.atomic_operations.add_f16vec2_geometry	NotSupported	VK_NV_shader_atomic_float16_vector is not supported at vktTestCase.cpp:1394
dEQP-VK.glsl.atomic_operations.add_f16vec2_geometry_reference	NotSupported	VK_NV_shader_atomic_float16_vector is not supported at vktTestCase.cpp:1394
dEQP-VK.glsl.atomic_operations.add_f16vec2_tess_ctrl	NotSupported	VK_NV_shader_atomic_float16_vector is not supported at vktTestCase.cpp:1394
dEQP-VK.glsl.atomic_operations.add_f16vec2_tess_ctrl_reference	NotSupported	VK_NV_shader_atomic_float16_vector is not supported at vktTestCase.cpp:1394
dEQP-VK.glsl.atomic_operations.add_f16vec2_tess_eval	NotSupported	VK_NV_shader_atomic_float16_vector is not supported at vktTestCase.cpp:1394
dEQP-VK.glsl.atomic_operations.add_f16vec2_tess_eval_reference	NotSupported	VK_NV_shader_atomic_float16_vector is not supported at vktTestCase.cpp:1394
dEQP-VK.glsl.atomic_operations.add_f16vec2_vertex	NotSupported	VK_NV_shader_atomic_float16_vector is not supported at vktTestCase.cpp:1394
dEQP-VK.glsl.atomic_operations.add_f16vec2_vertex_reference	NotSupported	VK_NV_shader_atomic_float16_vector is not supported at vktTestCase.cpp:1394
dEQP-VK.glsl.atomic_operations.add_f16vec4_geometry	NotSupported	VK_NV_shader_atomic_float16_vector is not supported at vktTestCase.cpp:1394
dEQP-VK.glsl.atomic_operations.add_f16vec4_geometry_reference	NotSupported	VK_NV_shader_atomic_float16_vector is not supported at vktTestCase.cpp:1394
dEQP-VK.glsl.atomic_operations.add_f16vec4_tess_ctrl	NotSupported	VK_NV_shader_atomic_float16_vector is not supported at vktTestCase.cpp:1394
dEQP-VK.glsl.atomic_operations.add_f16vec4_tess_ctrl_reference	NotSupported	VK_NV_shader_atomic_float16_vector is not supported at vktTestCase.cpp:1394
dEQP-VK.glsl.atomic_operations.add_f16vec4_tess_eval	NotSupported	VK_NV_shader_atomic_float16_vector is not supported at vktTestCase.cpp:1394
dEQP-VK.glsl.atomic_operations.add_f16vec4_tess_eval_reference	NotSupported	VK_NV_shader_atomic_float16_vector is not supported at vktTestCase.cpp:1394
dEQP-VK.glsl.atomic_operations.add_f16vec4_vertex	NotSupported	VK_NV_shader_atomic_float16_vector is not supported at vktTestCase.cpp:1394
dEQP-VK.glsl.atomic_operations.add_f16vec4_vertex_reference	NotSupported	VK_NV_shader_atomic_float16_vector is not supported at vktTestCase.cpp:1394
dEQP-VK.glsl.atomic_operations.add_float16_geometry	NotSupported	VK_EXT_shader_atomic_float2 is not supported at vktTestCase.cpp:1394
dEQP-VK.glsl.atomic_operations.add_float16_geometry_reference	NotSupported	VK_EXT_shader_atomic_float2 is not supported at vktTestCase.cpp:1394
dEQP-VK.glsl.atomic_operations.add_float16_tess_ctrl	NotSupported	VK_EXT_shader_atomic_float2 is not supported at vktTestCase.cpp:1394
dEQP-VK.glsl.atomic_operations.add_float16_tess_ctrl_reference	NotSupported	VK_EXT_shader_atomic_float2 is not supported at vktTestCase.cpp:1394
dEQP-VK.glsl.atomic_operations.add_float16_tess_eval	NotSupported	VK_EXT_shader_atomic_float2 is not supported at vktTestCase.cpp:1394
dEQP-VK.glsl.atomic_operations.add_float16_tess_eval_reference	NotSupported	VK_EXT_shader_atomic_float2 is not supported at vktTestCase.cpp:1394
dEQP-VK.glsl.atomic_operations.add_float16_vertex	NotSupported	VK_EXT_shader_atomic_float2 is not supported at vktTestCase.cpp:1394
dEQP-VK.glsl.atomic_operations.add_float16_vertex_reference	NotSupported	VK_EXT_shader_atomic_float2 is not supported at vktTestCase.cpp:1394
dEQP-VK.glsl.atomic_operations.add_float32_geometry	NotSupported	VkShaderAtomicFloat32: 32-bit floating point buffer add atomic operation not supported at vktAtomicOperationTests.cpp:1174
dEQP-VK.glsl.atomic_operations.add_float32_geometry_reference	NotSupported	VkShaderAtomicFloat32: 32-bit floating point buffer add atomic operation not supported at vktAtomicOperationTests.cpp:1174
dEQP-VK.glsl.atomic_operations.add_float32_tess_ctrl	NotSupported	VkShaderAtomicFloat32: 32-bit floating point buffer add atomic operation not supported at vktAtomicOperationTests.cpp:1174
dEQP-VK.glsl.atomic_operations.add_float32_tess_ctrl_reference	NotSupported	VkShaderAtomicFloat32: 32-bit floating point buffer add atomic operation not supported at vktAtomicOperationTests.cpp:1174
dEQP-VK.glsl.atomic_operations.add_float32_tess_eval	NotSupported	VkShaderAtomicFloat32: 32-bit floating point buffer add atomic operation not supported at vktAtomicOperationTests.cpp:1174
dEQP-VK.glsl.atomic_operations.add_float32_tess_eval_reference	NotSupported	VkShaderAtomicFloat32: 32-bit floating point buffer add atomic operation not supported at vktAtomicOperationTests.cpp:1174
dEQP-VK.glsl.atomic_operations.add_float32_vertex	NotSupported	VkShaderAtomicFloat32: 32-bit floating point buffer add atomic operation not supported at vktAtomicOperationTests.cpp:1174
dEQP-VK.glsl.atomic_operations.add_float32_vertex_reference	NotSupported	VkShaderAtomicFloat32: 32-bit floating point buffer add atomic operation not supported at vktAtomicOperationTests.cpp:1174
dEQP-VK.glsl.atomic_operations.add_float64_geometry	NotSupported	VkShaderAtomicFloat64: 64-bit floating point buffer add atomic operation not supported at vktAtomicOperationTests.cpp:1241
dEQP-VK.glsl.atomic_operations.add_float64_geometry_reference	NotSupported	VkShaderAtomicFloat64: 64-bit floating point buffer add atomic operation not supported at vktAtomicOperationTests.cpp:1241
dEQP-VK.glsl.atomic_operations.add_float64_tess_ctrl	NotSupported	VkShaderAtomicFloat64: 64-bit floating point buffer add atomic operation not supported at vktAtomicOperationTests.cpp:1241
dEQP-VK.glsl.atomic_operations.add_float64_tess_ctrl_reference	NotSupported	VkShaderAtomicFloat64: 64-bit floating point buffer add atomic operation not supported at vktAtomicOperationTests.cpp:1241
dEQP-VK.glsl.atomic_operations.add_float64_tess_eval	NotSupported	VkShaderAtomicFloat64: 64-bit floating point buffer add atomic operation not supported at vktAtomicOperationTests.cpp:1241
dEQP-VK.glsl.atomic_operations.add_float64_tess_eval_reference	NotSupported	VkShaderAtomicFloat64: 64-bit floating point buffer add atomic operation not supported at vktAtomicOperationTests.cpp:1241
dEQP-VK.glsl.atomic_operations.add_float64_vertex	NotSupported	VkShaderAtomicFloat64: 64-bit floating point buffer add atomic operation not supported at vktAtomicOperationTests.cpp:1241
dEQP-VK.glsl.atomic_operations.add_float64_vertex_reference	NotSupported	VkShaderAtomicFloat64: 64-bit floating point buffer add atomic operation not supported at vktAtomicOperationTests.cpp:1241
dEQP-VK.glsl.atomic_operations.add_signed64bit_geometry	Pass	Pass
dEQP-VK.glsl.atomic_operations.add_signed64bit_geometry_reference	Pass	Pass
dEQP-VK.glsl.atomic_operations.add_signed64bit_tess_ctrl	Pass	Pass
dEQP-VK.glsl.atomic_operations.add_signed64bit_tess_ctrl_reference	Pass	Pass
dEQP-VK.glsl.atomic_operations.add_signed64bit_tess_eval	Pass	Pass
dEQP-VK.glsl.atomic_operations.add_signed64bit_tess_eval_reference	Pass	Pass
dEQP-VK.glsl.atomic_operations.add_signed64bit_vertex	Pass	Pass
dEQP-VK.glsl.atomic_operations.add_signed64bit_vertex_reference	Pass	Pass
dEQP-VK.glsl.atomic_operations.add_signed_geometry	Pass	Pass
dEQP-VK.glsl.atomic_operations.add_signed_geometry_reference	Pass	Pass
dEQP-VK.glsl.atomic_operations.add_signed_tess_ctrl	Pass	Pass
dEQP-VK.glsl.atomic_operations.add_signed_tess_ctrl_reference	Pass	Pass
dEQP-VK.glsl.atomic_operations.add_signed_tess_eval	Pass	Pass
dEQP-VK.glsl.atomic_operations.add_signed_tess_eval_reference	Pass	Pass
dEQP-VK.glsl.atomic_operations.add_signed_vertex	Pass	Pass
dEQP-VK.glsl.atomic_operations.add_signed_vertex_reference	Pass	Pass
dEQP-VK.glsl.atomic_operations.add_unsigned64bit_geometry	Pass	Pass
dEQP-VK.glsl.atomic_operations.add_unsigned64bit_geometry_reference	Pass	Pass
dEQP-VK.glsl.atomic_operations.add_unsigned64bit_tess_ctrl	Pass	Pass
dEQP-VK.glsl.atomic_operations.add_unsigned64bit_tess_ctrl_reference	Pass	Pass
dEQP-VK.glsl.atomic_operations.add_unsigned64bit_tess_eval	Pass	Pass
dEQP-VK.glsl.atomic_operations.add_unsigned64bit_tess_eval_reference	Pass	Pass
dEQP-VK.glsl.atomic_operations.add_unsigned64bit_vertex	Pass	Pass
dEQP-VK.glsl.atomic_operations.add_unsigned64bit_vertex_reference	Pass	Pass
dEQP-VK.glsl.atomic_operations.add_unsigned_geometry	Pass	Pass
dEQP-VK.glsl.atomic_operations.add_unsigned_geometry_reference	Pass	Pass
dEQP-VK.glsl.atomic_operations.add_unsigned_tess_ctrl	Pass	Pass
dEQP-VK.glsl.atomic_operations.add_unsigned_tess_ctrl_reference	Pass	Pass
dEQP-VK.glsl.atomic_operations.add_unsigned_tess_eval	Pass	Pass
dEQP-VK.glsl.atomic_operations.add_unsigned_tess_eval_reference	Pass	Pass
dEQP-VK.glsl.atomic_operations.add_unsigned_vertex	Pass	Pass
dEQP-VK.glsl.atomic_operations.add_unsigned_vertex_reference	Pass	Pass
dEQP-VK.glsl.atomic_operations.and_signed64bit_geometry	Pass	Pass
dEQP-VK.glsl.atomic_operations.and_signed64bit_geometry_reference	Pass	Pass
dEQP-VK.glsl.atomic_operations.and_signed64bit_tess_ctrl	Pass	Pass
dEQP-VK.glsl.atomic_operations.and_signed64bit_tess_ctrl_reference	Pass	Pass
dEQP-VK.glsl.atomic_operations.and_signed64bit_tess_eval	Pass	Pass
dEQP-VK.glsl.atomic_operations.and_signed64bit_tess_eval_reference	Pass	Pass
dEQP-VK.glsl.atomic_operations.and_signed64bit_vertex	Pass	Pass
dEQP-VK.glsl.atomic_operations.and_signed64bit_vertex_reference	Pass	Pass
dEQP-VK.glsl.atomic_operations.and_signed_geometry	Pass	Pass
dEQP-VK.glsl.atomic_operations.and_signed_geometry_reference	Pass	Pass
dEQP-VK.glsl.atomic_operations.and_signed_tess_ctrl	Pass	Pass
dEQP-VK.glsl.atomic_operations.and_signed_tess_ctrl_reference	Pass	Pass
dEQP-VK.glsl.atomic_operations.and_signed_tess_eval	Pass	Pass
dEQP-VK.glsl.atomic_operations.and_signed_tess_eval_reference	Pass	Pass
dEQP-VK.glsl.atomic_operations.and_signed_vertex	Pass	Pass
dEQP-VK.glsl.atomic_operations.and_signed_vertex_reference	Pass	Pass
dEQP-VK.glsl.atomic_operations.and_unsigned64bit_geometry	Pass	Pass
dEQP-VK.glsl.atomic_operations.and_unsigned64bit_geometry_reference	Pass	Pass
dEQP-VK.glsl.atomic_operations.and_unsigned64bit_tess_ctrl	Pass	Pass
dEQP-VK.glsl.atomic_operations.and_unsigned64bit_tess_ctrl_reference	Pass	Pass
dEQP-VK.glsl.atomic_operations.and_unsigned64bit_tess_eval	Pass	Pass
dEQP-VK.glsl.atomic_operations.and_unsigned64bit_tess_eval_reference	Pass	Pass
dEQP-VK.glsl.atomic_operations.and_unsigned64bit_vertex	Pass	Pass
dEQP-VK.glsl.atomic_operations.and_unsigned64bit_vertex_reference	Pass	Pass
dEQP-VK.glsl.atomic_operations.and_unsigned_geometry	Pass	Pass
dEQP-VK.glsl.atomic_operations.and_unsigned_geometry_reference	Pass	Pass
dEQP-VK.glsl.atomic_operations.and_unsigned_tess_ctrl	Pass	Pass
dEQP-VK.glsl.atomic_operations.and_unsigned_tess_ctrl_reference	Pass	Pass
dEQP-VK.glsl.atomic_operations.and_unsigned_tess_eval	Pass	Pass
dEQP-VK.glsl.atomic_operations.and_unsigned_tess_eval_reference	Pass	Pass
dEQP-VK.glsl.atomic_operations.and_unsigned_vertex	Pass	Pass
dEQP-VK.glsl.atomic_operations.and_unsigned_vertex_reference	Pass	Pass
dEQP-VK.glsl.atomic_operations.comp_swap_signed64bit_geometry	Pass	Pass
dEQP-VK.glsl.atomic_operations.comp_swap_signed64bit_geometry_reference	Pass	Pass
dEQP-VK.glsl.atomic_operations.comp_swap_signed64bit_tess_ctrl	Pass	Pass
dEQP-VK.glsl.atomic_operations.comp_swap_signed64bit_tess_ctrl_reference	Pass	Pass
dEQP-VK.glsl.atomic_operations.comp_swap_signed64bit_tess_eval	Pass	Pass
dEQP-VK.glsl.atomic_operations.comp_swap_signed64bit_tess_eval_reference	Pass	Pass
dEQP-VK.glsl.atomic_operations.comp_swap_signed64bit_vertex	Pass	Pass
dEQP-VK.glsl.atomic_operations.comp_swap_signed64bit_vertex_reference	Pass	Pass
dEQP-VK.glsl.atomic_operations.comp_swap_signed_geometry	Pass	Pass
dEQP-VK.glsl.atomic_operations.comp_swap_signed_geometry_reference	Pass	Pass
dEQP-VK.glsl.atomic_operations.comp_swap_signed_tess_ctrl	Pass	Pass
dEQP-VK.glsl.atomic_operations.comp_swap_signed_tess_ctrl_reference	Pass	Pass
dEQP-VK.glsl.atomic_operations.comp_swap_signed_tess_eval	Pass	Pass
dEQP-VK.glsl.atomic_operations.comp_swap_signed_tess_eval_reference	Pass	Pass
dEQP-VK.glsl.atomic_operations.comp_swap_signed_vertex	Pass	Pass
dEQP-VK.glsl.atomic_operations.comp_swap_signed_vertex_reference	Pass	Pass
dEQP-VK.glsl.atomic_operations.comp_swap_unsigned64bit_geometry	Pass	Pass
dEQP-VK.glsl.atomic_operations.comp_swap_unsigned64bit_geometry_reference	Pass	Pass
dEQP-VK.glsl.atomic_operations.comp_swap_unsigned64bit_tess_ctrl	Pass	Pass
dEQP-VK.glsl.atomic_operations.comp_swap_unsigned64bit_tess_ctrl_reference	Pass	Pass
dEQP-VK.glsl.atomic_operations.comp_swap_unsigned64bit_tess_eval	Pass	Pass
dEQP-VK.glsl.atomic_operations.comp_swap_unsigned64bit_tess_eval_reference	Pass	Pass
dEQP-VK.glsl.atomic_operations.comp_swap_unsigned64bit_vertex	Pass	Pass
dEQP-VK.glsl.atomic_operations.comp_swap_unsigned64bit_vertex_reference	Pass	Pass
dEQP-VK.glsl.atomic_operations.comp_swap_unsigned_geometry	Pass	Pass
dEQP-VK.glsl.atomic_operations.comp_swap_unsigned_geometry_reference	Pass	Pass
dEQP-VK.glsl.atomic_operations.comp_swap_unsigned_tess_ctrl	Pass	Pass
dEQP-VK.glsl.atomic_operations.comp_swap_unsigned_tess_ctrl_reference	Pass	Pass
dEQP-VK.glsl.atomic_operations.comp_swap_unsigned_tess_eval	Pass	Pass
dEQP-VK.glsl.atomic_operations.comp_swap_unsigned_tess_eval_reference	Pass	Pass
dEQP-VK.glsl.atomic_operations.comp_swap_unsigned_vertex	Pass	Pass
dEQP-VK.glsl.atomic_operations.comp_swap_unsigned_vertex_reference	Pass	Pass
dEQP-VK.glsl.atomic_operations.exchange_f16vec2_geometry	NotSupported	VK_NV_shader_atomic_float16_vector is not supported at vktTestCase.cpp:1394
dEQP-VK.glsl.atomic_operations.exchange_f16vec2_geometry_reference	NotSupported	VK_NV_shader_atomic_float16_vector is not supported at vktTestCase.cpp:1394
dEQP-VK.glsl.atomic_operations.exchange_f16vec2_tess_ctrl	NotSupported	VK_NV_shader_atomic_float16_vector is not supported at vktTestCase.cpp:1394
dEQP-VK.glsl.atomic_operations.exchange_f16vec2_tess_ctrl_reference	NotSupported	VK_NV_shader_atomic_float16_vector is not supported at vktTestCase.cpp:1394
dEQP-VK.glsl.atomic_operations.exchange_f16vec2_tess_eval	NotSupported	VK_NV_shader_atomic_float16_vector is not supported at vktTestCase.cpp:1394
dEQP-VK.glsl.atomic_operations.exchange_f16vec2_tess_eval_reference	NotSupported	VK_NV_shader_atomic_float16_vector is not supported at vktTestCase.cpp:1394
dEQP-VK.glsl.atomic_operations.exchange_f16vec2_vertex	NotSupported	VK_NV_shader_atomic_float16_vector is not supported at vktTestCase.cpp:1394
dEQP-VK.glsl.atomic_operations.exchange_f16vec2_vertex_reference	NotSupported	VK_NV_shader_atomic_float16_vector is not supported at vktTestCase.cpp:1394
dEQP-VK.glsl.atomic_operations.exchange_f16vec4_geometry	NotSupported	VK_NV_shader_atomic_float16_vector is not supported at vktTestCase.cpp:1394
dEQP-VK.glsl.atomic_operations.exchange_f16vec4_geometry_reference	NotSupported	VK_NV_shader_atomic_float16_vector is not supported at vktTestCase.cpp:1394
dEQP-VK.glsl.atomic_operations.exchange_f16vec4_tess_ctrl	NotSupported	VK_NV_shader_atomic_float16_vector is not supported at vktTestCase.cpp:1394
dEQP-VK.glsl.atomic_operations.exchange_f16vec4_tess_ctrl_reference	NotSupported	VK_NV_shader_atomic_float16_vector is not supported at vktTestCase.cpp:1394
dEQP-VK.glsl.atomic_operations.exchange_f16vec4_tess_eval	NotSupported	VK_NV_shader_atomic_float16_vector is not supported at vktTestCase.cpp:1394
dEQP-VK.glsl.atomic_operations.exchange_f16vec4_tess_eval_reference	NotSupported	VK_NV_shader_atomic_float16_vector is not supported at vktTestCase.cpp:1394
dEQP-VK.glsl.atomic_operations.exchange_f16vec4_vertex	NotSupported	VK_NV_shader_atomic_float16_vector is not supported at vktTestCase.cpp:1394
dEQP-VK.glsl.atomic_operations.exchange_f16vec4_vertex_reference	NotSupported	VK_NV_shader_atomic_float16_vector is not supported at vktTestCase.cpp:1394
dEQP-VK.glsl.atomic_operations.exchange_float16_geometry	NotSupported	VK_EXT_shader_atomic_float2 is not supported at vktTestCase.cpp:1394
dEQP-VK.glsl.atomic_operations.exchange_float16_geometry_reference	NotSupported	VK_EXT_shader_atomic_float2 is not supported at vktTestCase.cpp:1394
dEQP-VK.glsl.atomic_operations.exchange_float16_tess_ctrl	NotSupported	VK_EXT_shader_atomic_float2 is not supported at vktTestCase.cpp:1394
dEQP-VK.glsl.atomic_operations.exchange_float16_tess_ctrl_reference	NotSupported	VK_EXT_shader_atomic_float2 is not supported at vktTestCase.cpp:1394
dEQP-VK.glsl.atomic_operations.exchange_float16_tess_eval	NotSupported	VK_EXT_shader_atomic_float2 is not supported at vktTestCase.cpp:1394
dEQP-VK.glsl.atomic_operations.exchange_float16_tess_eval_reference	NotSupported	VK_EXT_shader_atomic_float2 is not supported at vktTestCase.cpp:1394
dEQP-VK.glsl.atomic_operations.exchange_float16_vertex	NotSupported	VK_EXT_shader_atomic_float2 is not supported at vktTestCase.cpp:1394
dEQP-VK.glsl.atomic_operations.exchange_float16_vertex_reference	NotSupported	VK_EXT_shader_atomic_float2 is not supported at vktTestCase.cpp:1394
dEQP-VK.glsl.atomic_operations.exchange_float32_geometry	Pass	Pass
dEQP-VK.glsl.atomic_operations.exchange_float32_geometry_reference	Pass	Pass
dEQP-VK.glsl.atomic_operations.exchange_float32_tess_ctrl	Pass	Pass
dEQP-VK.glsl.atomic_operations.exchange_float32_tess_ctrl_reference	Pass	Pass
dEQP-VK.glsl.atomic_operations.exchange_float32_tess_eval	Pass	Pass
dEQP-VK.glsl.atomic_operations.exchange_float32_tess_eval_reference	Pass	Pass
dEQP-VK.glsl.atomic_operations.exchange_float32_vertex	Pass	Pass
dEQP-VK.glsl.atomic_operations.exchange_float32_vertex_reference	Pass	Pass
dEQP-VK.glsl.atomic_operations.exchange_float64_geometry	NotSupported	VkShaderAtomicFloat64: 64-bit floating point buffer atomic operations not supported at vktAtomicOperationTests.cpp:1284
dEQP-VK.glsl.atomic_operations.exchange_float64_geometry_reference	NotSupported	VkShaderAtomicFloat64: 64-bit floating point buffer atomic operations not supported at vktAtomicOperationTests.cpp:1284
dEQP-VK.glsl.atomic_operations.exchange_float64_tess_ctrl	NotSupported	VkShaderAtomicFloat64: 64-bit floating point buffer atomic operations not supported at vktAtomicOperationTests.cpp:1284
dEQP-VK.glsl.atomic_operations.exchange_float64_tess_ctrl_reference	NotSupported	VkShaderAtomicFloat64: 64-bit floating point buffer atomic operations not supported at vktAtomicOperationTests.cpp:1284
dEQP-VK.glsl.atomic_operations.exchange_float64_tess_eval	NotSupported	VkShaderAtomicFloat64: 64-bit floating point buffer atomic operations not supported at vktAtomicOperationTests.cpp:1284
dEQP-VK.glsl.atomic_operations.exchange_float64_tess_eval_reference	NotSupported	VkShaderAtomicFloat64: 64-bit floating point buffer atomic operations not supported at vktAtomicOperationTests.cpp:1284
dEQP-VK.glsl.atomic_operations.exchange_float64_vertex	NotSupported	VkShaderAtomicFloat64: 64-bit floating point buffer atomic operations not supported at vktAtomicOperationTests.cpp:1284
dEQP-VK.glsl.atomic_operations.exchange_float64_vertex_reference	NotSupported	VkShaderAtomicFloat64: 64-bit floating point buffer atomic operations not supported at vktAtomicOperationTests.cpp:1284
dEQP-VK.glsl.atomic_operations.exchange_signed64bit_geometry	Pass	Pass
dEQP-VK.glsl.atomic_operations.exchange_signed64bit_geometry_reference	Pass	Pass
dEQP-VK.glsl.atomic_operations.exchange_signed64bit_tess_ctrl	Pass	Pass
dEQP-VK.glsl.atomic_operations.exchange_signed64bit_tess_ctrl_reference	Pass	Pass
dEQP-VK.glsl.atomic_operations.exchange_signed64bit_tess_eval	Pass	Pass
dEQP-VK.glsl.atomic_operations.exchange_signed64bit_tess_eval_reference	Pass	Pass
dEQP-VK.glsl.atomic_operations.exchange_signed64bit_vertex	Pass	Pass
dEQP-VK.glsl.atomic_operations.exchange_signed64bit_vertex_reference	Pass	Pass
dEQP-VK.glsl.atomic_operations.exchange_signed_geometry	Pass	Pass
dEQP-VK.glsl.atomic_operations.exchange_signed_geometry_reference	Pass	Pass
dEQP-VK.glsl.atomic_operations.exchange_signed_tess_ctrl	Pass	Pass
dEQP-VK.glsl.atomic_operations.exchange_signed_tess_ctrl_reference	Pass	Pass
dEQP-VK.glsl.atomic_operations.exchange_signed_tess_eval	Pass	Pass
dEQP-VK.glsl.atomic_operations.exchange_signed_tess_eval_reference	Pass	Pass
dEQP-VK.glsl.atomic_operations.exchange_signed_vertex	Pass	Pass
dEQP-VK.glsl.atomic_operations.exchange_signed_vertex_reference	Pass	Pass
dEQP-VK.glsl.atomic_operations.exchange_unsigned64bit_geometry	Pass	Pass
dEQP-VK.glsl.atomic_operations.exchange_unsigned64bit_geometry_reference	Pass	Pass
dEQP-VK.glsl.atomic_operations.exchange_unsigned64bit_tess_ctrl	Pass	Pass
dEQP-VK.glsl.atomic_operations.exchange_unsigned64bit_tess_ctrl_reference	Pass	Pass
dEQP-VK.glsl.atomic_operations.exchange_unsigned64bit_tess_eval	Pass	Pass
dEQP-VK.glsl.atomic_operations.exchange_unsigned64bit_tess_eval_reference	Pass	Pass
dEQP-VK.glsl.atomic_operations.exchange_unsigned64bit_vertex	Pass	Pass
dEQP-VK.glsl.atomic_operations.exchange_unsigned64bit_vertex_reference	Pass	Pass
dEQP-VK.glsl.atomic_operations.exchange_unsigned_geometry	Pass	Pass
dEQP-VK.glsl.atomic_operations.exchange_unsigned_geometry_reference	Pass	Pass
dEQP-VK.glsl.atomic_operations.exchange_unsigned_tess_ctrl	Pass	Pass
dEQP-VK.glsl.atomic_operations.exchange_unsigned_tess_ctrl_reference	Pass	Pass
dEQP-VK.glsl.atomic_operations.exchange_unsigned_tess_eval	Pass	Pass
dEQP-VK.glsl.atomic_operations.exchange_unsigned_tess_eval_reference	Pass	Pass
dEQP-VK.glsl.atomic_operations.exchange_unsigned_vertex	Pass	Pass
dEQP-VK.glsl.atomic_operations.exchange_unsigned_vertex_reference	Pass	Pass
dEQP-VK.glsl.atomic_operations.max_f16vec2_geometry	NotSupported	VK_NV_shader_atomic_float16_vector is not supported at vktTestCase.cpp:1394
dEQP-VK.glsl.atomic_operations.max_f16vec2_geometry_reference	NotSupported	VK_NV_shader_atomic_float16_vector is not supported at vktTestCase.cpp:1394
dEQP-VK.glsl.atomic_operations.max_f16vec2_tess_ctrl	NotSupported	VK_NV_shader_atomic_float16_vector is not supported at vktTestCase.cpp:1394
dEQP-VK.glsl.atomic_operations.max_f16vec2_tess_ctrl_reference	NotSupported	VK_NV_shader_atomic_float16_vector is not supported at vktTestCase.cpp:1394
dEQP-VK.glsl.atomic_operations.max_f16vec2_tess_eval	NotSupported	VK_NV_shader_atomic_float16_vector is not supported at vktTestCase.cpp:1394
dEQP-VK.glsl.atomic_operations.max_f16vec2_tess_eval_reference	NotSupported	VK_NV_shader_atomic_float16_vector is not supported at vktTestCase.cpp:1394
dEQP-VK.glsl.atomic_operations.max_f16vec2_vertex	NotSupported	VK_NV_shader_atomic_float16_vector is not supported at vktTestCase.cpp:1394
dEQP-VK.glsl.atomic_operations.max_f16vec2_vertex_reference	NotSupported	VK_NV_shader_atomic_float16_vector is not supported at vktTestCase.cpp:1394
dEQP-VK.glsl.atomic_operations.max_f16vec4_geometry	NotSupported	VK_NV_shader_atomic_float16_vector is not supported at vktTestCase.cpp:1394
dEQP-VK.glsl.atomic_operations.max_f16vec4_geometry_reference	NotSupported	VK_NV_shader_atomic_float16_vector is not supported at vktTestCase.cpp:1394
dEQP-VK.glsl.atomic_operations.max_f16vec4_tess_ctrl	NotSupported	VK_NV_shader_atomic_float16_vector is not supported at vktTestCase.cpp:1394
dEQP-VK.glsl.atomic_operations.max_f16vec4_tess_ctrl_reference	NotSupported	VK_NV_shader_atomic_float16_vector is not supported at vktTestCase.cpp:1394
dEQP-VK.glsl.atomic_operations.max_f16vec4_tess_eval	NotSupported	VK_NV_shader_atomic_float16_vector is not supported at vktTestCase.cpp:1394
dEQP-VK.glsl.atomic_operations.max_f16vec4_tess_eval_reference	NotSupported	VK_NV_shader_atomic_float16_vector is not supported at vktTestCase.cpp:1394
dEQP-VK.glsl.atomic_operations.max_f16vec4_vertex	NotSupported	VK_NV_shader_atomic_float16_vector is not supported at vktTestCase.cpp:1394
dEQP-VK.glsl.atomic_operations.max_f16vec4_vertex_reference	NotSupported	VK_NV_shader_atomic_float16_vector is not supported at vktTestCase.cpp:1394
dEQP-VK.glsl.atomic_operations.max_float16_geometry	NotSupported	VK_EXT_shader_atomic_float2 is not supported at vktTestCase.cpp:1394
dEQP-VK.glsl.atomic_operations.max_float16_geometry_reference	NotSupported	VK_EXT_shader_atomic_float2 is not supported at vktTestCase.cpp:1394
dEQP-VK.glsl.atomic_operations.max_float16_tess_ctrl	NotSupported	VK_EXT_shader_atomic_float2 is not supported at vktTestCase.cpp:1394
dEQP-VK.glsl.atomic_operations.max_float16_tess_ctrl_reference	NotSupported	VK_EXT_shader_atomic_float2 is not supported at vktTestCase.cpp:1394
dEQP-VK.glsl.atomic_operations.max_float16_tess_eval	NotSupported	VK_EXT_shader_atomic_float2 is not supported at vktTestCase.cpp:1394
dEQP-VK.glsl.atomic_operations.max_float16_tess_eval_reference	NotSupported	VK_EXT_shader_atomic_float2 is not supported at vktTestCase.cpp:1394
dEQP-VK.glsl.atomic_operations.max_float16_vertex	NotSupported	VK_EXT_shader_atomic_float2 is not supported at vktTestCase.cpp:1394
dEQP-VK.glsl.atomic_operations.max_float16_vertex_reference	NotSupported	VK_EXT_shader_atomic_float2 is not supported at vktTestCase.cpp:1394
dEQP-VK.glsl.atomic_operations.max_float32_geometry	NotSupported	VK_EXT_shader_atomic_float2 is not supported at vktTestCase.cpp:1394
dEQP-VK.glsl.atomic_operations.max_float32_geometry_reference	NotSupported	VK_EXT_shader_atomic_float2 is not supported at vktTestCase.cpp:1394
dEQP-VK.glsl.atomic_operations.max_float32_tess_ctrl	NotSupported	VK_EXT_shader_atomic_float2 is not supported at vktTestCase.cpp:1394
dEQP-VK.glsl.atomic_operations.max_float32_tess_ctrl_reference	NotSupported	VK_EXT_shader_atomic_float2 is not supported at vktTestCase.cpp:1394
dEQP-VK.glsl.atomic_operations.max_float32_tess_eval	NotSupported	VK_EXT_shader_atomic_float2 is not supported at vktTestCase.cpp:1394
dEQP-VK.glsl.atomic_operations.max_float32_tess_eval_reference	NotSupported	VK_EXT_shader_atomic_float2 is not supported at vktTestCase.cpp:1394
dEQP-VK.glsl.atomic_operations.max_float32_vertex	NotSupported	VK_EXT_shader_atomic_float2 is not supported at vktTestCase.cpp:1394
dEQP-VK.glsl.atomic_operations.max_float32_vertex_reference	NotSupported	VK_EXT_shader_atomic_float2 is not supported at vktTestCase.cpp:1394
dEQP-VK.glsl.atomic_operations.max_float64_geometry	NotSupported	VK_EXT_shader_atomic_float2 is not supported at vktTestCase.cpp:1394
dEQP-VK.glsl.atomic_operations.max_float64_geometry_reference	NotSupported	VK_EXT_shader_atomic_float2 is not supported at vktTestCase.cpp:1394
dEQP-VK.glsl.atomic_operations.max_float64_tess_ctrl	NotSupported	VK_EXT_shader_atomic_float2 is not supported at vktTestCase.cpp:1394
dEQP-VK.glsl.atomic_operations.max_float64_tess_ctrl_reference	NotSupported	VK_EXT_shader_atomic_float2 is not supported at vktTestCase.cpp:1394
dEQP-VK.glsl.atomic_operations.max_float64_tess_eval	NotSupported	VK_EXT_shader_atomic_float2 is not supported at vktTestCase.cpp:1394
dEQP-VK.glsl.atomic_operations.max_float64_tess_eval_reference	NotSupported	VK_EXT_shader_atomic_float2 is not supported at vktTestCase.cpp:1394
dEQP-VK.glsl.atomic_operations.max_float64_vertex	NotSupported	VK_EXT_shader_atomic_float2 is not supported at vktTestCase.cpp:1394
dEQP-VK.glsl.atomic_operations.max_float64_vertex_reference	NotSupported	VK_EXT_shader_atomic_float2 is not supported at vktTestCase.cpp:1394
dEQP-VK.glsl.atomic_operations.max_signed64bit_geometry	Pass	Pass
dEQP-VK.glsl.atomic_operations.max_signed64bit_geometry_reference	Pass	Pass
dEQP-VK.glsl.atomic_operations.max_signed64bit_tess_ctrl	Pass	Pass
dEQP-VK.glsl.atomic_operations.max_signed64bit_tess_ctrl_reference	Pass	Pass
dEQP-VK.glsl.atomic_operations.max_signed64bit_tess_eval	Pass	Pass
dEQP-VK.glsl.atomic_operations.max_signed64bit_tess_eval_reference	Pass	Pass
dEQP-VK.glsl.atomic_operations.max_signed64bit_vertex	Pass	Pass
dEQP-VK.glsl.atomic_operations.max_signed64bit_vertex_reference	Pass	Pass
dEQP-VK.glsl.atomic_operations.max_signed_geometry	Pass	Pass
dEQP-VK.glsl.atomic_operations.max_signed_geometry_reference	Pass	Pass
dEQP-VK.glsl.atomic_operations.max_signed_tess_ctrl	Pass	Pass
dEQP-VK.glsl.atomic_operations.max_signed_tess_ctrl_reference	Pass	Pass
dEQP-VK.glsl.atomic_operations.max_signed_tess_eval	Pass	Pass
dEQP-VK.glsl.atomic_operations.max_signed_tess_eval_reference	Pass	Pass
dEQP-VK.glsl.atomic_operations.max_signed_vertex	Pass	Pass
dEQP-VK.glsl.atomic_operations.max_signed_vertex_reference	Pass	Pass
dEQP-VK.glsl.atomic_operations.max_unsigned64bit_geometry	Pass	Pass
dEQP-VK.glsl.atomic_operations.max_unsigned64bit_geometry_reference	Pass	Pass
dEQP-VK.glsl.atomic_operations.max_unsigned64bit_tess_ctrl	Pass	Pass
dEQP-VK.glsl.atomic_operations.max_unsigned64bit_tess_ctrl_reference	Pass	Pass
dEQP-VK.glsl.atomic_operations.max_unsigned64bit_tess_eval	Pass	Pass
dEQP-VK.glsl.atomic_operations.max_unsigned64bit_tess_eval_reference	Pass	Pass
dEQP-VK.glsl.atomic_operations.max_unsigned64bit_vertex	Pass	Pass
dEQP-VK.glsl.atomic_operations.max_unsigned64bit_vertex_reference	Pass	Pass
dEQP-VK.glsl.atomic_operations.max_unsigned_geometry	Pass	Pass
dEQP-VK.glsl.atomic_operations.max_unsigned_geometry_reference	Pass	Pass
dEQP-VK.glsl.atomic_operations.max_unsigned_tess_ctrl	Pass	Pass
dEQP-VK.glsl.atomic_operations.max_unsigned_tess_ctrl_reference	Pass	Pass
dEQP-VK.glsl.atomic_operations.max_unsigned_tess_eval	Pass	Pass
dEQP-VK.glsl.atomic_operations.max_unsigned_tess_eval_reference	Pass	Pass
dEQP-VK.glsl.atomic_operations.max_unsigned_vertex	Pass	Pass
dEQP-VK.glsl.atomic_operations.max_unsigned_vertex_reference	Pass	Pass
dEQP-VK.glsl.atomic_operations.min_f16vec2_geometry	NotSupported	VK_NV_shader_atomic_float16_vector is not supported at vktTestCase.cpp:1394
dEQP-VK.glsl.atomic_operations.min_f16vec2_geometry_reference	NotSupported	VK_NV_shader_atomic_float16_vector is not supported at vktTestCase.cpp:1394
dEQP-VK.glsl.atomic_operations.min_f16vec2_tess_ctrl	NotSupported	VK_NV_shader_atomic_float16_vector is not supported at vktTestCase.cpp:1394
dEQP-VK.glsl.atomic_operations.min_f16vec2_tess_ctrl_reference	NotSupported	VK_NV_shader_atomic_float16_vector is not supported at vktTestCase.cpp:1394
dEQP-VK.glsl.atomic_operations.min_f16vec2_tess_eval	NotSupported	VK_NV_shader_atomic_float16_vector is not supported at vktTestCase.cpp:1394
dEQP-VK.glsl.atomic_operations.min_f16vec2_tess_eval_reference	NotSupported	VK_NV_shader_atomic_float16_vector is not supported at vktTestCase.cpp:1394
dEQP-VK.glsl.atomic_operations.min_f16vec2_vertex	NotSupported	VK_NV_shader_atomic_float16_vector is not supported at vktTestCase.cpp:1394
dEQP-VK.glsl.atomic_operations.min_f16vec2_vertex_reference	NotSupported	VK_NV_shader_atomic_float16_vector is not supported at vktTestCase.cpp:1394
dEQP-VK.glsl.atomic_operations.min_f16vec4_geometry	NotSupported	VK_NV_shader_atomic_float16_vector is not supported at vktTestCase.cpp:1394
dEQP-VK.glsl.atomic_operations.min_f16vec4_geometry_reference	NotSupported	VK_NV_shader_atomic_float16_vector is not supported at vktTestCase.cpp:1394
dEQP-VK.glsl.atomic_operations.min_f16vec4_tess_ctrl	NotSupported	VK_NV_shader_atomic_float16_vector is not supported at vktTestCase.cpp:1394
dEQP-VK.glsl.atomic_operations.min_f16vec4_tess_ctrl_reference	NotSupported	VK_NV_shader_atomic_float16_vector is not supported at vktTestCase.cpp:1394
dEQP-VK.glsl.atomic_operations.min_f16vec4_tess_eval	NotSupported	VK_NV_shader_atomic_float16_vector is not supported at vktTestCase.cpp:1394
dEQP-VK.glsl.atomic_operations.min_f16vec4_tess_eval_reference	NotSupported	VK_NV_shader_atomic_float16_vector is not supported at vktTestCase.cpp:1394
dEQP-VK.glsl.atomic_operations.min_f16vec4_vertex	NotSupported	VK_NV_shader_atomic_float16_vector is not supported at vktTestCase.cpp:1394
dEQP-VK.glsl.atomic_operations.min_f16vec4_vertex_reference	NotSupported	VK_NV_shader_atomic_float16_vector is not supported at vktTestCase.cpp:1394
dEQP-VK.glsl.atomic_operations.min_float16_geometry	NotSupported	VK_EXT_shader_atomic_float2 is not supported at vktTestCase.cpp:1394
dEQP-VK.glsl.atomic_operations.min_float16_geometry_reference	NotSupported	VK_EXT_shader_atomic_float2 is not supported at vktTestCase.cpp:1394
dEQP-VK.glsl.atomic_operations.min_float16_tess_ctrl	NotSupported	VK_EXT_shader_atomic_float2 is not supported at vktTestCase.cpp:1394
dEQP-VK.glsl.atomic_operations.min_float16_tess_ctrl_reference	NotSupported	VK_EXT_shader_atomic_float2 is not supported at vktTestCase.cpp:1394
dEQP-VK.glsl.atomic_operations.min_float16_tess_eval	NotSupported	VK_EXT_shader_atomic_float2 is not supported at vktTestCase.cpp:1394
dEQP-VK.glsl.atomic_operations.min_float16_tess_eval_reference	NotSupported	VK_EXT_shader_atomic_float2 is not supported at vktTestCase.cpp:1394
dEQP-VK.glsl.atomic_operations.min_float16_vertex	NotSupported	VK_EXT_shader_atomic_float2 is not supported at vktTestCase.cpp:1394
dEQP-VK.glsl.atomic_operations.min_float16_vertex_reference	NotSupported	VK_EXT_shader_atomic_float2 is not supported at vktTestCase.cpp:1394
dEQP-VK.glsl.atomic_operations.min_float32_geometry	NotSupported	VK_EXT_shader_atomic_float2 is not supported at vktTestCase.cpp:1394
dEQP-VK.glsl.atomic_operations.min_float32_geometry_reference	NotSupported	VK_EXT_shader_atomic_float2 is not supported at vktTestCase.cpp:1394
dEQP-VK.glsl.atomic_operations.min_float32_tess_ctrl	NotSupported	VK_EXT_shader_atomic_float2 is not supported at vktTestCase.cpp:1394
dEQP-VK.glsl.atomic_operations.min_float32_tess_ctrl_reference	NotSupported	VK_EXT_shader_atomic_float2 is not supported at vktTestCase.cpp:1394
dEQP-VK.glsl.atomic_operations.min_float32_tess_eval	NotSupported	VK_EXT_shader_atomic_float2 is not supported at vktTestCase.cpp:1394
dEQP-VK.glsl.atomic_operations.min_float32_tess_eval_reference	NotSupported	VK_EXT_shader_atomic_float2 is not supported at vktTestCase.cpp:1394
dEQP-VK.glsl.atomic_operations.min_float32_vertex	NotSupported	VK_EXT_shader_atomic_float2 is not supported at vktTestCase.cpp:1394
dEQP-VK.glsl.atomic_operations.min_float32_vertex_reference	NotSupported	VK_EXT_shader_atomic_float2 is not supported at vktTestCase.cpp:1394
dEQP-VK.glsl.atomic_operations.min_float64_geometry	NotSupported	VK_EXT_shader_atomic_float2 is not supported at vktTestCase.cpp:1394
dEQP-VK.glsl.atomic_operations.min_float64_geometry_reference	NotSupported	VK_EXT_shader_atomic_float2 is not supported at vktTestCase.cpp:1394
dEQP-VK.glsl.atomic_operations.min_float64_tess_ctrl	NotSupported	VK_EXT_shader_atomic_float2 is not supported at vktTestCase.cpp:1394
dEQP-VK.glsl.atomic_operations.min_float64_tess_ctrl_reference	NotSupported	VK_EXT_shader_atomic_float2 is not supported at vktTestCase.cpp:1394
dEQP-VK.glsl.atomic_operations.min_float64_tess_eval	NotSupported	VK_EXT_shader_atomic_float2 is not supported at vktTestCase.cpp:1394
dEQP-VK.glsl.atomic_operations.min_float64_tess_eval_reference	NotSupported	VK_EXT_shader_atomic_float2 is not supported at vktTestCase.cpp:1394
dEQP-VK.glsl.atomic_operations.min_float64_vertex	NotSupported	VK_EXT_shader_atomic_float2 is not supported at vktTestCase.cpp:1394
dEQP-VK.glsl.atomic_operations.min_float64_vertex_reference	NotSupported	VK_EXT_shader_atomic_float2 is not supported at vktTestCase.cpp:1394
dEQP-VK.glsl.atomic_operations.min_signed64bit_geometry	Pass	Pass
dEQP-VK.glsl.atomic_operations.min_signed64bit_geometry_reference	Pass	Pass
dEQP-VK.glsl.atomic_operations.min_signed64bit_tess_ctrl	Pass	Pass
dEQP-VK.glsl.atomic_operations.min_signed64bit_tess_ctrl_reference	Pass	Pass
dEQP-VK.glsl.atomic_operations.min_signed64bit_tess_eval	Pass	Pass
dEQP-VK.glsl.atomic_operations.min_signed64bit_tess_eval_reference	Pass	Pass
dEQP-VK.glsl.atomic_operations.min_signed64bit_vertex	Pass	Pass
dEQP-VK.glsl.atomic_operations.min_signed64bit_vertex_reference	Pass	Pass
dEQP-VK.glsl.atomic_operations.min_signed_geometry	Pass	Pass
dEQP-VK.glsl.atomic_operations.min_signed_geometry_reference	Pass	Pass
dEQP-VK.glsl.atomic_operations.min_signed_tess_ctrl	Pass	Pass
dEQP-VK.glsl.atomic_operations.min_signed_tess_ctrl_reference	Pass	Pass
dEQP-VK.glsl.atomic_operations.min_signed_tess_eval	Pass	Pass
dEQP-VK.glsl.atomic_operations.min_signed_tess_eval_reference	Pass	Pass
dEQP-VK.glsl.atomic_operations.min_signed_vertex	Pass	Pass
dEQP-VK.glsl.atomic_operations.min_signed_vertex_reference	Pass	Pass
dEQP-VK.glsl.atomic_operations.min_unsigned64bit_geometry	Pass	Pass
dEQP-VK.glsl.atomic_operations.min_unsigned64bit_geometry_reference	Pass	Pass
dEQP-VK.glsl.atomic_operations.min_unsigned64bit_tess_ctrl	Pass	Pass
dEQP-VK.glsl.atomic_operations.min_unsigned64bit_tess_ctrl_reference	Pass	Pass
dEQP-VK.glsl.atomic_operations.min_unsigned64bit_tess_eval	Pass	Pass
dEQP-VK.glsl.atomic_operations.min_unsigned64bit_tess_eval_reference	Pass	Pass
dEQP-VK.glsl.atomic_operations.min_unsigned64bit_vertex	Pass	Pass
dEQP-VK.glsl.atomic_operations.min_unsigned64bit_vertex_reference	Pass	Pass
dEQP-VK.glsl.atomic_operations.min_unsigned_geometry	Pass	Pass
dEQP-VK.glsl.atomic_operations.min_unsigned_geometry_reference	Pass	Pass
dEQP-VK.glsl.atomic_operations.min_unsigned_tess_ctrl	Pass	Pass
dEQP-VK.glsl.atomic_operations.min_unsigned_tess_ctrl_reference	Pass	Pass
dEQP-VK.glsl.atomic_operations.min_unsigned_tess_eval	Pass	Pass
dEQP-VK.glsl.atomic_operations.min_unsigned_tess_eval_reference	Pass	Pass
dEQP-VK.glsl.atomic_operations.min_unsigned_vertex	Pass	Pass
dEQP-VK.glsl.atomic_operations.min_unsigned_vertex_reference	Pass	Pass
dEQP-VK.glsl.atomic_operations.or_signed64bit_geometry	Pass	Pass
dEQP-VK.glsl.atomic_operations.or_signed64bit_geometry_reference	Pass	Pass
dEQP-VK.glsl.atomic_operations.or_signed64bit_tess_ctrl	Pass	Pass
dEQP-VK.glsl.atomic_operations.or_signed64bit_tess_ctrl_reference	Pass	Pass
dEQP-VK.glsl.atomic_operations.or_signed64bit_tess_eval	Pass	Pass
dEQP-VK.glsl.atomic_operations.or_signed64bit_tess_eval_reference	Pass	Pass
dEQP-VK.glsl.atomic_operations.or_signed64bit_vertex	Pass	Pass
dEQP-VK.glsl.atomic_operations.or_signed64bit_vertex_reference	Pass	Pass
dEQP-VK.glsl.atomic_operations.or_signed_geometry	Pass	Pass
dEQP-VK.glsl.atomic_operations.or_signed_geometry_reference	Pass	Pass
dEQP-VK.glsl.atomic_operations.or_signed_tess_ctrl	Pass	Pass
dEQP-VK.glsl.atomic_operations.or_signed_tess_ctrl_reference	Pass	Pass
dEQP-VK.glsl.atomic_operations.or_signed_tess_eval	Pass	Pass
dEQP-VK.glsl.atomic_operations.or_signed_tess_eval_reference	Pass	Pass
dEQP-VK.glsl.atomic_operations.or_signed_vertex	Pass	Pass
dEQP-VK.glsl.atomic_operations.or_signed_vertex_reference	Pass	Pass
dEQP-VK.glsl.atomic_operations.or_unsigned64bit_geometry	Pass	Pass
dEQP-VK.glsl.atomic_operations.or_unsigned64bit_geometry_reference	Pass	Pass
dEQP-VK.glsl.atomic_operations.or_unsigned64bit_tess_ctrl	Pass	Pass
dEQP-VK.glsl.atomic_operations.or_unsigned64bit_tess_ctrl_reference	Pass	Pass
dEQP-VK.glsl.atomic_operations.or_unsigned64bit_tess_eval	Pass	Pass
dEQP-VK.glsl.atomic_operations.or_unsigned64bit_tess_eval_reference	Pass	Pass
dEQP-VK.glsl.atomic_operations.or_unsigned64bit_vertex	Pass	Pass
dEQP-VK.glsl.atomic_operations.or_unsigned64bit_vertex_reference	Pass	Pass
dEQP-VK.glsl.atomic_operations.or_unsigned_geometry	Pass	Pass
dEQP-VK.glsl.atomic_operations.or_unsigned_geometry_reference	Pass	Pass
dEQP-VK.glsl.atomic_operations.or_unsigned_tess_ctrl	Pass	Pass
dEQP-VK.glsl.atomic_operations.or_unsigned_tess_ctrl_reference	Pass	Pass
dEQP-VK.glsl.atomic_operations.or_unsigned_tess_eval	Pass	Pass
dEQP-VK.glsl.atomic_operations.or_unsigned_tess_eval_reference	Pass	Pass
dEQP-VK.glsl.atomic_operations.or_unsigned_vertex	Pass	Pass
dEQP-VK.glsl.atomic_operations.or_unsigned_vertex_reference	Pass	Pass
dEQP-VK.glsl.atomic_operations.xor_signed64bit_geometry	Pass	Pass
dEQP-VK.glsl.atomic_operations.xor_signed64bit_geometry_reference	Pass	Pass
dEQP-VK.glsl.atomic_operations.xor_signed64bit_tess_ctrl	Pass	Pass
dEQP-VK.glsl.atomic_operations.xor_signed64bit_tess_ctrl_reference	Pass	Pass
dEQP-VK.glsl.atomic_operations.xor_signed64bit_tess_eval	Pass	Pass
dEQP-VK.glsl.atomic_operations.xor_signed64bit_tess_eval_reference	Pass	Pass
dEQP-VK.glsl.atomic_operations.xor_signed64bit_vertex	Pass	Pass
dEQP-VK.glsl.atomic_operations.xor_signed64bit_vertex_reference	Pass	Pass
dEQP-VK.glsl.atomic_operations.xor_signed_geometry	Pass	Pass
dEQP-VK.glsl.atomic_operations.xor_signed_geometry_reference	Pass	Pass
dEQP-VK.glsl.atomic_operations.xor_signed_tess_ctrl	Pass	Pass
dEQP-VK.glsl.atomic_operations.xor_signed_tess_ctrl_reference	Pass	Pass
dEQP-VK.glsl.atomic_operations.xor_signed_tess_eval	Pass	Pass
dEQP-VK.glsl.atomic_operations.xor_signed_tess_eval_reference	Pass	Pass
dEQP-VK.glsl.atomic_operations.xor_signed_vertex	Pass	Pass
dEQP-VK.glsl.atomic_operations.xor_signed_vertex_reference	Pass	Pass
dEQP-VK.glsl.atomic_operations.xor_unsigned64bit_geometry	Pass	Pass
dEQP-VK.glsl.atomic_operations.xor_unsigned64bit_geometry_reference	Pass	Pass
dEQP-VK.glsl.atomic_operations.xor_unsigned64bit_tess_ctrl	Pass	Pass
dEQP-VK.glsl.atomic_operations.xor_unsigned64bit_tess_ctrl_reference	Pass	Pass
dEQP-VK.glsl.atomic_operations.xor_unsigned64bit_tess_eval	Pass	Pass
dEQP-VK.glsl.atomic_operations.xor_unsigned64bit_tess_eval_reference	Pass	Pass
dEQP-VK.glsl.atomic_operations.xor_unsigned64bit_vertex	Pass	Pass
dEQP-VK.glsl.atomic_operations.xor_unsigned64bit_vertex_reference	Pass	Pass
dEQP-VK.glsl.atomic_operations.xor_unsigned_geometry	Pass	Pass
dEQP-VK.glsl.atomic_operations.xor_unsigned_geometry_reference	Pass	Pass
dEQP-VK.glsl.atomic_operations.xor_unsigned_tess_ctrl	Pass	Pass
dEQP-VK.glsl.atomic_operations.xor_unsigned_tess_ctrl_reference	Pass	Pass
dEQP-VK.glsl.atomic_operations.xor_unsigned_tess_eval	Pass	Pass
dEQP-VK.glsl.atomic_operations.xor_unsigned_tess_eval_reference	Pass	Pass
dEQP-VK.glsl.atomic_operations.xor_unsigned_vertex	Pass	Pass
dEQP-VK.glsl.atomic_operations.xor_unsigned_vertex_reference	Pass	Pass
