dEQP-VK.tessellation.fractional_spacing.glsl_even	Pass	OK
dEQP-VK.tessellation.fractional_spacing.glsl_odd	Pass	OK
dEQP-VK.tessellation.fractional_spacing.hlsl_even	Pass	OK
dEQP-VK.tessellation.fractional_spacing.hlsl_odd	Pass	OK
dEQP-VK.tessellation.invariance.inner_triangle_set.quads_equal_spacing	Pass	OK
dEQP-VK.tessellation.invariance.inner_triangle_set.quads_fractional_even_spacing	Pass	OK
dEQP-VK.tessellation.invariance.inner_triangle_set.quads_fractional_odd_spacing	Pass	OK
dEQP-VK.tessellation.invariance.inner_triangle_set.triangles_equal_spacing	Pass	OK
dEQP-VK.tessellation.invariance.inner_triangle_set.triangles_fractional_even_spacing	Pass	OK
dEQP-VK.tessellation.invariance.inner_triangle_set.triangles_fractional_odd_spacing	Pass	OK
dEQP-VK.tessellation.invariance.one_minus_tess_coord_component.isolines_equal_spacing_ccw	Pass	OK
dEQP-VK.tessellation.invariance.one_minus_tess_coord_component.isolines_equal_spacing_ccw_point_mode	Pass	OK
dEQP-VK.tessellation.invariance.one_minus_tess_coord_component.isolines_equal_spacing_cw	Pass	OK
dEQP-VK.tessellation.invariance.one_minus_tess_coord_component.isolines_equal_spacing_cw_point_mode	Pass	OK
dEQP-VK.tessellation.invariance.one_minus_tess_coord_component.isolines_fractional_even_spacing_ccw	Pass	OK
dEQP-VK.tessellation.invariance.one_minus_tess_coord_component.isolines_fractional_even_spacing_ccw_point_mode	Pass	OK
dEQP-VK.tessellation.invariance.one_minus_tess_coord_component.isolines_fractional_even_spacing_cw	Pass	OK
dEQP-VK.tessellation.invariance.one_minus_tess_coord_component.isolines_fractional_even_spacing_cw_point_mode	Pass	OK
dEQP-VK.tessellation.invariance.one_minus_tess_coord_component.isolines_fractional_odd_spacing_ccw	Pass	OK
dEQP-VK.tessellation.invariance.one_minus_tess_coord_component.isolines_fractional_odd_spacing_ccw_point_mode	Pass	OK
dEQP-VK.tessellation.invariance.one_minus_tess_coord_component.isolines_fractional_odd_spacing_cw	Pass	OK
dEQP-VK.tessellation.invariance.one_minus_tess_coord_component.isolines_fractional_odd_spacing_cw_point_mode	Pass	OK
dEQP-VK.tessellation.invariance.one_minus_tess_coord_component.quads_equal_spacing_ccw	Pass	OK
dEQP-VK.tessellation.invariance.one_minus_tess_coord_component.quads_equal_spacing_ccw_point_mode	Pass	OK
dEQP-VK.tessellation.invariance.one_minus_tess_coord_component.quads_equal_spacing_cw	Pass	OK
dEQP-VK.tessellation.invariance.one_minus_tess_coord_component.quads_equal_spacing_cw_point_mode	Pass	OK
dEQP-VK.tessellation.invariance.one_minus_tess_coord_component.quads_fractional_even_spacing_ccw	Pass	OK
dEQP-VK.tessellation.invariance.one_minus_tess_coord_component.quads_fractional_even_spacing_ccw_point_mode	Pass	OK
dEQP-VK.tessellation.invariance.one_minus_tess_coord_component.quads_fractional_even_spacing_cw	Pass	OK
dEQP-VK.tessellation.invariance.one_minus_tess_coord_component.quads_fractional_even_spacing_cw_point_mode	Pass	OK
dEQP-VK.tessellation.invariance.one_minus_tess_coord_component.quads_fractional_odd_spacing_ccw	Pass	OK
dEQP-VK.tessellation.invariance.one_minus_tess_coord_component.quads_fractional_odd_spacing_ccw_point_mode	Pass	OK
dEQP-VK.tessellation.invariance.one_minus_tess_coord_component.quads_fractional_odd_spacing_cw	Pass	OK
dEQP-VK.tessellation.invariance.one_minus_tess_coord_component.quads_fractional_odd_spacing_cw_point_mode	Pass	OK
dEQP-VK.tessellation.invariance.one_minus_tess_coord_component.triangles_equal_spacing_ccw	Pass	OK
dEQP-VK.tessellation.invariance.one_minus_tess_coord_component.triangles_equal_spacing_ccw_point_mode	Pass	OK
dEQP-VK.tessellation.invariance.one_minus_tess_coord_component.triangles_equal_spacing_cw	Pass	OK
dEQP-VK.tessellation.invariance.one_minus_tess_coord_component.triangles_equal_spacing_cw_point_mode	Pass	OK
dEQP-VK.tessellation.invariance.one_minus_tess_coord_component.triangles_fractional_even_spacing_ccw	Pass	OK
dEQP-VK.tessellation.invariance.one_minus_tess_coord_component.triangles_fractional_even_spacing_ccw_point_mode	Pass	OK
dEQP-VK.tessellation.invariance.one_minus_tess_coord_component.triangles_fractional_even_spacing_cw	Pass	OK
dEQP-VK.tessellation.invariance.one_minus_tess_coord_component.triangles_fractional_even_spacing_cw_point_mode	Pass	OK
dEQP-VK.tessellation.invariance.one_minus_tess_coord_component.triangles_fractional_odd_spacing_ccw	Pass	OK
dEQP-VK.tessellation.invariance.one_minus_tess_coord_component.triangles_fractional_odd_spacing_ccw_point_mode	Pass	OK
dEQP-VK.tessellation.invariance.one_minus_tess_coord_component.triangles_fractional_odd_spacing_cw	Pass	OK
dEQP-VK.tessellation.invariance.one_minus_tess_coord_component.triangles_fractional_odd_spacing_cw_point_mode	Pass	OK
dEQP-VK.tessellation.invariance.outer_edge_division.quads_equal_spacing	Pass	OK
dEQP-VK.tessellation.invariance.outer_edge_division.quads_fractional_even_spacing	Pass	OK
dEQP-VK.tessellation.invariance.outer_edge_division.quads_fractional_odd_spacing	Pass	OK
dEQP-VK.tessellation.invariance.outer_edge_division.triangles_equal_spacing	Pass	OK
dEQP-VK.tessellation.invariance.outer_edge_division.triangles_fractional_even_spacing	Pass	OK
dEQP-VK.tessellation.invariance.outer_edge_division.triangles_fractional_odd_spacing	Pass	OK
dEQP-VK.tessellation.invariance.outer_edge_index_independence.quads_equal_spacing_ccw	Pass	OK
dEQP-VK.tessellation.invariance.outer_edge_index_independence.quads_equal_spacing_ccw_point_mode	Pass	OK
dEQP-VK.tessellation.invariance.outer_edge_index_independence.quads_equal_spacing_cw	Pass	OK
dEQP-VK.tessellation.invariance.outer_edge_index_independence.quads_equal_spacing_cw_point_mode	Pass	OK
dEQP-VK.tessellation.invariance.outer_edge_index_independence.quads_fractional_even_spacing_ccw	Pass	OK
dEQP-VK.tessellation.invariance.outer_edge_index_independence.quads_fractional_even_spacing_ccw_point_mode	Pass	OK
dEQP-VK.tessellation.invariance.outer_edge_index_independence.quads_fractional_even_spacing_cw	Pass	OK
dEQP-VK.tessellation.invariance.outer_edge_index_independence.quads_fractional_even_spacing_cw_point_mode	Pass	OK
dEQP-VK.tessellation.invariance.outer_edge_index_independence.quads_fractional_odd_spacing_ccw	Pass	OK
dEQP-VK.tessellation.invariance.outer_edge_index_independence.quads_fractional_odd_spacing_ccw_point_mode	Pass	OK
dEQP-VK.tessellation.invariance.outer_edge_index_independence.quads_fractional_odd_spacing_cw	Pass	OK
dEQP-VK.tessellation.invariance.outer_edge_index_independence.quads_fractional_odd_spacing_cw_point_mode	Pass	OK
dEQP-VK.tessellation.invariance.outer_edge_index_independence.triangles_equal_spacing_ccw	Pass	OK
dEQP-VK.tessellation.invariance.outer_edge_index_independence.triangles_equal_spacing_ccw_point_mode	Pass	OK
dEQP-VK.tessellation.invariance.outer_edge_index_independence.triangles_equal_spacing_cw	Pass	OK
dEQP-VK.tessellation.invariance.outer_edge_index_independence.triangles_equal_spacing_cw_point_mode	Pass	OK
dEQP-VK.tessellation.invariance.outer_edge_index_independence.triangles_fractional_even_spacing_ccw	Pass	OK
dEQP-VK.tessellation.invariance.outer_edge_index_independence.triangles_fractional_even_spacing_ccw_point_mode	Pass	OK
dEQP-VK.tessellation.invariance.outer_edge_index_independence.triangles_fractional_even_spacing_cw	Pass	OK
dEQP-VK.tessellation.invariance.outer_edge_index_independence.triangles_fractional_even_spacing_cw_point_mode	Pass	OK
dEQP-VK.tessellation.invariance.outer_edge_index_independence.triangles_fractional_odd_spacing_ccw	Pass	OK
dEQP-VK.tessellation.invariance.outer_edge_index_independence.triangles_fractional_odd_spacing_ccw_point_mode	Pass	OK
dEQP-VK.tessellation.invariance.outer_edge_index_independence.triangles_fractional_odd_spacing_cw	Pass	OK
dEQP-VK.tessellation.invariance.outer_edge_index_independence.triangles_fractional_odd_spacing_cw_point_mode	Pass	OK
dEQP-VK.tessellation.invariance.outer_edge_symmetry.isolines_equal_spacing_ccw	Pass	OK
dEQP-VK.tessellation.invariance.outer_edge_symmetry.isolines_equal_spacing_ccw_point_mode	Pass	OK
dEQP-VK.tessellation.invariance.outer_edge_symmetry.isolines_equal_spacing_cw	Pass	OK
dEQP-VK.tessellation.invariance.outer_edge_symmetry.isolines_equal_spacing_cw_point_mode	Pass	OK
dEQP-VK.tessellation.invariance.outer_edge_symmetry.isolines_fractional_even_spacing_ccw	Pass	OK
dEQP-VK.tessellation.invariance.outer_edge_symmetry.isolines_fractional_even_spacing_ccw_point_mode	Pass	OK
dEQP-VK.tessellation.invariance.outer_edge_symmetry.isolines_fractional_even_spacing_cw	Pass	OK
dEQP-VK.tessellation.invariance.outer_edge_symmetry.isolines_fractional_even_spacing_cw_point_mode	Pass	OK
dEQP-VK.tessellation.invariance.outer_edge_symmetry.isolines_fractional_odd_spacing_ccw	Pass	OK
dEQP-VK.tessellation.invariance.outer_edge_symmetry.isolines_fractional_odd_spacing_ccw_point_mode	Pass	OK
dEQP-VK.tessellation.invariance.outer_edge_symmetry.isolines_fractional_odd_spacing_cw	Pass	OK
dEQP-VK.tessellation.invariance.outer_edge_symmetry.isolines_fractional_odd_spacing_cw_point_mode	Pass	OK
dEQP-VK.tessellation.invariance.outer_edge_symmetry.quads_equal_spacing_ccw	Pass	OK
dEQP-VK.tessellation.invariance.outer_edge_symmetry.quads_equal_spacing_ccw_point_mode	Pass	OK
dEQP-VK.tessellation.invariance.outer_edge_symmetry.quads_equal_spacing_cw	Pass	OK
dEQP-VK.tessellation.invariance.outer_edge_symmetry.quads_equal_spacing_cw_point_mode	Pass	OK
dEQP-VK.tessellation.invariance.outer_edge_symmetry.quads_fractional_even_spacing_ccw	Pass	OK
dEQP-VK.tessellation.invariance.outer_edge_symmetry.quads_fractional_even_spacing_ccw_point_mode	Pass	OK
dEQP-VK.tessellation.invariance.outer_edge_symmetry.quads_fractional_even_spacing_cw	Pass	OK
dEQP-VK.tessellation.invariance.outer_edge_symmetry.quads_fractional_even_spacing_cw_point_mode	Pass	OK
dEQP-VK.tessellation.invariance.outer_edge_symmetry.quads_fractional_odd_spacing_ccw	Pass	OK
dEQP-VK.tessellation.invariance.outer_edge_symmetry.quads_fractional_odd_spacing_ccw_point_mode	Pass	OK
dEQP-VK.tessellation.invariance.outer_edge_symmetry.quads_fractional_odd_spacing_cw	Pass	OK
dEQP-VK.tessellation.invariance.outer_edge_symmetry.quads_fractional_odd_spacing_cw_point_mode	Pass	OK
dEQP-VK.tessellation.invariance.outer_edge_symmetry.triangles_equal_spacing_ccw	Pass	OK
dEQP-VK.tessellation.invariance.outer_edge_symmetry.triangles_equal_spacing_ccw_point_mode	Pass	OK
dEQP-VK.tessellation.invariance.outer_edge_symmetry.triangles_equal_spacing_cw	Pass	OK
dEQP-VK.tessellation.invariance.outer_edge_symmetry.triangles_equal_spacing_cw_point_mode	Pass	OK
dEQP-VK.tessellation.invariance.outer_edge_symmetry.triangles_fractional_even_spacing_ccw	Pass	OK
dEQP-VK.tessellation.invariance.outer_edge_symmetry.triangles_fractional_even_spacing_ccw_point_mode	Pass	OK
dEQP-VK.tessellation.invariance.outer_edge_symmetry.triangles_fractional_even_spacing_cw	Pass	OK
dEQP-VK.tessellation.invariance.outer_edge_symmetry.triangles_fractional_even_spacing_cw_point_mode	Pass	OK
dEQP-VK.tessellation.invariance.outer_edge_symmetry.triangles_fractional_odd_spacing_ccw	Pass	OK
dEQP-VK.tessellation.invariance.outer_edge_symmetry.triangles_fractional_odd_spacing_ccw_point_mode	Pass	OK
dEQP-VK.tessellation.invariance.outer_edge_symmetry.triangles_fractional_odd_spacing_cw	Pass	OK
dEQP-VK.tessellation.invariance.outer_edge_symmetry.triangles_fractional_odd_spacing_cw_point_mode	Pass	OK
dEQP-VK.tessellation.invariance.outer_triangle_set.quads_equal_spacing	Pass	OK
dEQP-VK.tessellation.invariance.outer_triangle_set.quads_fractional_even_spacing	Pass	OK
dEQP-VK.tessellation.invariance.outer_triangle_set.quads_fractional_odd_spacing	Pass	OK
dEQP-VK.tessellation.invariance.outer_triangle_set.triangles_equal_spacing	Pass	OK
dEQP-VK.tessellation.invariance.outer_triangle_set.triangles_fractional_even_spacing	Pass	OK
dEQP-VK.tessellation.invariance.outer_triangle_set.triangles_fractional_odd_spacing	Pass	OK
dEQP-VK.tessellation.invariance.primitive_set.isolines_equal_spacing_ccw	Pass	OK
dEQP-VK.tessellation.invariance.primitive_set.isolines_equal_spacing_ccw_point_mode	Pass	OK
dEQP-VK.tessellation.invariance.primitive_set.isolines_equal_spacing_cw	Pass	OK
dEQP-VK.tessellation.invariance.primitive_set.isolines_equal_spacing_cw_point_mode	Pass	OK
dEQP-VK.tessellation.invariance.primitive_set.isolines_fractional_even_spacing_ccw	Pass	OK
dEQP-VK.tessellation.invariance.primitive_set.isolines_fractional_even_spacing_ccw_point_mode	Pass	OK
dEQP-VK.tessellation.invariance.primitive_set.isolines_fractional_even_spacing_cw	Pass	OK
dEQP-VK.tessellation.invariance.primitive_set.isolines_fractional_even_spacing_cw_point_mode	Pass	OK
dEQP-VK.tessellation.invariance.primitive_set.isolines_fractional_odd_spacing_ccw	Pass	OK
dEQP-VK.tessellation.invariance.primitive_set.isolines_fractional_odd_spacing_ccw_point_mode	Pass	OK
dEQP-VK.tessellation.invariance.primitive_set.isolines_fractional_odd_spacing_cw	Pass	OK
dEQP-VK.tessellation.invariance.primitive_set.isolines_fractional_odd_spacing_cw_point_mode	Pass	OK
dEQP-VK.tessellation.invariance.primitive_set.quads_equal_spacing_ccw	Pass	OK
dEQP-VK.tessellation.invariance.primitive_set.quads_equal_spacing_ccw_point_mode	Pass	OK
dEQP-VK.tessellation.invariance.primitive_set.quads_equal_spacing_cw	Pass	OK
dEQP-VK.tessellation.invariance.primitive_set.quads_equal_spacing_cw_point_mode	Pass	OK
dEQP-VK.tessellation.invariance.primitive_set.quads_fractional_even_spacing_ccw	Pass	OK
dEQP-VK.tessellation.invariance.primitive_set.quads_fractional_even_spacing_ccw_point_mode	Pass	OK
dEQP-VK.tessellation.invariance.primitive_set.quads_fractional_even_spacing_cw	Pass	OK
dEQP-VK.tessellation.invariance.primitive_set.quads_fractional_even_spacing_cw_point_mode	Pass	OK
dEQP-VK.tessellation.invariance.primitive_set.quads_fractional_odd_spacing_ccw	Pass	OK
dEQP-VK.tessellation.invariance.primitive_set.quads_fractional_odd_spacing_ccw_point_mode	Pass	OK
dEQP-VK.tessellation.invariance.primitive_set.quads_fractional_odd_spacing_cw	Pass	OK
dEQP-VK.tessellation.invariance.primitive_set.quads_fractional_odd_spacing_cw_point_mode	Pass	OK
dEQP-VK.tessellation.invariance.primitive_set.triangles_equal_spacing_ccw	Pass	OK
dEQP-VK.tessellation.invariance.primitive_set.triangles_equal_spacing_ccw_point_mode	Pass	OK
dEQP-VK.tessellation.invariance.primitive_set.triangles_equal_spacing_cw	Pass	OK
dEQP-VK.tessellation.invariance.primitive_set.triangles_equal_spacing_cw_point_mode	Pass	OK
dEQP-VK.tessellation.invariance.primitive_set.triangles_fractional_even_spacing_ccw	Pass	OK
dEQP-VK.tessellation.invariance.primitive_set.triangles_fractional_even_spacing_ccw_point_mode	Pass	OK
dEQP-VK.tessellation.invariance.primitive_set.triangles_fractional_even_spacing_cw	Pass	OK
dEQP-VK.tessellation.invariance.primitive_set.triangles_fractional_even_spacing_cw_point_mode	Pass	OK
dEQP-VK.tessellation.invariance.primitive_set.triangles_fractional_odd_spacing_ccw	Pass	OK
dEQP-VK.tessellation.invariance.primitive_set.triangles_fractional_odd_spacing_ccw_point_mode	Pass	OK
dEQP-VK.tessellation.invariance.primitive_set.triangles_fractional_odd_spacing_cw	Pass	OK
dEQP-VK.tessellation.invariance.primitive_set.triangles_fractional_odd_spacing_cw_point_mode	Pass	OK
dEQP-VK.tessellation.invariance.tess_coord_component_range.isolines_equal_spacing_ccw	Pass	OK
dEQP-VK.tessellation.invariance.tess_coord_component_range.isolines_equal_spacing_ccw_point_mode	Pass	OK
dEQP-VK.tessellation.invariance.tess_coord_component_range.isolines_equal_spacing_cw	Pass	OK
dEQP-VK.tessellation.invariance.tess_coord_component_range.isolines_equal_spacing_cw_point_mode	Pass	OK
dEQP-VK.tessellation.invariance.tess_coord_component_range.isolines_fractional_even_spacing_ccw	Pass	OK
dEQP-VK.tessellation.invariance.tess_coord_component_range.isolines_fractional_even_spacing_ccw_point_mode	Pass	OK
dEQP-VK.tessellation.invariance.tess_coord_component_range.isolines_fractional_even_spacing_cw	Pass	OK
dEQP-VK.tessellation.invariance.tess_coord_component_range.isolines_fractional_even_spacing_cw_point_mode	Pass	OK
dEQP-VK.tessellation.invariance.tess_coord_component_range.isolines_fractional_odd_spacing_ccw	Pass	OK
dEQP-VK.tessellation.invariance.tess_coord_component_range.isolines_fractional_odd_spacing_ccw_point_mode	Pass	OK
dEQP-VK.tessellation.invariance.tess_coord_component_range.isolines_fractional_odd_spacing_cw	Pass	OK
dEQP-VK.tessellation.invariance.tess_coord_component_range.isolines_fractional_odd_spacing_cw_point_mode	Pass	OK
dEQP-VK.tessellation.invariance.tess_coord_component_range.quads_equal_spacing_ccw	Pass	OK
dEQP-VK.tessellation.invariance.tess_coord_component_range.quads_equal_spacing_ccw_point_mode	Pass	OK
dEQP-VK.tessellation.invariance.tess_coord_component_range.quads_equal_spacing_cw	Pass	OK
dEQP-VK.tessellation.invariance.tess_coord_component_range.quads_equal_spacing_cw_point_mode	Pass	OK
dEQP-VK.tessellation.invariance.tess_coord_component_range.quads_fractional_even_spacing_ccw	Pass	OK
dEQP-VK.tessellation.invariance.tess_coord_component_range.quads_fractional_even_spacing_ccw_point_mode	Pass	OK
dEQP-VK.tessellation.invariance.tess_coord_component_range.quads_fractional_even_spacing_cw	Pass	OK
dEQP-VK.tessellation.invariance.tess_coord_component_range.quads_fractional_even_spacing_cw_point_mode	Pass	OK
dEQP-VK.tessellation.invariance.tess_coord_component_range.quads_fractional_odd_spacing_ccw	Pass	OK
dEQP-VK.tessellation.invariance.tess_coord_component_range.quads_fractional_odd_spacing_ccw_point_mode	Pass	OK
dEQP-VK.tessellation.invariance.tess_coord_component_range.quads_fractional_odd_spacing_cw	Pass	OK
dEQP-VK.tessellation.invariance.tess_coord_component_range.quads_fractional_odd_spacing_cw_point_mode	Pass	OK
dEQP-VK.tessellation.invariance.tess_coord_component_range.triangles_equal_spacing_ccw	Pass	OK
dEQP-VK.tessellation.invariance.tess_coord_component_range.triangles_equal_spacing_ccw_point_mode	Pass	OK
dEQP-VK.tessellation.invariance.tess_coord_component_range.triangles_equal_spacing_cw	Pass	OK
dEQP-VK.tessellation.invariance.tess_coord_component_range.triangles_equal_spacing_cw_point_mode	Pass	OK
dEQP-VK.tessellation.invariance.tess_coord_component_range.triangles_fractional_even_spacing_ccw	Pass	OK
dEQP-VK.tessellation.invariance.tess_coord_component_range.triangles_fractional_even_spacing_ccw_point_mode	Pass	OK
dEQP-VK.tessellation.invariance.tess_coord_component_range.triangles_fractional_even_spacing_cw	Pass	OK
dEQP-VK.tessellation.invariance.tess_coord_component_range.triangles_fractional_even_spacing_cw_point_mode	Pass	OK
dEQP-VK.tessellation.invariance.tess_coord_component_range.triangles_fractional_odd_spacing_ccw	Pass	OK
dEQP-VK.tessellation.invariance.tess_coord_component_range.triangles_fractional_odd_spacing_ccw_point_mode	Pass	OK
dEQP-VK.tessellation.invariance.tess_coord_component_range.triangles_fractional_odd_spacing_cw	Pass	OK
dEQP-VK.tessellation.invariance.tess_coord_component_range.triangles_fractional_odd_spacing_cw_point_mode	Pass	OK
dEQP-VK.tessellation.invariance.triangle_set.quads_equal_spacing	Pass	OK
dEQP-VK.tessellation.invariance.triangle_set.quads_fractional_even_spacing	Pass	OK
dEQP-VK.tessellation.invariance.triangle_set.quads_fractional_odd_spacing	Pass	OK
dEQP-VK.tessellation.invariance.triangle_set.triangles_equal_spacing	Pass	OK
dEQP-VK.tessellation.invariance.triangle_set.triangles_fractional_even_spacing	Pass	OK
dEQP-VK.tessellation.invariance.triangle_set.triangles_fractional_odd_spacing	Pass	OK
dEQP-VK.tessellation.primitive_discard.isolines_equal_spacing_ccw	Pass	OK
dEQP-VK.tessellation.primitive_discard.isolines_equal_spacing_ccw_point_mode	Pass	OK
dEQP-VK.tessellation.primitive_discard.isolines_equal_spacing_cw	Pass	OK
dEQP-VK.tessellation.primitive_discard.isolines_equal_spacing_cw_point_mode	Pass	OK
dEQP-VK.tessellation.primitive_discard.isolines_fractional_even_spacing_ccw	Pass	OK
dEQP-VK.tessellation.primitive_discard.isolines_fractional_even_spacing_ccw_point_mode	Pass	OK
dEQP-VK.tessellation.primitive_discard.isolines_fractional_even_spacing_cw	Pass	OK
dEQP-VK.tessellation.primitive_discard.isolines_fractional_even_spacing_cw_point_mode	Pass	OK
dEQP-VK.tessellation.primitive_discard.isolines_fractional_odd_spacing_ccw	Pass	OK
dEQP-VK.tessellation.primitive_discard.isolines_fractional_odd_spacing_ccw_point_mode	Pass	OK
dEQP-VK.tessellation.primitive_discard.isolines_fractional_odd_spacing_cw	Pass	OK
dEQP-VK.tessellation.primitive_discard.isolines_fractional_odd_spacing_cw_point_mode	Pass	OK
dEQP-VK.tessellation.primitive_discard.quads_equal_spacing_ccw	Pass	OK
dEQP-VK.tessellation.primitive_discard.quads_equal_spacing_ccw_point_mode	Pass	OK
dEQP-VK.tessellation.primitive_discard.quads_equal_spacing_cw	Pass	OK
dEQP-VK.tessellation.primitive_discard.quads_equal_spacing_cw_point_mode	Pass	OK
dEQP-VK.tessellation.primitive_discard.quads_fractional_even_spacing_ccw	Pass	OK
dEQP-VK.tessellation.primitive_discard.quads_fractional_even_spacing_ccw_point_mode	Pass	OK
dEQP-VK.tessellation.primitive_discard.quads_fractional_even_spacing_cw	Pass	OK
dEQP-VK.tessellation.primitive_discard.quads_fractional_even_spacing_cw_point_mode	Pass	OK
dEQP-VK.tessellation.primitive_discard.quads_fractional_odd_spacing_ccw	Pass	OK
dEQP-VK.tessellation.primitive_discard.quads_fractional_odd_spacing_ccw_point_mode	Pass	OK
dEQP-VK.tessellation.primitive_discard.quads_fractional_odd_spacing_ccw_point_mode_valid_levels	Pass	OK
dEQP-VK.tessellation.primitive_discard.quads_fractional_odd_spacing_ccw_valid_levels	Pass	OK
dEQP-VK.tessellation.primitive_discard.quads_fractional_odd_spacing_cw	Pass	OK
dEQP-VK.tessellation.primitive_discard.quads_fractional_odd_spacing_cw_point_mode	Pass	OK
dEQP-VK.tessellation.primitive_discard.quads_fractional_odd_spacing_cw_point_mode_valid_levels	Pass	OK
dEQP-VK.tessellation.primitive_discard.quads_fractional_odd_spacing_cw_valid_levels	Pass	OK
dEQP-VK.tessellation.primitive_discard.triangles_equal_spacing_ccw	Pass	OK
dEQP-VK.tessellation.primitive_discard.triangles_equal_spacing_ccw_point_mode	Pass	OK
dEQP-VK.tessellation.primitive_discard.triangles_equal_spacing_cw	Pass	OK
dEQP-VK.tessellation.primitive_discard.triangles_equal_spacing_cw_point_mode	Pass	OK
dEQP-VK.tessellation.primitive_discard.triangles_fractional_even_spacing_ccw	Pass	OK
dEQP-VK.tessellation.primitive_discard.triangles_fractional_even_spacing_ccw_point_mode	Pass	OK
dEQP-VK.tessellation.primitive_discard.triangles_fractional_even_spacing_cw	Pass	OK
dEQP-VK.tessellation.primitive_discard.triangles_fractional_even_spacing_cw_point_mode	Pass	OK
dEQP-VK.tessellation.primitive_discard.triangles_fractional_odd_spacing_ccw	Pass	OK
dEQP-VK.tessellation.primitive_discard.triangles_fractional_odd_spacing_ccw_point_mode	Pass	OK
dEQP-VK.tessellation.primitive_discard.triangles_fractional_odd_spacing_ccw_point_mode_valid_levels	Pass	OK
dEQP-VK.tessellation.primitive_discard.triangles_fractional_odd_spacing_ccw_valid_levels	Pass	OK
dEQP-VK.tessellation.primitive_discard.triangles_fractional_odd_spacing_cw	Pass	OK
dEQP-VK.tessellation.primitive_discard.triangles_fractional_odd_spacing_cw_point_mode	Pass	OK
dEQP-VK.tessellation.primitive_discard.triangles_fractional_odd_spacing_cw_point_mode_valid_levels	Pass	OK
dEQP-VK.tessellation.primitive_discard.triangles_fractional_odd_spacing_cw_valid_levels	Pass	OK
dEQP-VK.tessellation.tesscoord.isolines_equal_spacing	Pass	OK
dEQP-VK.tessellation.tesscoord.isolines_equal_spacing_execution_mode_in_tesc	Pass	OK
dEQP-VK.tessellation.tesscoord.isolines_fractional_even_spacing	Pass	OK
dEQP-VK.tessellation.tesscoord.isolines_fractional_even_spacing_execution_mode_in_tesc	Pass	OK
dEQP-VK.tessellation.tesscoord.isolines_fractional_odd_spacing	Pass	OK
dEQP-VK.tessellation.tesscoord.isolines_fractional_odd_spacing_execution_mode_in_tesc	Pass	OK
dEQP-VK.tessellation.tesscoord.quads_equal_spacing	Pass	OK
dEQP-VK.tessellation.tesscoord.quads_equal_spacing_execution_mode_in_tesc	Pass	OK
dEQP-VK.tessellation.tesscoord.quads_fractional_even_spacing	Pass	OK
dEQP-VK.tessellation.tesscoord.quads_fractional_even_spacing_execution_mode_in_tesc	Pass	OK
dEQP-VK.tessellation.tesscoord.quads_fractional_odd_spacing	Pass	OK
dEQP-VK.tessellation.tesscoord.quads_fractional_odd_spacing_execution_mode_in_tesc	Pass	OK
dEQP-VK.tessellation.tesscoord.triangles_equal_spacing	Pass	OK
dEQP-VK.tessellation.tesscoord.triangles_equal_spacing_execution_mode_in_tesc	Pass	OK
dEQP-VK.tessellation.tesscoord.triangles_fractional_even_spacing	Pass	OK
dEQP-VK.tessellation.tesscoord.triangles_fractional_even_spacing_execution_mode_in_tesc	Pass	OK
dEQP-VK.tessellation.tesscoord.triangles_fractional_odd_spacing	Pass	OK
dEQP-VK.tessellation.tesscoord.triangles_fractional_odd_spacing_execution_mode_in_tesc	Pass	OK
dEQP-VK.tessellation.user_defined_io.per_patch.vertex_io_array_size_implicit.isolines	Pass	OK
dEQP-VK.tessellation.user_defined_io.per_patch.vertex_io_array_size_implicit.quads	Pass	OK
dEQP-VK.tessellation.user_defined_io.per_patch.vertex_io_array_size_implicit.triangles	Pass	OK
dEQP-VK.tessellation.user_defined_io.per_patch.vertex_io_array_size_shader_builtin.isolines	Pass	OK
dEQP-VK.tessellation.user_defined_io.per_patch.vertex_io_array_size_shader_builtin.quads	Pass	OK
dEQP-VK.tessellation.user_defined_io.per_patch.vertex_io_array_size_shader_builtin.triangles	Pass	OK
dEQP-VK.tessellation.user_defined_io.per_patch.vertex_io_array_size_spec_min.isolines	Pass	OK
dEQP-VK.tessellation.user_defined_io.per_patch.vertex_io_array_size_spec_min.quads	Pass	OK
dEQP-VK.tessellation.user_defined_io.per_patch.vertex_io_array_size_spec_min.triangles	Pass	OK
dEQP-VK.tessellation.user_defined_io.per_patch_array.vertex_io_array_size_implicit.isolines	Pass	OK
dEQP-VK.tessellation.user_defined_io.per_patch_array.vertex_io_array_size_implicit.quads	Pass	OK
dEQP-VK.tessellation.user_defined_io.per_patch_array.vertex_io_array_size_implicit.triangles	Pass	OK
dEQP-VK.tessellation.user_defined_io.per_patch_array.vertex_io_array_size_shader_builtin.isolines	Pass	OK
dEQP-VK.tessellation.user_defined_io.per_patch_array.vertex_io_array_size_shader_builtin.quads	Pass	OK
dEQP-VK.tessellation.user_defined_io.per_patch_array.vertex_io_array_size_shader_builtin.triangles	Pass	OK
dEQP-VK.tessellation.user_defined_io.per_patch_array.vertex_io_array_size_spec_min.isolines	Pass	OK
dEQP-VK.tessellation.user_defined_io.per_patch_array.vertex_io_array_size_spec_min.quads	Pass	OK
dEQP-VK.tessellation.user_defined_io.per_patch_array.vertex_io_array_size_spec_min.triangles	Pass	OK
dEQP-VK.tessellation.user_defined_io.per_patch_block.vertex_io_array_size_implicit.isolines	Pass	OK
dEQP-VK.tessellation.user_defined_io.per_patch_block.vertex_io_array_size_implicit.quads	Pass	OK
dEQP-VK.tessellation.user_defined_io.per_patch_block.vertex_io_array_size_implicit.triangles	Pass	OK
dEQP-VK.tessellation.user_defined_io.per_patch_block.vertex_io_array_size_shader_builtin.isolines	Pass	OK
dEQP-VK.tessellation.user_defined_io.per_patch_block.vertex_io_array_size_shader_builtin.quads	Pass	OK
dEQP-VK.tessellation.user_defined_io.per_patch_block.vertex_io_array_size_shader_builtin.triangles	Pass	OK
dEQP-VK.tessellation.user_defined_io.per_patch_block.vertex_io_array_size_spec_min.isolines	Pass	OK
dEQP-VK.tessellation.user_defined_io.per_patch_block.vertex_io_array_size_spec_min.quads	Pass	OK
dEQP-VK.tessellation.user_defined_io.per_patch_block.vertex_io_array_size_spec_min.triangles	Pass	OK
dEQP-VK.tessellation.user_defined_io.per_patch_block_array.vertex_io_array_size_implicit.isolines	Pass	OK
dEQP-VK.tessellation.user_defined_io.per_patch_block_array.vertex_io_array_size_implicit.quads	Pass	OK
dEQP-VK.tessellation.user_defined_io.per_patch_block_array.vertex_io_array_size_implicit.triangles	Pass	OK
dEQP-VK.tessellation.user_defined_io.per_patch_block_array.vertex_io_array_size_shader_builtin.isolines	Pass	OK
dEQP-VK.tessellation.user_defined_io.per_patch_block_array.vertex_io_array_size_shader_builtin.quads	Pass	OK
dEQP-VK.tessellation.user_defined_io.per_patch_block_array.vertex_io_array_size_shader_builtin.triangles	Pass	OK
dEQP-VK.tessellation.user_defined_io.per_patch_block_array.vertex_io_array_size_spec_min.isolines	Pass	OK
dEQP-VK.tessellation.user_defined_io.per_patch_block_array.vertex_io_array_size_spec_min.quads	Pass	OK
dEQP-VK.tessellation.user_defined_io.per_patch_block_array.vertex_io_array_size_spec_min.triangles	Pass	OK
dEQP-VK.tessellation.user_defined_io.per_vertex.vertex_io_array_size_implicit.isolines	Pass	OK
dEQP-VK.tessellation.user_defined_io.per_vertex.vertex_io_array_size_implicit.quads	Pass	OK
dEQP-VK.tessellation.user_defined_io.per_vertex.vertex_io_array_size_implicit.triangles	Pass	OK
dEQP-VK.tessellation.user_defined_io.per_vertex.vertex_io_array_size_shader_builtin.isolines	Pass	OK
dEQP-VK.tessellation.user_defined_io.per_vertex.vertex_io_array_size_shader_builtin.quads	Pass	OK
dEQP-VK.tessellation.user_defined_io.per_vertex.vertex_io_array_size_shader_builtin.triangles	Pass	OK
dEQP-VK.geometry.basic.side_effect_with_condition	Pass	Pass
dEQP-VK.geometry.basic.side_effect_with_degenerate	Pass	Pass
dEQP-VK.tessellation.misc_draw.tess_factor_barrier_bug	Pass	Pass
dEQP-VK.tessellation.user_defined_io.per_vertex.vertex_io_array_size_spec_min.isolines	Pass	OK
dEQP-VK.tessellation.user_defined_io.per_vertex.vertex_io_array_size_spec_min.quads	Pass	OK
dEQP-VK.tessellation.user_defined_io.per_vertex.vertex_io_array_size_spec_min.triangles	Pass	OK
dEQP-VK.tessellation.user_defined_io.per_vertex_block.vertex_io_array_size_implicit.isolines	Pass	OK
dEQP-VK.tessellation.user_defined_io.per_vertex_block.vertex_io_array_size_implicit.quads	Pass	OK
dEQP-VK.tessellation.user_defined_io.per_vertex_block.vertex_io_array_size_implicit.triangles	Pass	OK
dEQP-VK.tessellation.user_defined_io.per_vertex_block.vertex_io_array_size_shader_builtin.isolines	Pass	OK
dEQP-VK.tessellation.user_defined_io.per_vertex_block.vertex_io_array_size_shader_builtin.quads	Pass	OK
dEQP-VK.tessellation.user_defined_io.per_vertex_block.vertex_io_array_size_shader_builtin.triangles	Pass	OK
dEQP-VK.tessellation.user_defined_io.per_vertex_block.vertex_io_array_size_spec_min.isolines	Pass	OK
dEQP-VK.tessellation.user_defined_io.per_vertex_block.vertex_io_array_size_spec_min.quads	Pass	OK
dEQP-VK.tessellation.user_defined_io.per_vertex_block.vertex_io_array_size_spec_min.triangles	Pass	OK
